,Date,Open,High,Low,Close,Volume,ROE,PER,PBR
0,2014-01-02,37100,37350,35550,35550,4503101,27,8.2,1.9
1,2014-01-03,35700,36450,35600,36300,3866819,27,8.2,1.9
2,2014-01-06,36400,37700,36350,37650,5489696,27,8.2,1.9
3,2014-01-07,37350,37950,37200,37800,3365854,27,8.2,1.9
4,2014-01-08,38550,39100,38150,39000,6541929,27,8.2,1.9
5,2014-01-09,39150,39250,38500,38850,4456686,27,8.2,1.9
6,2014-01-10,38450,38700,37700,38500,4661839,27,8.2,1.9
7,2014-01-13,38350,39000,38150,38150,2173830,27,8.2,1.9
8,2014-01-14,37750,38400,37350,38400,2373406,27,8.2,1.9
9,2014-01-15,38700,38750,36450,36650,11312073,27,8.2,1.9
10,2014-01-16,36900,37000,36050,36550,5058860,27,8.2,1.9
11,2014-01-17,36600,36850,36000,36000,3390054,27,8.2,1.9
12,2014-01-20,36050,36850,36050,36850,3038514,27,8.2,1.9
13,2014-01-21,36950,37100,36400,36400,2458095,27,8.2,1.9
14,2014-01-22,36100,36350,35000,36300,8866139,27,8.2,1.9
15,2014-01-23,36300,36650,35400,35400,5413166,27,8.2,1.9
16,2014-01-24,35350,36150,35350,35900,4696232,27,8.2,1.9
17,2014-01-27,35100,35550,35000,35250,3810292,27,8.2,1.9
18,2014-01-28,35550,36800,35250,36800,5134501,27,8.2,1.9
19,2014-01-29,37100,37900,37000,37850,5768140,27,8.2,1.9
20,2014-02-03,37500,38200,37450,37950,3258954,27,8.2,1.9
21,2014-02-04,37350,37400,36500,36500,5123321,27,8.2,1.9
22,2014-02-05,36900,37000,36000,36650,3722340,27,8.2,1.9
23,2014-02-06,37050,38600,37000,38600,6520048,27,8.2,1.9
24,2014-02-07,39300,39500,38900,39300,6263133,27,8.2,1.9
25,2014-02-10,39400,39950,39000,39000,2749618,27,8.2,1.9
26,2014-02-11,39200,39600,38950,39000,1922133,27,8.2,1.9
27,2014-02-12,39600,39850,39200,39850,3365602,27,8.2,1.9
28,2014-02-13,39850,40200,39700,39900,3408592,27,8.2,1.9
29,2014-02-14,39950,40100,39000,39050,3144548,27,8.2,1.9
30,2014-02-17,39450,39700,38400,38700,3462266,27,8.2,1.9
31,2014-02-18,38800,39000,38550,38800,1740161,27,8.2,1.9
32,2014-02-19,38650,39400,38500,39150,2779561,27,8.2,1.9
33,2014-02-20,39400,39650,38700,38800,2634888,27,8.2,1.9
34,2014-02-21,39250,39700,39050,39300,3222452,27,8.2,1.9
35,2014-02-24,39100,39350,38700,38850,1853563,27,8.2,1.9
36,2014-02-25,39000,39100,37850,38650,5377950,27,8.2,1.9
37,2014-02-26,38500,39700,38450,39250,3372770,27,8.2,1.9
38,2014-02-27,39650,39650,39100,39500,2537038,27,8.2,1.9
39,2014-02-28,39700,39700,38550,38750,3571285,27,8.2,1.9
40,2014-03-03,38300,38950,38200,38950,2334413,27,8.2,1.9
41,2014-03-04,38600,39050,38550,38950,1659174,27,8.2,1.9
42,2014-03-05,39600,39600,39200,39450,2287413,27,8.2,1.9
43,2014-03-06,39450,39450,38900,39100,1894702,27,8.2,1.9
44,2014-03-07,39300,39350,38300,38550,3360351,27,8.2,1.9
45,2014-03-10,38350,38650,37650,37700,3290391,27,8.2,1.9
46,2014-03-11,37700,38200,37650,37750,2570762,27,8.2,1.9
47,2014-03-12,37550,38050,37350,37400,3136809,27,8.2,1.9
48,2014-03-13,37800,38600,37700,38050,2831772,27,8.2,1.9
49,2014-03-14,37550,38300,37000,37950,4047773,27,8.2,1.9
50,2014-03-17,37400,37450,36600,36700,4053729,27,8.2,1.9
51,2014-03-18,37200,37400,36350,36350,4067115,27,8.2,1.9
52,2014-03-19,36850,37150,36550,37000,3174111,27,8.2,1.9
53,2014-03-20,36900,37400,36700,36950,1966739,27,8.2,1.9
54,2014-03-21,37400,38750,37400,38700,4027721,27,8.2,1.9
55,2014-03-24,38750,38800,38000,38150,2911594,27,8.2,1.9
56,2014-03-25,38250,38300,37500,37600,2484259,27,8.2,1.9
57,2014-03-26,38100,38400,37650,38400,2520441,27,8.2,1.9
58,2014-03-27,38050,38400,37550,37700,2539853,27,8.2,1.9
59,2014-03-28,37850,37900,37000,37050,3497637,27,8.2,1.9
60,2014-03-31,37000,37100,35550,36000,8110589,27,8.2,1.9
61,2014-04-01,36650,37100,36600,37000,4963237,27,8.2,1.9
62,2014-04-02,37450,37700,36800,37050,3128863,27,8.2,1.9
63,2014-04-03,37300,37350,36500,36550,2239712,27,8.2,1.9
64,2014-04-04,36750,37250,36600,37250,3042845,27,8.2,1.9
65,2014-04-07,36800,37000,36500,37000,2614349,27,8.2,1.9
66,2014-04-08,36650,37200,36650,36750,2287296,27,8.2,1.9
67,2014-04-09,36900,37700,36850,37650,2781992,27,8.2,1.9
68,2014-04-10,37600,37850,37400,37700,1940111,27,8.2,1.9
69,2014-04-11,37450,37600,36850,37050,2678811,27,8.2,1.9
70,2014-04-14,37100,37250,36900,36900,1769488,27,8.2,1.9
71,2014-04-15,37450,37950,37150,37400,2511655,27,8.2,1.9
72,2014-04-16,37750,37900,37550,37650,2279437,27,8.2,1.9
73,2014-04-17,38050,38300,37850,38050,2518569,27,8.2,1.9
74,2014-04-18,39400,39550,38900,39200,6226765,27,8.2,1.9
75,2014-04-21,39300,39500,39000,39400,2012021,27,8.2,1.9
76,2014-04-22,39900,40050,39750,39800,4429639,27,8.2,1.9
77,2014-04-23,40200,40850,40050,40750,6302966,27,8.2,1.9
78,2014-04-24,40850,40900,40150,40900,4202633,27,8.2,1.9
79,2014-04-25,41100,41350,40650,40750,6413507,27,8.2,1.9
80,2014-04-28,40450,40800,39900,40500,2962593,27,8.2,1.9
81,2014-04-29,40250,40500,39600,39700,2864162,27,8.2,1.9
82,2014-04-30,39700,40300,39650,40150,2280636,27,8.2,1.9
83,2014-05-02,41200,41350,40550,40650,3374051,27,8.2,1.9
84,2014-05-07,41000,41350,40900,41100,2617891,27,8.2,1.9
85,2014-05-08,41450,41450,40550,40650,2228813,27,8.2,1.9
86,2014-05-09,40950,41200,40250,41150,2286422,27,8.2,1.9
87,2014-05-12,40900,41600,40900,41400,2028310,27,8.2,1.9
88,2014-05-13,41850,42000,41700,41700,2671855,27,8.2,1.9
89,2014-05-14,42200,42200,41750,42100,2857522,27,8.2,1.9
90,2014-05-15,41850,42100,41600,42000,2002289,27,8.2,1.9
91,2014-05-16,42000,42300,41800,42250,1793135,27,8.2,1.9
92,2014-05-19,42000,42150,40750,40900,3868734,27,8.2,1.9
93,2014-05-20,41100,42000,41100,42000,3173904,27,8.2,1.9
94,2014-05-21,41950,42250,41650,41900,2044792,27,8.2,1.9
95,2014-05-22,42400,42750,42150,42400,2314558,27,8.2,1.9
96,2014-05-23,42300,42500,41950,42350,2091017,27,8.2,1.9
97,2014-05-26,42600,42750,42350,42400,1337761,27,8.2,1.9
98,2014-05-27,42600,42650,42050,42200,1206673,27,8.2,1.9
99,2014-05-28,42750,42750,42400,42600,2267797,27,8.2,1.9
100,2014-05-29,42700,42900,42450,42600,2788250,27,8.2,1.9
101,2014-05-30,42600,44150,42600,44150,5719933,27,8.2,1.9
102,2014-06-02,44200,45200,44150,44700,2594762,27,8.2,1.9
103,2014-06-03,44250,45050,44000,44650,2452555,27,8.2,1.9
104,2014-06-05,45300,46450,44850,46450,3867206,27,8.2,1.9
105,2014-06-09,47000,47450,46000,46100,4008341,27,8.2,1.9
106,2014-06-10,46600,47350,46500,47350,2173265,27,8.2,1.9
107,2014-06-11,47550,47950,46750,47000,2699834,27,8.2,1.9
108,2014-06-12,48000,48450,46850,47400,3533745,27,8.2,1.9
109,2014-06-13,47000,47200,46400,47050,2038552,27,8.2,1.9
110,2014-06-16,46600,48550,46400,48350,2328428,27,8.2,1.9
111,2014-06-17,49000,49850,48850,49350,3064765,27,8.2,1.9
112,2014-06-18,49400,49700,48850,49000,8540327,27,8.2,1.9
113,2014-06-19,49850,50700,49700,50700,3832975,27,8.2,1.9
114,2014-06-20,50900,50900,49100,49400,7739475,27,8.2,1.9
115,2014-06-23,49250,49700,48250,48900,3331587,27,8.2,1.9
116,2014-06-24,49000,50300,48950,50300,3486605,27,8.2,1.9
117,2014-06-25,50200,50900,49600,49800,2370023,27,8.2,1.9
118,2014-06-26,50300,50600,48050,48750,4329921,27,8.2,1.9
119,2014-06-27,48350,48500,47500,47500,4132822,27,8.2,1.9
120,2014-06-30,47900,48750,47850,48550,3033278,27,8.2,1.9
121,2014-07-01,49450,49450,48400,48450,2661236,27,8.2,1.9
122,2014-07-02,49150,50500,49000,50400,4295212,27,8.2,1.9
123,2014-07-03,50700,51000,50200,50900,2679502,27,8.2,1.9
124,2014-07-04,51000,51000,49550,50400,2256886,27,8.2,1.9
125,2014-07-07,50400,51700,49900,51600,2222399,27,8.2,1.9
126,2014-07-08,51300,52000,51100,51900,2207233,27,8.2,1.9
127,2014-07-09,51500,51500,49600,49750,4902932,27,8.2,1.9
128,2014-07-10,49750,50300,49300,49300,2652157,27,8.2,1.9
129,2014-07-11,48950,49250,48350,48950,2438265,27,8.2,1.9
130,2014-07-14,49250,50200,49100,49350,2127881,27,8.2,1.9
131,2014-07-15,50300,50400,49550,49750,1757915,27,8.2,1.9
132,2014-07-16,50000,51000,49900,51000,2314317,27,8.2,1.9
133,2014-07-17,51600,52400,51300,51500,3615315,27,8.2,1.9
134,2014-07-18,50200,51100,49900,50800,2334689,27,8.2,1.9
135,2014-07-21,51300,51700,50300,50500,1627408,27,8.2,1.9
136,2014-07-22,50100,51000,49650,51000,2319621,27,8.2,1.9
137,2014-07-23,50900,51000,49400,49450,2861486,27,8.2,1.9
138,2014-07-24,49650,49700,47450,47550,7777210,27,8.2,1.9
139,2014-07-25,47800,48300,47200,47500,4385822,27,8.2,1.9
140,2014-07-28,47450,47950,46400,46550,5195081,27,8.2,1.9
141,2014-07-29,45200,45700,44400,44400,8507170,27,8.2,1.9
142,2014-07-30,45000,46750,45000,46750,6237617,27,8.2,1.9
143,2014-07-31,46050,46500,45100,45450,5587330,27,8.2,1.9
144,2014-08-01,44100,46400,44000,46300,5318497,27,8.2,1.9
145,2014-08-04,46400,47900,46350,47850,3226358,27,8.2,1.9
146,2014-08-05,48250,48300,46500,47300,3424229,27,8.2,1.9
147,2014-08-06,46750,46800,45050,45400,14682581,27,8.2,1.9
148,2014-08-07,45700,46100,44650,45200,3846213,27,8.2,1.9
149,2014-08-08,44500,45000,43500,44200,6182189,27,8.2,1.9
150,2014-08-11,44900,45550,44500,45000,3098675,27,8.2,1.9
151,2014-08-12,45000,45150,43050,43250,5457423,27,8.2,1.9
152,2014-08-13,43600,44450,43500,43900,3848799,27,8.2,1.9
153,2014-08-14,44500,44800,43200,43550,3825576,27,8.2,1.9
154,2014-08-18,44400,44400,43650,43850,2842982,27,8.2,1.9
155,2014-08-19,44250,44550,43800,43800,3046890,27,8.2,1.9
156,2014-08-20,44150,45350,44100,45350,3912499,27,8.2,1.9
157,2014-08-21,45800,46350,45400,45850,4749347,27,8.2,1.9
158,2014-08-22,46700,46750,45350,45950,2874325,27,8.2,1.9
159,2014-08-25,45850,47300,45700,47150,3083363,27,8.2,1.9
160,2014-08-26,47150,47300,46550,46700,2110839,27,8.2,1.9
161,2014-08-27,46700,47000,45150,45350,3858033,27,8.2,1.9
162,2014-08-28,45600,45650,44400,45600,3705945,27,8.2,1.9
163,2014-08-29,45100,45700,45000,45400,2167684,27,8.2,1.9
164,2014-09-01,45700,45800,44500,44500,1892686,27,8.2,1.9
165,2014-09-02,44700,44950,43850,44050,2171185,27,8.2,1.9
166,2014-09-03,43450,43750,41700,41800,8149751,27,8.2,1.9
167,2014-09-04,42450,42850,41950,42050,3744556,27,8.2,1.9
168,2014-09-05,42600,43300,42500,43200,3074526,27,8.2,1.9
169,2014-09-11,45700,45700,43850,43850,5791277,27,8.2,1.9
170,2014-09-12,44200,44550,44050,44500,1445681,27,8.2,1.9
171,2014-09-15,44300,44400,42800,42800,2371058,27,8.2,1.9
172,2014-09-16,42300,43600,42300,43500,2247094,27,8.2,1.9
173,2014-09-17,43850,44450,43650,44100,2721126,27,8.2,1.9
174,2014-09-18,43800,44100,42800,42900,1766197,27,8.2,1.9
175,2014-09-19,43400,44200,43200,44000,2586406,27,8.2,1.9
176,2014-09-22,43550,43700,42850,43250,1476639,27,8.2,1.9
177,2014-09-23,42900,43550,42500,42500,2203104,27,8.2,1.9
178,2014-09-24,42550,44400,42500,44200,3922847,27,8.2,1.9
179,2014-09-25,44400,45450,44350,44600,3632706,27,8.2,1.9
180,2014-09-26,44500,45800,44300,45600,3154902,27,8.2,1.9
181,2014-09-29,46500,47450,46350,47150,4912552,27,8.2,1.9
182,2014-09-30,46900,47300,46250,46750,3038001,27,8.2,1.9
183,2014-10-01,46750,47200,46000,46400,2482308,27,8.2,1.9
184,2014-10-02,46000,47300,45700,47100,2952839,27,8.2,1.9
185,2014-10-06,47850,47850,43250,44700,7288648,27,8.2,1.9
186,2014-10-07,44500,45350,42950,44700,5680210,27,8.2,1.9
187,2014-10-08,44500,44850,43600,44150,2053318,27,8.2,1.9
188,2014-10-10,42050,42950,41850,42200,4630979,27,8.2,1.9
189,2014-10-13,40350,42150,40300,41700,4361715,27,8.2,1.9
190,2014-10-14,41750,43450,41550,43300,2953492,27,8.2,1.9
191,2014-10-15,43200,44000,43000,43400,2372222,27,8.2,1.9
192,2014-10-16,43500,45200,43450,45100,3553225,27,8.2,1.9
193,2014-10-17,45000,45750,43650,44100,2900418,27,8.2,1.9
194,2014-10-20,44100,45050,43550,44900,1788929,27,8.2,1.9
195,2014-10-21,45050,46000,44650,45250,2147556,27,8.2,1.9
196,2014-10-22,46250,46700,45900,46300,2420313,27,8.2,1.9
197,2014-10-23,46300,46800,45500,45500,1829919,27,8.2,1.9
198,2014-10-24,46450,46500,45050,45300,2214244,27,8.2,1.9
199,2014-10-27,45800,45900,44400,44600,1722449,27,8.2,1.9
200,2014-10-28,45150,46100,45000,46000,2907131,27,8.2,1.9
201,2014-10-29,46350,47000,45800,47000,2638547,27,8.2,1.9
202,2014-10-30,47300,47450,46400,47200,2924313,27,8.2,1.9
203,2014-10-31,47550,47550,46900,47450,2577692,27,8.2,1.9
204,2014-11-03,48000,48250,47600,48050,2388430,27,8.2,1.9
205,2014-11-04,48300,48300,47000,47450,1888587,27,8.2,1.9
206,2014-11-05,47850,47950,46900,47200,1617220,27,8.2,1.9
207,2014-11-06,47750,48200,47550,47950,1555748,27,8.2,1.9
208,2014-11-07,47950,47950,47000,47400,1624430,27,8.2,1.9
209,2014-11-10,47500,48100,47450,47550,1583801,27,8.2,1.9
210,2014-11-11,48000,48000,47200,47600,1558513,27,8.2,1.9
211,2014-11-12,47900,48300,47300,48100,1960104,27,8.2,1.9
212,2014-11-13,48350,48350,47600,48100,1421799,27,8.2,1.9
213,2014-11-14,48500,49200,47900,49200,2592089,27,8.2,1.9
214,2014-11-17,49200,49350,45700,45900,5493082,27,8.2,1.9
215,2014-11-18,46500,47150,46000,46400,2798997,27,8.2,1.9
216,2014-11-19,47400,47500,46900,47150,1813849,27,8.2,1.9
217,2014-11-20,47000,47350,46700,47250,1104697,27,8.2,1.9
218,2014-11-21,47450,47500,46000,46450,1839020,27,8.2,1.9
219,2014-11-24,47250,47300,46800,47100,1416719,27,8.2,1.9
220,2014-11-25,48400,48800,47800,48500,2680733,27,8.2,1.9
221,2014-11-26,48600,48700,48100,48600,914772,27,8.2,1.9
222,2014-11-27,48700,48700,47650,47850,1558962,27,8.2,1.9
223,2014-11-28,48050,48600,47700,48050,1131555,27,8.2,1.9
224,2014-12-01,48050,48500,47800,47950,1444205,27,8.2,1.9
225,2014-12-02,47850,48000,47300,47700,1417999,27,8.2,1.9
226,2014-12-03,48300,48500,47750,48050,1199173,27,8.2,1.9
227,2014-12-04,48600,48800,48150,48700,1438113,27,8.2,1.9
228,2014-12-05,48800,49150,48100,48350,1335134,27,8.2,1.9
229,2014-12-08,49000,49200,48500,48650,2243336,27,8.2,1.9
230,2014-12-09,48800,49950,48550,49450,2775375,27,8.2,1.9
231,2014-12-10,49100,49600,48550,48850,1590462,27,8.2,1.9
232,2014-12-11,48300,48400,47100,47200,2702767,27,8.2,1.9
233,2014-12-12,47300,47700,47000,47550,1602103,27,8.2,1.9
234,2014-12-15,47100,47850,46950,47650,1182288,27,8.2,1.9
235,2014-12-16,47150,47300,45900,46500,2486899,27,8.2,1.9
236,2014-12-17,46500,47150,46500,46700,1652948,27,8.2,1.9
237,2014-12-18,47600,47700,47000,47700,1542575,27,8.2,1.9
238,2014-12-19,48500,48900,48300,48500,1910410,27,8.2,1.9
239,2014-12-22,48000,48500,47100,48250,1159184,27,8.2,1.9
240,2014-12-23,48050,48500,47300,47450,1169038,27,8.2,1.9
241,2014-12-24,47100,47850,47100,47800,842562,27,8.2,1.9
242,2014-12-26,47600,47800,47000,47000,1474213,27,8.2,1.9
243,2014-12-29,47100,48500,47000,48050,1750952,27,8.2,1.9
244,2014-12-30,48300,48500,47500,47750,1159390,27,8.2,1.9
245,2015-01-02,47950,48400,47650,47750,1155944,10.21,11.46,1
246,2015-01-05,48050,48400,47500,47650,1409146,10.21,11.46,1
247,2015-01-06,47000,47600,46900,47500,1661196,10.21,11.46,1
248,2015-01-07,46700,47600,46700,47400,1821266,10.21,11.46,1
249,2015-01-08,48250,50000,47900,49950,5006675,10.21,11.46,1
250,2015-01-09,50700,51400,49700,49700,3313929,10.21,11.46,1
251,2015-01-12,50000,50500,49450,50300,1709997,10.21,11.46,1
252,2015-01-13,48500,49650,48500,49000,3047952,10.21,11.46,1
253,2015-01-14,48900,49850,48850,48900,2241954,10.21,11.46,1
254,2015-01-15,48900,49500,48850,49500,1468474,10.21,11.46,1
255,2015-01-16,48450,48900,47250,47450,4820176,10.21,11.46,1
256,2015-01-19,47500,47950,46800,47000,3180759,10.21,11.46,1
257,2015-01-20,47250,47650,46800,47050,2211331,10.21,11.46,1
258,2015-01-21,47500,48200,47400,48050,2156709,10.21,11.46,1
259,2015-01-22,48100,48450,47000,47000,2905955,10.21,11.46,1
260,2015-01-23,47600,47750,47200,47500,1572903,10.21,11.46,1
261,2015-01-26,47250,48300,47000,48250,1410144,10.21,11.46,1
262,2015-01-27,49350,49350,48800,49150,2292330,10.21,11.46,1
263,2015-01-28,49150,49300,48200,49200,2333159,10.21,11.46,1
264,2015-01-29,48500,49200,47300,47400,5020783,10.21,11.46,1
265,2015-01-30,48000,48000,47300,47650,2743159,10.21,11.46,1
266,2015-02-02,47300,47600,46350,46600,3258140,10.21,11.46,1
267,2015-02-03,46450,47450,46450,46700,2513399,10.21,11.46,1
268,2015-02-04,47400,47450,47000,47300,1823018,10.21,11.46,1
269,2015-02-05,47300,47400,46300,47150,1984849,10.21,11.46,1
270,2015-02-06,47100,47200,45200,45500,4547785,10.21,11.46,1
271,2015-02-09,45300,45950,45000,45200,2741040,10.21,11.46,1
272,2015-02-10,45250,45800,45050,45150,2254222,10.21,11.46,1
273,2015-02-11,45900,47050,45650,46850,3231887,10.21,11.46,1
274,2015-02-12,47450,47500,46600,46650,1903965,10.21,11.46,1
275,2015-02-13,47000,47450,46750,47050,1354556,10.21,11.46,1
276,2015-02-16,47550,47550,47200,47500,1534022,10.21,11.46,1
277,2015-02-17,47350,47450,46300,46450,1677139,10.21,11.46,1
278,2015-02-23,46500,47200,46400,47200,2273267,10.21,11.46,1
279,2015-02-24,47900,47900,47200,47600,1880503,10.21,11.46,1
280,2015-02-25,47200,47400,46400,46500,2633709,10.21,11.46,1
281,2015-02-26,46750,47200,46450,47100,1938544,10.21,11.46,1
282,2015-02-27,47000,47300,46250,46600,2344677,10.21,11.46,1
283,2015-03-02,46850,46900,46300,46850,2246166,10.21,11.46,1
284,2015-03-03,47150,47500,46650,47300,2100433,10.21,11.46,1
285,2015-03-04,47300,47300,45700,45900,4160256,10.21,11.46,1
286,2015-03-05,45650,46100,45250,45500,2214809,10.21,11.46,1
287,2015-03-06,46050,46400,45950,46200,1877771,10.21,11.46,1
288,2015-03-09,45450,45750,44850,45100,3175721,10.21,11.46,1
289,2015-03-10,45200,45500,43100,44150,5232109,10.21,11.46,1
290,2015-03-11,43500,44000,43150,43400,4527681,10.21,11.46,1
291,2015-03-12,43400,44100,43250,43250,3929253,10.21,11.46,1
292,2015-03-13,43350,44150,43350,44100,1962212,10.21,11.46,1
293,2015-03-16,44400,46000,44400,45800,4031380,10.21,11.46,1
294,2015-03-17,46100,46450,45850,46250,2790117,10.21,11.46,1
295,2015-03-18,46250,46400,45600,46250,2790286,10.21,11.46,1
296,2015-03-19,46950,47000,46300,46400,1983215,10.21,11.46,1
297,2015-03-20,46450,46850,45850,46850,1948819,10.21,11.46,1
298,2015-03-23,47100,48200,47050,48150,3781841,10.21,11.46,1
299,2015-03-24,47700,48200,47550,48000,2155547,10.21,11.46,1
300,2015-03-25,48000,48350,47850,48300,1830867,10.21,11.46,1
301,2015-03-26,47250,47500,46550,47000,4469503,10.21,11.46,1
302,2015-03-27,46150,46400,45400,45800,4492231,10.21,11.46,1
303,2015-03-30,46000,46350,45100,45500,2776997,10.21,11.46,1
304,2015-03-31,46300,46350,45450,45550,2399612,10.21,11.46,1
305,2015-04-01,45950,46200,44900,45000,2051147,10.21,11.46,1
306,2015-04-02,44550,45350,44100,44800,3148519,10.21,11.46,1
307,2015-04-03,44300,44800,44000,44200,2834100,10.21,11.46,1
308,2015-04-06,44450,45100,44250,44750,2068077,10.21,11.46,1
309,2015-04-07,45000,45050,43500,43950,3691912,10.21,11.46,1
310,2015-04-08,43900,44150,42450,42600,5694496,10.21,11.46,1
311,2015-04-09,42000,42550,41550,41900,5892744,10.21,11.46,1
312,2015-04-10,42850,43800,42700,43600,6518647,10.21,11.46,1
313,2015-04-13,44400,44500,43800,44200,3362917,10.21,11.46,1
314,2015-04-14,44250,44400,43700,44000,2134645,10.21,11.46,1
315,2015-04-15,44000,44500,44000,44300,2146331,10.21,11.46,1
316,2015-04-16,44750,44900,44150,44500,2096120,10.21,11.46,1
317,2015-04-17,44700,44750,44050,44550,2153757,10.21,11.46,1
318,2015-04-20,44100,44400,43600,44250,2355455,10.21,11.46,1
319,2015-04-21,44600,45500,44250,45150,3270598,10.21,11.46,1
320,2015-04-22,45700,46100,45250,45250,3816002,10.21,11.46,1
321,2015-04-23,46400,46800,45650,45800,4995010,10.21,11.46,1
322,2015-04-24,46700,47250,46500,47200,4400132,10.21,11.46,1
323,2015-04-27,47300,47500,45400,45800,3688453,10.21,11.46,1
324,2015-04-28,46150,46950,45700,46950,2311231,10.21,11.46,1
325,2015-04-29,47050,47400,46300,46900,2422884,10.21,11.46,1
326,2015-04-30,46900,46900,45650,46150,2419318,10.21,11.46,1
327,2015-05-04,46500,47100,46400,46800,2239896,10.21,11.46,1
328,2015-05-06,46300,46350,45000,45300,3291950,10.21,11.46,1
329,2015-05-07,44850,46000,44550,45900,2142745,10.21,11.46,1
330,2015-05-08,45300,46300,45050,45950,1695019,10.21,11.46,1
331,2015-05-11,46100,46700,46000,46300,1592730,10.21,11.46,1
332,2015-05-12,46300,47250,46000,46050,2364231,10.21,11.46,1
333,2015-05-13,46100,46150,45200,45250,1896100,10.21,11.46,1
334,2015-05-14,45650,46050,45200,45550,1889682,10.21,11.46,1
335,2015-05-15,45750,45950,45200,45300,1215027,10.21,11.46,1
336,2015-05-18,45100,45450,44400,45450,2195599,10.21,11.46,1
337,2015-05-19,45650,46150,45500,46100,1510095,10.21,11.46,1
338,2015-05-20,46500,46900,46400,46850,1784488,10.21,11.46,1
339,2015-05-21,47000,47500,46200,46350,1880002,10.21,11.46,1
340,2015-05-22,46750,47850,46350,47850,3953338,10.21,11.46,1
341,2015-05-26,48500,49150,47800,48000,3594626,10.21,11.46,1
342,2015-05-27,48000,48800,47500,48450,3441135,10.21,11.46,1
343,2015-05-28,49450,50000,49150,49650,5512264,10.21,11.46,1
344,2015-05-29,49350,51300,49200,51100,6512595,10.21,11.46,1
345,2015-06-01,50600,50900,49550,50600,4623131,10.21,11.46,1
346,2015-06-02,50700,51500,50300,51200,2173205,10.21,11.46,1
347,2015-06-03,51000,51700,49600,49800,2724813,10.21,11.46,1
348,2015-06-04,49500,49600,48100,48300,3262007,10.21,11.46,1
349,2015-06-05,48300,49550,48150,49050,2134371,10.21,11.46,1
350,2015-06-08,48600,48800,48000,48050,1954503,10.21,11.46,1
351,2015-06-09,47750,48300,47200,48000,2168902,10.21,11.46,1
352,2015-06-10,48000,48000,47500,47500,2649918,10.21,11.46,1
353,2015-06-11,47800,47900,47050,47100,2696182,10.21,11.46,1
354,2015-06-12,47750,47800,46450,46550,2307036,10.21,11.46,1
355,2015-06-15,46550,47100,46050,46150,1775422,10.21,11.46,1
356,2015-06-16,45250,45300,44200,44200,6161260,10.21,11.46,1
357,2015-06-17,44250,45250,44250,44950,3461566,10.21,11.46,1
358,2015-06-18,44900,44950,44300,44300,2225236,10.21,11.46,1
359,2015-06-19,44350,44550,43500,43550,3858378,10.21,11.46,1
360,2015-06-22,43800,44150,43550,43850,2843715,10.21,11.46,1
361,2015-06-23,44350,44600,44000,44150,2676531,10.21,11.46,1
362,2015-06-24,44250,44250,43150,43350,2694795,10.21,11.46,1
363,2015-06-25,43100,43400,42800,43100,3270655,10.21,11.46,1
364,2015-06-26,41550,42250,41550,42000,7935060,10.21,11.46,1
365,2015-06-29,41000,43050,40600,42600,4892150,10.21,11.46,1
366,2015-06-30,42650,42800,41950,42300,2598797,10.21,11.46,1
367,2015-07-01,42800,43200,42250,42800,2126825,10.21,11.46,1
368,2015-07-02,43000,43000,42000,42100,2592544,10.21,11.46,1
369,2015-07-03,42700,43100,42200,42650,2903385,10.21,11.46,1
370,2015-07-06,42000,42050,40350,40750,4533535,10.21,11.46,1
371,2015-07-07,41200,41850,41000,41350,3183795,10.21,11.46,1
372,2015-07-08,41100,41300,40750,40900,3335846,10.21,11.46,1
373,2015-07-09,40400,41050,39600,40950,3018029,10.21,11.46,1
374,2015-07-10,41250,41300,40350,40850,2738522,10.21,11.46,1
375,2015-07-13,41450,41850,40500,40550,3707444,10.21,11.46,1
376,2015-07-14,40600,40650,37800,37850,15180511,10.21,11.46,1
377,2015-07-15,38400,39400,38350,39300,8281669,10.21,11.46,1
378,2015-07-16,39000,39500,38650,39450,2373825,10.21,11.46,1
379,2015-07-17,39500,40500,38700,39950,3352178,10.21,11.46,1
380,2015-07-20,40150,40350,38650,38650,2535208,10.21,11.46,1
381,2015-07-21,38950,39350,38500,39050,2531422,10.21,11.46,1
382,2015-07-22,39000,39000,37750,38200,3986610,10.21,11.46,1
383,2015-07-23,40000,40300,38600,39000,8215778,10.21,11.46,1
384,2015-07-24,39250,39450,38500,38550,3411382,10.21,11.46,1
385,2015-07-27,38500,38850,36850,37250,4142170,10.21,11.46,1
386,2015-07-28,36500,37650,36500,37100,3657208,10.21,11.46,1
387,2015-07-29,37450,37600,36800,37000,3040352,10.21,11.46,1
388,2015-07-30,36550,36800,34050,34500,9328208,10.21,11.46,1
389,2015-07-31,34800,37100,34750,37100,7074785,10.21,11.46,1
390,2015-08-03,36500,37100,35500,35950,5481242,10.21,11.46,1
391,2015-08-04,35450,37950,35450,37250,4060733,10.21,11.46,1
392,2015-08-05,37850,38300,37000,37300,3330999,10.21,11.46,1
393,2015-08-06,37750,37750,36050,36100,3888988,10.21,11.46,1
394,2015-08-07,35650,36450,35050,36200,3381532,10.21,11.46,1
395,2015-08-10,36200,36400,35750,36300,1336480,10.21,11.46,1
396,2015-08-11,36300,37200,36100,36100,2890084,10.21,11.46,1
397,2015-08-12,35600,36400,35400,35800,2824462,10.21,11.46,1
398,2015-08-13,35900,36900,35850,36900,2748437,10.21,11.46,1
399,2015-08-17,37300,37400,35650,35650,3808016,10.21,11.46,1
400,2015-08-18,35800,36400,34700,35050,4706366,10.21,11.46,1
401,2015-08-19,34500,34800,32650,33000,8813242,10.21,11.46,1
402,2015-08-20,33050,33550,32850,33050,4588759,10.21,11.46,1
403,2015-08-21,31400,32250,31400,32000,6084203,10.21,11.46,1
404,2015-08-24,31600,32350,30300,31050,8593829,10.21,11.46,1
405,2015-08-25,31300,33950,31300,33500,11821629,10.21,11.46,1
406,2015-08-26,33500,34200,32850,33450,6534943,10.21,11.46,1
407,2015-08-27,34200,35500,34150,35500,7063277,10.21,11.46,1
408,2015-08-28,36550,37700,36300,36900,7382006,10.21,11.46,1
409,2015-08-31,36850,36850,35650,35800,4408499,10.21,11.46,1
410,2015-09-01,35150,35450,34200,34400,6442285,10.21,11.46,1
411,2015-09-02,33500,34600,33350,34350,4161070,10.21,11.46,1
412,2015-09-03,34850,35700,34700,35400,4222565,10.21,11.46,1
413,2015-09-04,35500,35950,34650,34850,2438126,10.21,11.46,1
414,2015-09-07,34800,35100,34300,34750,1624613,10.21,11.46,1
415,2015-09-08,35000,35100,34600,34750,1494929,10.21,11.46,1
416,2015-09-09,35800,36500,35650,36000,3035809,10.21,11.46,1
417,2015-09-10,35400,35950,35400,35950,3079224,10.21,11.46,1
418,2015-09-11,35450,35750,35000,35000,3242067,10.21,11.46,1
419,2015-09-14,35300,35450,34350,34600,2163452,10.21,11.46,1
420,2015-09-15,34500,34600,33350,33600,3880824,10.21,11.46,1
421,2015-09-16,33800,35350,33800,35100,3876376,10.21,11.46,1
422,2015-09-17,35750,36450,35350,36150,4734065,10.21,11.46,1
423,2015-09-18,36400,36450,35450,35750,3267741,10.21,11.46,1
424,2015-09-21,35200,35250,34700,34800,2538367,10.21,11.46,1
425,2015-09-22,34900,35150,34700,34900,2004067,10.21,11.46,1
426,2015-09-23,34500,35250,34350,34700,1641929,10.21,11.46,1
427,2015-09-24,34900,34950,33600,33850,4172759,10.21,11.46,1
428,2015-09-25,33750,34400,33400,34350,2813254,10.21,11.46,1
429,2015-09-30,33700,33800,33350,33550,4158644,10.21,11.46,1
430,2015-10-01,33750,33950,33500,33700,3667742,10.21,11.46,1
431,2015-10-02,34200,34750,33800,34550,3052650,10.21,11.46,1
432,2015-10-05,35250,35950,35100,35350,4367169,10.21,11.46,1
433,2015-10-06,36300,37200,36250,37200,5944141,10.21,11.46,1
434,2015-10-07,37050,37700,36800,37300,3879936,10.21,11.46,1
435,2015-10-08,38000,38100,36600,37550,3824312,10.21,11.46,1
436,2015-10-12,37550,37550,36700,36850,2519174,10.21,11.46,1
437,2015-10-13,36800,37150,35800,36000,2961513,10.21,11.46,1
438,2015-10-14,36300,37050,35900,36400,3720738,10.21,11.46,1
439,2015-10-15,35950,36800,35850,36750,2943506,10.21,11.46,1
440,2015-10-16,36900,37050,36000,36100,1899386,10.21,11.46,1
441,2015-10-19,36150,36200,35600,35750,1967828,10.21,11.46,1
442,2015-10-20,36000,36150,35250,35700,2686193,10.21,11.46,1
443,2015-10-21,35000,35000,33600,33650,9957394,10.21,11.46,1
444,2015-10-22,33200,33450,31850,31950,10914420,10.21,11.46,1
445,2015-10-23,32400,32950,32050,32100,6341772,10.21,11.46,1
446,2015-10-26,32350,33100,32300,32900,3326112,10.21,11.46,1
447,2015-10-27,32100,32650,32050,32150,3535671,10.21,11.46,1
448,2015-10-28,32150,32450,31400,31450,4322506,10.21,11.46,1
449,2015-10-29,31700,32150,31300,31450,4273016,10.21,11.46,1
450,2015-10-30,31150,31200,30450,30700,4640184,10.21,11.46,1
451,2015-11-02,30700,32250,30400,32150,4493014,10.21,11.46,1
452,2015-11-03,32500,33000,31550,31900,4453120,10.21,11.46,1
453,2015-11-04,32500,32700,32100,32600,3276995,10.21,11.46,1
454,2015-11-05,32350,32700,32200,32650,1928001,10.21,11.46,1
455,2015-11-06,32350,32400,31050,31200,5219855,10.21,11.46,1
456,2015-11-09,30900,31300,30400,31250,3563095,10.21,11.46,1
457,2015-11-10,30850,31350,30600,31150,2724051,10.21,11.46,1
458,2015-11-11,30700,31200,30550,31000,2898877,10.21,11.46,1
459,2015-11-12,30950,31000,30700,30700,1537585,10.21,11.46,1
460,2015-11-13,30500,31600,30500,31150,1962129,10.21,11.46,1
461,2015-11-16,30600,30950,30500,30500,2351453,10.21,11.46,1
462,2015-11-17,31050,31150,30600,30600,1935683,10.21,11.46,1
463,2015-11-18,30600,30800,30050,30550,3137103,10.21,11.46,1
464,2015-11-19,30800,31600,30700,31200,2525784,10.21,11.46,1
465,2015-11-20,31500,31750,31000,31000,2097039,10.21,11.46,1
466,2015-11-23,31150,31250,30600,30650,2430154,10.21,11.46,1
467,2015-11-24,30600,30850,30100,30200,3308696,10.21,11.46,1
468,2015-11-25,30400,32000,30400,31900,6941459,10.21,11.46,1
469,2015-11-26,32400,34150,32250,32750,13223992,10.21,11.46,1
470,2015-11-27,33200,33600,32000,32000,3890920,10.21,11.46,1
471,2015-11-30,32050,32650,31600,31600,3917877,10.21,11.46,1
472,2015-12-01,31650,31650,30900,31350,3752942,10.21,11.46,1
473,2015-12-02,31550,31900,31200,31200,2731791,10.21,11.46,1
474,2015-12-03,31050,31350,30850,31150,1730137,10.21,11.46,1
475,2015-12-04,30700,31450,30600,31200,2125421,10.21,11.46,1
476,2015-12-07,31450,31700,30700,30700,2238378,10.21,11.46,1
477,2015-12-08,30500,30750,30050,30200,2483443,10.21,11.46,1
478,2015-12-09,30100,30550,30100,30250,1524501,10.21,11.46,1
479,2015-12-10,30200,30550,30050,30300,3145787,10.21,11.46,1
480,2015-12-11,30200,30550,29600,29850,2725258,10.21,11.46,1
481,2015-12-14,29000,29350,28550,29000,3669577,10.21,11.46,1
482,2015-12-15,29050,29600,28800,29400,2006190,10.21,11.46,1
483,2015-12-16,30050,30500,29900,30400,2601080,10.21,11.46,1
484,2015-12-17,30250,30550,29800,30250,2210682,10.21,11.46,1
485,2015-12-18,29800,30700,29800,30600,2854920,10.21,11.46,1
486,2015-12-21,30450,30800,30250,30500,1576561,10.21,11.46,1
487,2015-12-22,31000,32200,30800,32200,6861264,10.21,11.46,1
488,2015-12-23,32100,33000,31900,32700,5331047,10.21,11.46,1
489,2015-12-24,32950,33150,31700,31700,3624175,10.21,11.46,1
490,2015-12-28,31750,31850,30900,30900,2535636,10.21,11.46,1
491,2015-12-29,30900,31550,30800,31200,1965713,10.21,11.46,1
492,2015-12-30,31100,31450,30550,30750,1801261,10.21,11.46,1
493,2016-01-04,30550,30750,30150,30150,1878039,10.74,10.79,0.99
494,2016-01-05,30500,31200,30350,30600,2482905,10.74,10.79,0.99
495,2016-01-06,30600,30900,30300,30750,2461593,10.74,10.79,0.99
496,2016-01-07,30400,30750,30200,30200,2424880,10.74,10.79,0.99
497,2016-01-08,29800,30100,29550,29700,3967121,10.74,10.79,0.99
498,2016-01-11,29400,29500,28600,28650,5358223,10.74,10.79,0.99
499,2016-01-12,28600,28900,27700,27800,4418384,10.74,10.79,0.99
500,2016-01-13,28100,28450,28000,28100,3481523,10.74,10.79,0.99
501,2016-01-14,27300,27900,27200,27900,3957935,10.74,10.79,0.99
502,2016-01-15,27950,28300,26800,26800,5431851,10.74,10.79,0.99
503,2016-01-18,25900,27000,25800,26700,3658921,10.74,10.79,0.99
504,2016-01-19,26700,28300,26700,28300,4291742,10.74,10.79,0.99
505,2016-01-20,28050,28100,26750,26800,4186899,10.74,10.79,0.99
506,2016-01-21,26600,27250,26600,26600,2840628,10.74,10.79,0.99
507,2016-01-22,27200,27600,27000,27150,2361216,10.74,10.79,0.99
508,2016-01-25,27550,28200,27300,28000,2977310,10.74,10.79,0.99
509,2016-01-26,28000,29100,27750,27850,5351814,10.74,10.79,0.99
510,2016-01-27,28100,28350,27250,27650,3205822,10.74,10.79,0.99
511,2016-01-28,27450,27750,26850,27650,3035447,10.74,10.79,0.99
512,2016-01-29,27250,27350,26950,27300,2898720,10.74,10.79,0.99
513,2016-02-01,28100,28650,27700,28400,4767927,10.74,10.79,0.99
514,2016-02-02,28450,28800,28150,28450,2865209,10.74,10.79,0.99
515,2016-02-03,27600,27850,27200,27450,2705269,10.74,10.79,0.99
516,2016-02-04,27700,28150,27600,28100,2459305,10.74,10.79,0.99
517,2016-02-05,28100,28350,27900,28100,1484771,10.74,10.79,0.99
518,2016-02-11,27000,27400,26950,27150,2468082,10.74,10.79,0.99
519,2016-02-12,26850,27750,26850,27350,2429857,10.74,10.79,0.99
520,2016-02-15,27750,28200,27500,27700,2162111,10.74,10.79,0.99
521,2016-02-16,27850,29000,27800,28900,3851681,10.74,10.79,0.99
522,2016-02-17,29250,30300,29150,30050,6106318,10.74,10.79,0.99
523,2016-02-18,30550,30850,29800,30200,2972873,10.74,10.79,0.99
524,2016-02-19,29950,30050,29250,29600,2336536,10.74,10.79,0.99
525,2016-02-22,29400,30000,29400,29900,1366180,10.74,10.79,0.99
526,2016-02-23,30100,30600,30000,30400,2123648,10.74,10.79,0.99
527,2016-02-24,31050,31250,30600,30900,3480563,10.74,10.79,0.99
528,2016-02-25,31400,31500,30650,30800,2527297,10.74,10.79,0.99
529,2016-02-26,31000,31100,30450,30800,1282277,10.74,10.79,0.99
530,2016-02-29,30800,30900,29600,30000,2989861,10.74,10.79,0.99
531,2016-03-02,31050,31300,30650,30950,3567312,10.74,10.79,0.99
532,2016-03-03,31550,32000,31100,31950,3898363,10.74,10.79,0.99
533,2016-03-04,31800,32100,31550,31900,1913316,10.74,10.79,0.99
534,2016-03-07,32150,32250,31500,31900,3487206,10.74,10.79,0.99
535,2016-03-08,31200,31500,30300,30500,4616147,10.74,10.79,0.99
536,2016-03-09,29900,30550,29650,30550,3503375,10.74,10.79,0.99
537,2016-03-10,30550,30650,30150,30300,2734070,10.74,10.79,0.99
538,2016-03-11,29900,30850,29900,30700,2117430,10.74,10.79,0.99
539,2016-03-14,31100,31100,30250,30350,2062549,10.74,10.79,0.99
540,2016-03-15,30350,30550,29750,29900,2078857,10.74,10.79,0.99
541,2016-03-16,29900,29950,29050,29200,2902896,10.74,10.79,0.99
542,2016-03-17,29350,29750,29100,29250,2768278,10.74,10.79,0.99
543,2016-03-18,29500,29900,29250,29450,2864640,10.74,10.79,0.99
544,2016-03-21,29800,29850,29300,29550,1783055,10.74,10.79,0.99
545,2016-03-22,29700,30200,29550,30200,2546366,10.74,10.79,0.99
546,2016-03-23,30100,30450,29850,30250,1868041,10.74,10.79,0.99
547,2016-03-24,29850,29900,29350,29450,3587082,10.74,10.79,0.99
548,2016-03-25,29450,29500,28900,29150,1978956,10.74,10.79,0.99
549,2016-03-28,29000,29050,28150,28550,2795412,10.74,10.79,0.99
550,2016-03-29,28850,29150,28700,28900,2343876,10.74,10.79,0.99
551,2016-03-30,29150,29500,28650,28650,3512889,10.74,10.79,0.99
552,2016-03-31,28700,28850,28000,28150,4336581,10.74,10.79,0.99
553,2016-04-01,28450,28500,28050,28200,2991431,10.74,10.79,0.99
554,2016-04-04,28100,28150,27800,27900,2823088,10.74,10.79,0.99
555,2016-04-05,27900,28100,27600,27850,2032745,10.74,10.79,0.99
556,2016-04-06,27550,27850,27450,27500,2410844,10.74,10.79,0.99
557,2016-04-07,27450,27450,26750,26900,4588396,10.74,10.79,0.99
558,2016-04-08,26950,27800,26900,27800,3718690,10.74,10.79,0.99
559,2016-04-11,27600,27700,27150,27150,2425426,10.74,10.79,0.99
560,2016-04-12,27200,27550,27100,27150,1850577,10.74,10.79,0.99
561,2016-04-14,27600,27850,27250,27250,4761215,10.74,10.79,0.99
562,2016-04-15,27450,27800,27350,27650,2785108,10.74,10.79,0.99
563,2016-04-18,28000,28150,27200,27200,3861103,10.74,10.79,0.99
564,2016-04-19,27500,27550,27350,27450,1843729,10.74,10.79,0.99
565,2016-04-20,27500,28000,27500,27550,3231788,10.74,10.79,0.99
566,2016-04-21,27700,27950,27500,27550,2999400,10.74,10.79,0.99
567,2016-04-22,27450,27800,27350,27500,1556764,10.74,10.79,0.99
568,2016-04-25,27650,27800,27350,27500,1506644,10.74,10.79,0.99
569,2016-04-26,27550,29200,27550,29150,7750203,10.74,10.79,0.99
570,2016-04-27,29300,29750,29000,29150,6213757,10.74,10.79,0.99
571,2016-04-28,29100,29150,27850,27900,6766879,10.74,10.79,0.99
572,2016-04-29,27700,28250,27500,28150,2878692,10.74,10.79,0.99
573,2016-05-02,27950,28300,27750,27850,1306092,10.74,10.79,0.99
574,2016-05-03,27950,28100,27650,27650,1373116,10.74,10.79,0.99
575,2016-05-04,27450,27500,26500,26650,4388484,10.74,10.79,0.99
576,2016-05-09,26150,26550,25700,25750,5291220,10.74,10.79,0.99
577,2016-05-10,25750,26400,25750,26400,2564593,10.74,10.79,0.99
578,2016-05-11,26500,26550,26100,26200,1735332,10.74,10.79,0.99
579,2016-05-12,26050,26250,25850,26100,1759282,10.74,10.79,0.99
580,2016-05-13,26100,26250,25900,26100,1849910,10.74,10.79,0.99
581,2016-05-16,26100,26300,25900,26100,1337159,10.74,10.79,0.99
582,2016-05-17,26250,26300,25900,25900,1545947,10.74,10.79,0.99
583,2016-05-18,25800,26400,25650,26200,2474774,10.74,10.79,0.99
584,2016-05-19,26750,26900,26400,26600,4367007,10.74,10.79,0.99
585,2016-05-20,26600,26650,26250,26300,2245019,10.74,10.79,0.99
586,2016-05-23,26800,27450,26650,27200,4534043,10.74,10.79,0.99
587,2016-05-24,27350,27350,26700,26850,2428278,10.74,10.79,0.99
588,2016-05-25,27450,27450,26950,27050,2250906,10.74,10.79,0.99
589,2016-05-26,27150,27200,26850,27000,1938084,10.74,10.79,0.99
590,2016-05-27,27200,28750,27150,28650,7719656,10.74,10.79,0.99
591,2016-05-30,28850,29400,28650,29000,5492886,10.74,10.79,0.99
592,2016-05-31,28650,29000,28200,28700,5414611,10.74,10.79,0.99
593,2016-06-01,28850,29000,28400,28500,3630711,10.74,10.79,0.99
594,2016-06-02,28600,29050,28000,28050,3443745,10.74,10.79,0.99
595,2016-06-03,28150,28450,27400,27600,3680988,10.74,10.79,0.99
596,2016-06-07,27700,28750,27650,28650,4435065,10.74,10.79,0.99
597,2016-06-08,29050,29300,28450,28550,3940058,10.74,10.79,0.99
598,2016-06-09,28700,29400,28650,29000,5336122,10.74,10.79,0.99
599,2016-06-10,29150,29200,28700,29000,2413698,10.74,10.79,0.99
600,2016-06-13,28650,28700,28000,28350,2607031,10.74,10.79,0.99
601,2016-06-14,28150,29300,28150,29050,3490535,10.74,10.79,0.99
602,2016-06-15,29350,30150,29300,29950,5751526,10.74,10.79,0.99
603,2016-06-16,30250,30400,29350,29650,3687253,10.74,10.79,0.99
604,2016-06-17,30000,30000,28750,29000,2891783,10.74,10.79,0.99
605,2016-06-20,29800,30050,29050,30050,4501015,10.74,10.79,0.99
606,2016-06-21,30050,30150,29550,29800,2376833,10.74,10.79,0.99
607,2016-06-22,30200,30950,30000,30950,5122638,10.74,10.79,0.99
608,2016-06-23,30900,31800,30850,31750,7147499,10.74,10.79,0.99
609,2016-06-24,32800,33100,30450,31800,16852175,10.74,10.79,0.99
610,2016-06-27,31350,32050,31050,32050,6146337,10.74,10.79,0.99
611,2016-06-28,31150,31600,30650,31150,5072467,10.74,10.79,0.99
612,2016-06-29,31800,32200,31700,31800,3801424,10.74,10.79,0.99
613,2016-06-30,32000,32550,31700,32400,4571310,10.74,10.79,0.99
614,2016-07-01,31800,32700,31600,32150,5289586,10.74,10.79,0.99
615,2016-07-04,32250,32900,32050,32750,3192033,10.74,10.79,0.99
616,2016-07-05,32650,32650,31850,31850,2577231,10.74,10.79,0.99
617,2016-07-06,31100,31350,30300,30600,6314347,10.74,10.79,0.99
618,2016-07-07,30750,31350,30600,30650,2715183,10.74,10.79,0.99
619,2016-07-08,30700,31250,30550,31050,2424460,10.74,10.79,0.99
620,2016-07-11,31750,32300,31650,32000,3938161,10.74,10.79,0.99
621,2016-07-12,32250,32300,31550,32000,2523664,10.74,10.79,0.99
622,2016-07-13,32700,32950,32450,32650,3779418,10.74,10.79,0.99
623,2016-07-14,32500,33300,32450,33050,3145494,10.74,10.79,0.99
624,2016-07-15,33300,33500,32650,32700,2580255,10.74,10.79,0.99
625,2016-07-18,32900,33100,32500,32750,1515167,10.74,10.79,0.99
626,2016-07-19,32900,33000,31950,32450,2340759,10.74,10.79,0.99
627,2016-07-20,32300,32400,31850,32100,1775583,10.74,10.79,0.99
628,2016-07-21,32400,32800,32100,32150,1879147,10.74,10.79,0.99
629,2016-07-22,32150,32150,31200,32000,2442893,10.74,10.79,0.99
630,2016-07-25,32300,32650,32150,32500,2147590,10.74,10.79,0.99
631,2016-07-26,32400,32400,31100,32050,5028045,10.74,10.79,0.99
632,2016-07-27,32600,33450,32550,33450,4762165,10.74,10.79,0.99
633,2016-07-28,33150,33550,33000,33550,3586965,10.74,10.79,0.99
634,2016-07-29,33550,34400,33450,34400,4660512,10.74,10.79,0.99
635,2016-08-01,34700,35300,34600,34850,3274413,10.74,10.79,0.99
636,2016-08-02,34600,34700,33650,33750,2123735,10.74,10.79,0.99
637,2016-08-03,33300,34400,33000,33550,2698841,10.74,10.79,0.99
638,2016-08-04,33950,34200,33350,33650,1477680,10.74,10.79,0.99
639,2016-08-05,34300,34900,33950,34800,2830058,10.74,10.79,0.99
640,2016-08-08,35150,35250,34400,34950,2157854,10.74,10.79,0.99
641,2016-08-09,34850,35200,34450,35050,2112078,10.74,10.79,0.99
642,2016-08-10,34900,35000,33650,33800,3193311,10.74,10.79,0.99
643,2016-08-11,33700,34800,33450,34800,2980478,10.74,10.79,0.99
644,2016-08-12,34450,35100,34200,34350,2437735,10.74,10.79,0.99
645,2016-08-16,34950,34950,33700,33700,2883043,10.74,10.79,0.99
646,2016-08-17,33750,33900,32900,33550,2083372,10.74,10.79,0.99
647,2016-08-18,33550,34250,33550,34150,1855081,10.74,10.79,0.99
648,2016-08-19,34400,35400,34200,35400,4683750,10.74,10.79,0.99
649,2016-08-22,35500,36050,35250,36000,4149396,10.74,10.79,0.99
650,2016-08-23,36250,36300,35550,35600,3014421,10.74,10.79,0.99
651,2016-08-24,35900,35950,35300,35750,1689924,10.74,10.79,0.99
652,2016-08-25,35100,35750,34900,35700,1568516,10.74,10.79,0.99
653,2016-08-26,35850,36350,35750,36250,2635343,10.74,10.79,0.99
654,2016-08-29,35350,36400,35300,36250,2782441,10.74,10.79,0.99
655,2016-08-30,36800,36950,35550,36300,2766460,10.74,10.79,0.99
656,2016-08-31,36400,36450,35750,36450,2832970,10.74,10.79,0.99
657,2016-09-01,36400,36400,35700,36100,1713669,10.74,10.79,0.99
658,2016-09-02,36100,36700,35950,36650,1828390,10.74,10.79,0.99
659,2016-09-05,36900,37500,36850,37500,2337575,10.74,10.79,0.99
660,2016-09-06,37750,38000,37350,38000,2123160,10.74,10.79,0.99
661,2016-09-07,38200,38800,37900,37900,3786844,10.74,10.79,0.99
662,2016-09-08,37900,38700,37900,38700,3698781,10.74,10.79,0.99
663,2016-09-09,38550,39000,38350,38950,2748415,10.74,10.79,0.99
664,2016-09-12,37500,38300,37000,37000,4885896,10.74,10.79,0.99
665,2016-09-13,37600,38300,37500,37800,3928646,10.74,10.79,0.99
666,2016-09-19,38700,39450,38250,39200,5283684,10.74,10.79,0.99
667,2016-09-20,39200,39450,38750,39250,2594490,10.74,10.79,0.99
668,2016-09-21,39000,39150,38650,39150,1731450,10.74,10.79,0.99
669,2016-09-22,39800,39800,39150,39400,3214630,10.74,10.79,0.99
670,2016-09-23,39550,39650,39050,39350,2095120,10.74,10.79,0.99
671,2016-09-26,39350,39500,38800,39500,1669862,10.74,10.79,0.99
672,2016-09-27,39400,41150,39150,41150,4001505,10.74,10.79,0.99
673,2016-09-28,41300,42000,40950,41200,4189804,10.74,10.79,0.99
674,2016-09-29,40600,40750,40150,40200,3976705,10.74,10.79,0.99
675,2016-09-30,39750,40950,39600,40200,3764773,10.74,10.79,0.99
676,2016-10-04,41500,41800,41000,41800,3639803,10.74,10.79,0.99
677,2016-10-05,42150,42950,41200,42600,4387312,10.74,10.79,0.99
678,2016-10-06,43100,43150,42400,42550,2815496,10.74,10.79,0.99
679,2016-10-07,42700,42700,41900,42200,2637734,10.74,10.79,0.99
680,2016-10-10,42200,42500,41200,41300,2916252,10.74,10.79,0.99
681,2016-10-11,41300,42000,41100,41300,2810503,10.74,10.79,0.99
682,2016-10-12,41000,41900,41000,41250,3521492,10.74,10.79,0.99
683,2016-10-13,41450,41700,40950,40950,3638071,10.74,10.79,0.99
684,2016-10-14,41300,41900,41200,41550,2708972,10.74,10.79,0.99
685,2016-10-17,41750,42300,41400,42300,2314725,10.74,10.79,0.99
686,2016-10-18,42200,42300,41300,41650,2559222,10.74,10.79,0.99
687,2016-10-19,41150,41450,39850,40050,5033246,10.74,10.79,0.99
688,2016-10-20,40250,40300,38850,40050,5423960,10.74,10.79,0.99
689,2016-10-21,39500,41000,39500,40950,2436212,10.74,10.79,0.99
690,2016-10-24,41000,41150,39850,40150,2211109,10.74,10.79,0.99
691,2016-10-25,40350,41650,40200,41050,4469224,10.74,10.79,0.99
692,2016-10-26,41300,42900,41300,42900,6364037,10.74,10.79,0.99
693,2016-10-27,42900,43600,42600,43000,4814197,10.74,10.79,0.99
694,2016-10-28,42700,42950,42100,42450,2251179,10.74,10.79,0.99
695,2016-10-31,42500,42900,41000,41000,3297943,10.74,10.79,0.99
696,2016-11-01,41700,42350,41600,42000,3173446,10.74,10.79,0.99
697,2016-11-02,41250,41400,40450,41000,2822651,10.74,10.79,0.99
698,2016-11-03,40900,41700,40700,41150,2580396,10.74,10.79,0.99
699,2016-11-04,41150,41400,40850,41200,2600930,10.74,10.79,0.99
700,2016-11-07,41800,42050,41200,41500,2033220,10.74,10.79,0.99
701,2016-11-08,42100,42150,41250,41500,1882987,10.74,10.79,0.99
702,2016-11-09,41650,41750,38700,39650,5779291,10.74,10.79,0.99
703,2016-11-10,41000,41050,40500,41000,2520434,10.74,10.79,0.99
704,2016-11-11,40000,40450,39550,39850,2962651,10.74,10.79,0.99
705,2016-11-14,40000,40450,39700,39700,1589911,10.74,10.79,0.99
706,2016-11-15,39700,40400,39500,39700,2030086,10.74,10.79,0.99
707,2016-11-16,40450,41000,40250,40850,2101878,10.74,10.79,0.99
708,2016-11-17,41500,41900,41200,41900,2383464,10.74,10.79,0.99
709,2016-11-18,42300,42400,41700,42000,3331134,10.74,10.79,0.99
710,2016-11-21,41800,41900,40650,40750,1883627,10.74,10.79,0.99
711,2016-11-22,41250,42800,41200,42700,3306186,10.74,10.79,0.99
712,2016-11-23,43000,43900,42550,43050,4047443,10.74,10.79,0.99
713,2016-11-24,43350,43850,42500,42650,1789745,10.74,10.79,0.99
714,2016-11-25,43050,43300,42250,42600,1328958,10.74,10.79,0.99
715,2016-11-28,42400,43250,42100,42600,1513215,10.74,10.79,0.99
716,2016-11-29,42400,43100,41800,42400,1777480,10.74,10.79,0.99
717,2016-11-30,42900,43800,42650,42900,4325524,10.74,10.79,0.99
718,2016-12-01,43000,44400,43000,44200,3491185,10.74,10.79,0.99
719,2016-12-02,43350,44500,43300,44400,4244113,10.74,10.79,0.99
720,2016-12-05,44050,44600,43800,44400,1703219,10.74,10.79,0.99
721,2016-12-06,44700,45500,44600,45200,3099065,10.74,10.79,0.99
722,2016-12-07,45750,45800,45200,45250,1984369,10.74,10.79,0.99
723,2016-12-08,46200,46650,46100,46250,3313157,10.74,10.79,0.99
724,2016-12-09,46450,46750,45450,45500,3003326,10.74,10.79,0.99
725,2016-12-12,45750,45850,44850,45300,1440589,10.74,10.79,0.99
726,2016-12-13,44700,45700,44700,44950,1822952,10.74,10.79,0.99
727,2016-12-14,45350,46100,45350,45850,2010708,10.74,10.79,0.99
728,2016-12-15,45850,46050,45000,45600,1828843,10.74,10.79,0.99
729,2016-12-16,45800,46450,45700,46400,2100809,10.74,10.79,0.99
730,2016-12-19,46250,46300,45050,45150,1997194,10.74,10.79,0.99
731,2016-12-20,45400,45550,44950,45150,1110753,10.74,10.79,0.99
732,2016-12-21,45500,45750,45000,45000,1662010,10.74,10.79,0.99
733,2016-12-22,46000,46650,45150,45500,4045912,10.74,10.79,0.99
734,2016-12-23,46200,46400,45950,46300,2982024,10.74,10.79,0.99
735,2016-12-26,46200,46600,45250,45650,1603230,10.74,10.79,0.99
736,2016-12-27,45550,45950,45400,45650,1175619,10.74,10.79,0.99
737,2016-12-28,45350,45750,45100,45350,1296254,10.74,10.79,0.99
738,2016-12-29,45150,45200,44600,44700,1808856,10.74,10.79,0.99
739,2017-01-02,44750,46000,44600,45800,1547681,15.38,8.29,1.06
740,2017-01-03,46200,47300,46200,47250,2655477,15.38,8.29,1.06
741,2017-01-04,47000,47150,46200,46500,2722599,15.38,8.29,1.06
742,2017-01-05,47000,47500,46850,46950,2377163,15.38,8.29,1.06
743,2017-01-06,47700,48450,47600,48000,3166843,15.38,8.29,1.06
744,2017-01-09,48500,49750,48200,49550,3871999,15.38,8.29,1.06
745,2017-01-10,49850,50200,49200,49750,2561968,15.38,8.29,1.06
746,2017-01-11,50000,51900,50000,51600,4360058,15.38,8.29,1.06
747,2017-01-12,51600,51600,50400,50600,5060622,15.38,8.29,1.06
748,2017-01-13,49850,50700,49850,50300,4219771,15.38,8.29,1.06
749,2017-01-16,50100,50300,48800,49300,4974924,15.38,8.29,1.06
750,2017-01-17,49300,50200,49250,49300,2309955,15.38,8.29,1.06
751,2017-01-18,48950,49400,48300,48850,2974091,15.38,8.29,1.06
752,2017-01-19,49550,50100,49100,49600,2332268,15.38,8.29,1.06
753,2017-01-20,49700,50100,49150,49150,1943195,15.38,8.29,1.06
754,2017-01-23,49950,51000,49900,50800,4148659,15.38,8.29,1.06
755,2017-01-24,51300,52000,51100,51600,3449130,15.38,8.29,1.06
756,2017-01-25,52200,52500,51600,51700,2715809,15.38,8.29,1.06
757,2017-01-26,52500,53500,52400,53300,4517114,15.38,8.29,1.06
758,2017-01-31,53300,54500,52700,53700,4118790,15.38,8.29,1.06
759,2017-02-01,54300,54900,53700,54000,2813046,15.38,8.29,1.06
760,2017-02-02,53500,54000,52700,52800,3486140,15.38,8.29,1.06
761,2017-02-03,52500,53700,51800,53700,3718619,15.38,8.29,1.06
762,2017-02-06,54200,54400,53300,53700,1897002,15.38,8.29,1.06
763,2017-02-07,53800,54500,53100,53300,2405891,15.38,8.29,1.06
764,2017-02-08,53700,54600,52400,54600,3552260,15.38,8.29,1.06
765,2017-02-09,53100,53700,52500,52700,6547266,15.38,8.29,1.06
766,2017-02-10,52000,52200,50000,50000,9120878,15.38,8.29,1.06
767,2017-02-13,49550,51000,49500,50700,4124290,15.38,8.29,1.06
768,2017-02-14,51100,51600,48100,48450,8593878,15.38,8.29,1.06
769,2017-02-15,48300,48700,47550,47900,8725221,15.38,8.29,1.06
770,2017-02-16,48350,49600,48200,49600,4840918,15.38,8.29,1.06
771,2017-02-17,50400,51100,50200,50400,4927937,15.38,8.29,1.06
772,2017-02-20,50900,51000,49600,49900,2265276,15.38,8.29,1.06
773,2017-02-21,49950,51000,49350,50900,2227708,15.38,8.29,1.06
774,2017-02-22,51600,51700,50600,50600,2678429,15.38,8.29,1.06
775,2017-02-23,50000,50400,49050,50200,3374139,15.38,8.29,1.06
776,2017-02-24,49850,50000,47400,47500,7707747,15.38,8.29,1.06
777,2017-02-27,46850,47000,45650,46000,7604699,15.38,8.29,1.06
778,2017-02-28,46600,47600,46200,46700,5588155,15.38,8.29,1.06
779,2017-03-02,46850,47850,46800,47700,7093071,15.38,8.29,1.06
780,2017-03-03,47650,48250,46700,47100,3937032,15.38,8.29,1.06
781,2017-03-06,47600,49400,47550,49350,5045970,15.38,8.29,1.06
782,2017-03-07,49100,49300,48050,48800,3439908,15.38,8.29,1.06
783,2017-03-08,48800,49300,47900,48000,3728263,15.38,8.29,1.06
784,2017-03-09,48200,48850,48000,48000,2957372,15.38,8.29,1.06
785,2017-03-10,48100,49550,47500,49200,3849912,15.38,8.29,1.06
786,2017-03-13,49550,51100,49300,51000,4948062,15.38,8.29,1.06
787,2017-03-14,51800,51900,50300,50300,4024138,15.38,8.29,1.06
788,2017-03-15,49350,49500,48550,48800,4688787,15.38,8.29,1.06
789,2017-03-16,49350,49650,48500,49150,3458839,15.38,8.29,1.06
790,2017-03-17,48400,48400,46600,46750,8098258,15.38,8.29,1.06
791,2017-03-20,46950,47650,46550,47600,3929405,15.38,8.29,1.06
792,2017-03-21,47900,48250,47000,47550,3720816,15.38,8.29,1.06
793,2017-03-22,47000,48800,47000,48650,4157526,15.38,8.29,1.06
794,2017-03-23,48950,49300,48150,48450,2473925,15.38,8.29,1.06
795,2017-03-24,50000,50200,49300,49500,5174622,15.38,8.29,1.06
796,2017-03-27,50000,51100,49950,50700,5607032,15.38,8.29,1.06
797,2017-03-28,51200,51300,50000,50800,2862493,15.38,8.29,1.06
798,2017-03-29,51000,52200,50800,51300,4154277,15.38,8.29,1.06
799,2017-03-30,51100,51500,50200,50900,2204243,15.38,8.29,1.06
800,2017-03-31,50800,50800,49900,50500,2682196,15.38,8.29,1.06
801,2017-04-03,50800,51900,50700,51800,2361892,15.38,8.29,1.06
802,2017-04-04,52100,52200,50800,51000,2192884,15.38,8.29,1.06
803,2017-04-05,50600,51000,49950,50300,2758658,15.38,8.29,1.06
804,2017-04-06,50300,50500,49100,49400,2991825,15.38,8.29,1.06
805,2017-04-07,49450,49800,48700,49800,2645476,15.38,8.29,1.06
806,2017-04-10,49700,49750,48950,49000,1824895,15.38,8.29,1.06
807,2017-04-11,48550,49350,48400,48850,2384127,15.38,8.29,1.06
808,2017-04-12,48800,49200,48550,49000,1694663,15.38,8.29,1.06
809,2017-04-13,49100,50200,48650,49750,2367158,15.38,8.29,1.06
810,2017-04-14,49750,50700,49450,49800,2845128,15.38,8.29,1.06
811,2017-04-17,50200,50300,49100,49200,2002100,15.38,8.29,1.06
812,2017-04-18,49600,50400,49300,50200,1899560,15.38,8.29,1.06
813,2017-04-19,50300,50400,49850,49850,1587172,15.38,8.29,1.06
814,2017-04-20,49750,51700,49700,51400,3573280,15.38,8.29,1.06
815,2017-04-21,51800,52500,51300,52000,3834454,15.38,8.29,1.06
816,2017-04-24,52700,53200,52100,52400,3158545,15.38,8.29,1.06
817,2017-04-25,52800,52800,51300,52400,5312931,15.38,8.29,1.06
818,2017-04-26,53100,54200,53000,53700,5609007,15.38,8.29,1.06
819,2017-04-27,53800,53900,52700,53600,2743963,15.38,8.29,1.06
820,2017-04-28,53600,54700,53400,54000,3573387,15.38,8.29,1.06
821,2017-05-02,55300,55900,54800,55400,4347745,15.38,8.29,1.06
822,2017-05-04,55900,55900,55000,55900,2780438,15.38,8.29,1.06
823,2017-05-08,56000,57000,55700,56900,3818771,15.38,8.29,1.06
824,2017-05-10,57400,58100,55200,55600,4766870,15.38,8.29,1.06
825,2017-05-11,56000,56400,54800,56400,3509393,15.38,8.29,1.06
826,2017-05-12,56400,56400,55100,55300,2303244,15.38,8.29,1.06
827,2017-05-15,55300,56100,55300,55600,1542366,15.38,8.29,1.06
828,2017-05-16,56200,56800,55200,55300,2546047,15.38,8.29,1.06
829,2017-05-17,55400,55700,54400,54700,2485465,15.38,8.29,1.06
830,2017-05-18,53600,55700,53400,55700,3494997,15.38,8.29,1.06
831,2017-05-19,55100,55600,54200,54200,2860160,15.38,8.29,1.06
832,2017-05-22,54900,56000,54800,56000,2544180,15.38,8.29,1.06
833,2017-05-23,56400,56500,55000,55100,2410542,15.38,8.29,1.06
834,2017-05-24,55700,56500,55600,55800,2324952,15.38,8.29,1.06
835,2017-05-25,56400,56400,55400,55800,1996135,15.38,8.29,1.06
836,2017-05-26,56000,57100,56000,57100,3145737,15.38,8.29,1.06
837,2017-05-29,57700,58800,57100,57900,3294700,15.38,8.29,1.06
838,2017-05-30,58200,58400,56600,57400,2368225,15.38,8.29,1.06
839,2017-05-31,57400,57900,56500,57000,3314659,15.38,8.29,1.06
840,2017-06-01,56700,56900,56100,56400,2006611,15.38,8.29,1.06
841,2017-06-02,56900,57500,56400,57100,2481215,15.38,8.29,1.06
842,2017-06-05,57200,57200,55900,56100,2525078,15.38,8.29,1.06
843,2017-06-07,55900,56900,55400,56500,3040030,15.38,8.29,1.06
844,2017-06-08,56500,57000,56200,56700,3943311,15.38,8.29,1.06
845,2017-06-09,56700,58400,56500,58300,4799560,15.38,8.29,1.06
846,2017-06-12,57200,57900,56800,57500,2650404,15.38,8.29,1.06
847,2017-06-13,57700,58900,56900,58800,3431811,15.38,8.29,1.06
848,2017-06-14,59200,60000,58800,59300,4441904,15.38,8.29,1.06
849,2017-06-15,59300,61000,59300,60600,4549233,15.38,8.29,1.06
850,2017-06-16,61100,61600,59900,60500,3932203,15.38,8.29,1.06
851,2017-06-19,61300,63200,61300,62800,5315543,15.38,8.29,1.06
852,2017-06-20,64700,65400,63700,64000,6519471,15.38,8.29,1.06
853,2017-06-21,63300,66300,62900,64800,5650669,15.38,8.29,1.06
854,2017-06-22,66500,66500,64500,65000,4977159,15.38,8.29,1.06
855,2017-06-23,64500,65400,63500,65000,3189590,15.38,8.29,1.06
856,2017-06-26,65000,67500,65000,67500,3516630,15.38,8.29,1.06
857,2017-06-27,68200,69600,67000,69200,4951341,15.38,8.29,1.06
858,2017-06-28,68100,69200,66800,67200,5520578,15.38,8.29,1.06
859,2017-06-29,67900,68800,67100,68500,3702501,15.38,8.29,1.06
860,2017-06-30,67400,67800,67000,67400,3230282,15.38,8.29,1.06
861,2017-07-03,66500,66900,65500,66300,3763473,15.38,8.29,1.06
862,2017-07-04,65900,67100,65300,65800,2895782,15.38,8.29,1.06
863,2017-07-05,65600,68200,65300,68000,4557456,15.38,8.29,1.06
864,2017-07-06,69000,69400,67500,68100,4048922,15.38,8.29,1.06
865,2017-07-07,67600,68400,66100,66600,3242213,15.38,8.29,1.06
866,2017-07-10,67000,67500,65700,67300,2667048,15.38,8.29,1.06
867,2017-07-11,67400,69000,66900,69000,3187332,15.38,8.29,1.06
868,2017-07-12,68700,69500,68400,68900,3462150,15.38,8.29,1.06
869,2017-07-13,69500,71900,69200,70600,5432312,15.38,8.29,1.06
870,2017-07-14,71400,72200,70700,71100,2931832,15.38,8.29,1.06
871,2017-07-17,71800,71900,70200,71200,2804598,15.38,8.29,1.06
872,2017-07-18,70700,71800,70600,70800,2066194,15.38,8.29,1.06
873,2017-07-19,71200,71200,70000,71000,2009799,15.38,8.29,1.06
874,2017-07-20,71400,71700,70800,71300,1647153,15.38,8.29,1.06
875,2017-07-21,70800,71300,70300,71200,1599111,15.38,8.29,1.06
876,2017-07-24,71300,73000,71000,73000,3598173,15.38,8.29,1.06
877,2017-07-25,72900,73000,70100,70400,6028435,15.38,8.29,1.06
878,2017-07-26,69600,69900,66700,66800,9659618,15.38,8.29,1.06
879,2017-07-27,66800,69500,66800,68400,6177375,15.38,8.29,1.06
880,2017-07-28,67800,67900,64200,64600,8093780,15.38,8.29,1.06
881,2017-07-31,63700,66000,63700,66000,4769724,15.38,8.29,1.06
882,2017-08-01,65300,66500,64700,65500,3744523,15.38,8.29,1.06
883,2017-08-02,67900,68200,66600,68000,4161592,15.38,8.29,1.06
884,2017-08-03,67900,67900,65200,65500,4992104,15.38,8.29,1.06
885,2017-08-04,65100,66100,63200,64000,5938549,15.38,8.29,1.06
886,2017-08-07,64000,65000,63700,64100,3518575,15.38,8.29,1.06
887,2017-08-08,64900,66400,64800,66300,4372768,15.38,8.29,1.06
888,2017-08-09,65400,65400,64000,64200,4037319,15.38,8.29,1.06
889,2017-08-10,63700,64600,63200,64400,4474120,15.38,8.29,1.06
890,2017-08-11,62000,63000,61400,61400,6664578,15.38,8.29,1.06
891,2017-08-14,63000,65100,62300,65100,5239246,15.38,8.29,1.06
892,2017-08-16,67200,67300,65800,66100,4714899,15.38,8.29,1.06
893,2017-08-17,66800,67300,66100,66400,3709768,15.38,8.29,1.06
894,2017-08-18,64900,67300,64800,67000,3130891,15.38,8.29,1.06
895,2017-08-21,67300,67800,66600,67200,2570150,15.38,8.29,1.06
896,2017-08-22,67400,68200,67200,68200,2208365,15.38,8.29,1.06
897,2017-08-23,69000,69000,67600,68000,3072911,15.38,8.29,1.06
898,2017-08-24,68200,68700,67500,68100,2333347,15.38,8.29,1.06
899,2017-08-25,68300,68400,67600,68400,1862764,15.38,8.29,1.06
900,2017-08-28,68000,68100,67100,67900,1843458,15.38,8.29,1.06
901,2017-08-29,67300,67900,66400,67600,2967906,15.38,8.29,1.06
902,2017-08-30,68300,68900,68100,68500,2118742,15.38,8.29,1.06
903,2017-08-31,68900,69300,68200,68600,2054717,15.38,8.29,1.06
904,2017-09-01,69000,69200,67700,68700,2304425,15.38,8.29,1.06
905,2017-09-04,66600,68600,66600,68100,3234465,15.38,8.29,1.06
906,2017-09-05,68600,70100,67900,69900,4026248,15.38,8.29,1.06
907,2017-09-06,69900,71900,69700,71700,4476200,15.38,8.29,1.06
908,2017-09-07,71600,72800,71200,71400,3877849,15.38,8.29,1.06
909,2017-09-08,72000,72800,71500,72600,2868673,15.38,8.29,1.06
910,2017-09-11,73600,74200,73200,73800,3321612,15.38,8.29,1.06
911,2017-09-12,74800,74900,73500,74700,3676865,15.38,8.29,1.06
912,2017-09-13,75000,77400,74300,75700,5682708,15.38,8.29,1.06
913,2017-09-14,76300,76800,75700,76800,3366621,15.38,8.29,1.06
914,2017-09-15,76100,77500,76000,77200,2725277,15.38,8.29,1.06
915,2017-09-18,78200,80000,77700,79700,3638325,15.38,8.29,1.06
916,2017-09-19,80100,80500,78500,79200,3934389,15.38,8.29,1.06
917,2017-09-20,79300,81200,78400,80700,5268665,15.38,8.29,1.06
918,2017-09-21,81100,83400,80400,83100,6961713,15.38,8.29,1.06
919,2017-09-22,82900,84300,82000,83100,5970218,15.38,8.29,1.06
920,2017-09-25,83600,86300,83600,86300,4656285,15.38,8.29,1.06
921,2017-09-26,84100,85100,81000,82100,11035272,15.38,8.29,1.06
922,2017-09-27,83100,83800,81400,82400,5029200,15.38,8.29,1.06
923,2017-09-28,84500,85500,82500,83200,4817018,15.38,8.29,1.06
924,2017-09-29,83300,84300,82200,82900,3579139,15.38,8.29,1.06
925,2017-10-10,86300,90000,85300,88700,7956055,15.38,8.29,1.06
926,2017-10-11,89900,90300,88100,89100,5500820,15.38,8.29,1.06
927,2017-10-12,89200,89900,88100,88500,4313702,15.38,8.29,1.06
928,2017-10-13,88500,88500,85600,86100,6101810,15.38,8.29,1.06
929,2017-10-16,86100,87100,82800,84200,6985619,15.38,8.29,1.06
930,2017-10-17,85700,86600,83500,83500,6802500,15.38,8.29,1.06
931,2017-10-18,83200,83300,80000,80900,9070685,15.38,8.29,1.06
932,2017-10-19,79900,81800,79000,79000,7675978,15.38,8.29,1.06
933,2017-10-20,79800,82400,79600,81200,6911051,15.38,8.29,1.06
934,2017-10-23,82600,84700,82100,84700,5388391,15.38,8.29,1.06
935,2017-10-24,84000,84200,81600,81800,5236092,15.38,8.29,1.06
936,2017-10-25,82100,82600,80300,81700,3914170,15.38,8.29,1.06
937,2017-10-26,80000,82000,78500,78700,7528077,15.38,8.29,1.06
938,2017-10-27,78100,78700,76500,78400,8929263,15.38,8.29,1.06
939,2017-10-30,79600,81300,79100,79800,5883529,15.38,8.29,1.06
940,2017-10-31,80000,82700,79200,82200,6620890,15.38,8.29,1.06
941,2017-11-01,86000,86000,84000,85300,7067296,15.38,8.29,1.06
942,2017-11-02,85000,85100,83200,83400,4464960,15.38,8.29,1.06
943,2017-11-03,83400,84500,81900,84400,4050123,15.38,8.29,1.06
944,2017-11-06,83600,84100,83000,83500,3131468,15.38,8.29,1.06
945,2017-11-07,82800,83300,82200,82400,2993945,15.38,8.29,1.06
946,2017-11-08,82100,84400,81800,83200,3396387,15.38,8.29,1.06
947,2017-11-09,83200,83500,81600,82400,3748489,15.38,8.29,1.06
948,2017-11-10,81300,82800,81000,82000,2357772,15.38,8.29,1.06
949,2017-11-13,82000,83100,81800,82300,2955651,15.38,8.29,1.06
950,2017-11-14,83000,84500,82900,83400,3399976,15.38,8.29,1.06
951,2017-11-15,83800,84200,81900,82000,3207872,15.38,8.29,1.06
952,2017-11-16,82300,82800,81200,82500,3053355,15.38,8.29,1.06
953,2017-11-17,83300,84800,83000,83000,4339090,15.38,8.29,1.06
954,2017-11-20,83300,83300,81800,82100,2988991,15.38,8.29,1.06
955,2017-11-21,83200,85000,82800,85000,5540888,15.38,8.29,1.06
956,2017-11-22,86500,87700,86100,86800,4592670,15.38,8.29,1.06
957,2017-11-23,86200,86300,84500,84700,2840382,15.38,8.29,1.06
958,2017-11-24,84500,85400,83900,85100,2073899,15.38,8.29,1.06
959,2017-11-27,86000,86700,82000,83100,7105679,15.38,8.29,1.06
960,2017-11-28,82900,83600,81200,82600,4083144,15.38,8.29,1.06
961,2017-11-29,82900,83000,82100,82400,2418748,15.38,8.29,1.06
962,2017-11-30,77000,79600,76800,76800,11213748,15.38,8.29,1.06
963,2017-12-01,77200,78800,77100,77400,4340592,15.38,8.29,1.06
964,2017-12-04,77600,79200,76800,79100,4115752,15.38,8.29,1.06
965,2017-12-05,77600,79300,77100,77900,3736568,15.38,8.29,1.06
966,2017-12-06,78700,79500,77200,77500,3934238,15.38,8.29,1.06
967,2017-12-07,78300,78300,75600,76000,5166136,15.38,8.29,1.06
968,2017-12-08,77500,78900,76900,78700,3660716,15.38,8.29,1.06
969,2017-12-11,79000,79500,78000,78700,2493176,15.38,8.29,1.06
970,2017-12-12,79000,79000,77100,77800,3746347,15.38,8.29,1.06
971,2017-12-13,77400,77500,76200,76800,3485920,15.38,8.29,1.06
972,2017-12-14,77200,77600,76000,76000,5552560,15.38,8.29,1.06
973,2017-12-15,77100,77400,75600,75700,3374982,15.38,8.29,1.06
974,2017-12-18,76200,77300,75900,77200,3237589,15.38,8.29,1.06
975,2017-12-19,78400,80800,78200,80200,6782210,15.38,8.29,1.06
976,2017-12-20,80900,81600,79900,80100,4375810,15.38,8.29,1.06
977,2017-12-21,80200,80600,76900,77000,4831110,15.38,8.29,1.06
978,2017-12-22,76400,77400,76300,76700,3382954,15.38,8.29,1.06
979,2017-12-26,76600,76900,74000,74000,6253943,15.38,8.29,1.06
980,2017-12-27,75400,76400,74400,75100,4291492,15.38,8.29,1.06
981,2017-12-28,75400,76700,75200,76500,2825939,15.38,8.29,1.06
982,2018-01-02,77300,77300,76200,76600,2014838,15.52,6.96,0.86
983,2018-01-03,78100,78800,77300,77700,3097644,15.52,6.96,0.86
984,2018-01-04,78700,79700,77100,77100,3729328,15.52,6.96,0.86
985,2018-01-05,78400,79400,78300,79300,3395065,15.52,6.96,0.86
986,2018-01-08,79500,80000,77400,78200,2960495,15.52,6.96,0.86
987,2018-01-09,78300,78900,76300,76900,3343874,15.52,6.96,0.86
988,2018-01-10,76700,76700,72500,72900,9123901,15.52,6.96,0.86
989,2018-01-11,73200,73800,72000,72600,3777867,15.52,6.96,0.86
990,2018-01-12,73300,74500,72000,74400,5659087,15.52,6.96,0.86
991,2018-01-15,73700,74100,72500,72700,3541267,15.52,6.96,0.86
992,2018-01-16,72700,74700,72700,74400,4383229,15.52,6.96,0.86
993,2018-01-17,74400,75000,73700,74100,3256624,15.52,6.96,0.86
994,2018-01-18,75800,76800,74600,75200,6199800,15.52,6.96,0.86
995,2018-01-19,75300,75800,73000,73300,3898397,15.52,6.96,0.86
996,2018-01-22,72800,72800,70700,71100,5610463,15.52,6.96,0.86
997,2018-01-23,71800,72200,70900,71300,4671451,15.52,6.96,0.86
998,2018-01-24,71600,73200,71500,72400,3802939,15.52,6.96,0.86
999,2018-01-25,73400,76200,72300,75800,8758929,15.52,6.96,0.86
1000,2018-01-26,76400,76400,74200,75500,4296170,15.52,6.96,0.86
1001,2018-01-29,76500,77000,75000,75300,3618328,15.52,6.96,0.86
1002,2018-01-30,74300,74600,73100,73100,5443314,15.52,6.96,0.86
1003,2018-01-31,72200,74500,72200,73500,5800892,15.52,6.96,0.86
1004,2018-02-01,74900,75200,74000,74400,2987816,15.52,6.96,0.86
1005,2018-02-02,74500,74600,71800,72200,4343077,15.52,6.96,0.86
1006,2018-02-05,70200,70900,69800,70200,4058439,15.52,6.96,0.86
1007,2018-02-06,69100,71300,68200,70200,5679965,15.52,6.96,0.86
1008,2018-02-07,73700,73800,70800,71100,6007913,15.52,6.96,0.86
1009,2018-02-08,71900,74200,71600,73900,5586858,15.52,6.96,0.86
1010,2018-02-09,72100,74200,72000,73400,5118112,15.52,6.96,0.86
1011,2018-02-12,73700,74700,73400,74500,3317876,15.52,6.96,0.86
1012,2018-02-13,75900,77800,75800,77700,7814367,15.52,6.96,0.86
1013,2018-02-14,78400,79500,77000,77600,3943628,15.52,6.96,0.86
1014,2018-02-19,78900,79000,76100,76500,3350577,15.52,6.96,0.86
1015,2018-02-20,76400,76500,75200,75500,2507719,15.52,6.96,0.86
1016,2018-02-21,75800,77200,75800,76900,2653870,15.52,6.96,0.86
1017,2018-02-22,76100,77400,75700,75900,1879461,15.52,6.96,0.86
1018,2018-02-23,76100,77600,76000,77300,2404473,15.52,6.96,0.86
1019,2018-02-26,78300,78500,77200,77500,2327486,15.52,6.96,0.86
1020,2018-02-27,78700,79200,78400,78700,3395415,15.52,6.96,0.86
1021,2018-02-28,78600,79200,76600,76800,3102987,15.52,6.96,0.86
1022,2018-03-02,76300,77800,75900,77400,2673152,15.52,6.96,0.86
1023,2018-03-05,77500,78900,77100,78300,3415061,15.52,6.96,0.86
1024,2018-03-06,80100,82500,80000,82400,7588369,15.52,6.96,0.86
1025,2018-03-07,83600,83900,82400,82700,4992841,15.52,6.96,0.86
1026,2018-03-08,83900,84300,81800,83500,4440076,15.52,6.96,0.86
1027,2018-03-09,84400,85900,83100,83300,5159197,15.52,6.96,0.86
1028,2018-03-12,84900,85600,84300,84900,2744795,15.52,6.96,0.86
1029,2018-03-13,88000,90000,87600,90000,8775741,15.52,6.96,0.86
1030,2018-03-14,89300,90900,89200,90700,5939290,15.52,6.96,0.86
1031,2018-03-15,90300,90500,88600,89600,4106667,15.52,6.96,0.86
1032,2018-03-16,88500,89900,87200,89800,5006430,15.52,6.96,0.86
1033,2018-03-19,90200,91500,89500,89900,3743718,15.52,6.96,0.86
1034,2018-03-20,88900,89700,88000,89600,3083666,15.52,6.96,0.86
1035,2018-03-21,89600,90300,88000,88400,2942484,15.52,6.96,0.86
1036,2018-03-22,88800,89300,88000,88600,2698169,15.52,6.96,0.86
1037,2018-03-23,85100,86400,82800,83100,7310739,15.52,6.96,0.86
1038,2018-03-26,82300,84000,81000,84000,6121334,15.52,6.96,0.86
1039,2018-03-27,84700,84800,80100,81400,7184488,15.52,6.96,0.86
1040,2018-03-28,79900,82200,79600,80300,4820673,15.52,6.96,0.86
1041,2018-03-29,80800,81300,79600,80300,3618849,15.52,6.96,0.86
1042,2018-03-30,81200,83300,81100,81300,3681673,15.52,6.96,0.86
1043,2018-04-02,81700,82800,81100,81300,2342407,15.52,6.96,0.86
1044,2018-04-03,80300,81800,78700,81800,3553815,15.52,6.96,0.86
1045,2018-04-04,82500,83000,80000,80400,2964537,15.52,6.96,0.86
1046,2018-04-05,82200,83200,81200,82900,3255356,15.52,6.96,0.86
1047,2018-04-06,80000,80600,79300,80300,5693281,15.52,6.96,0.86
1048,2018-04-09,80000,81200,79300,80600,3231256,15.52,6.96,0.86
1049,2018-04-10,80000,80800,79200,80400,2924054,15.52,6.96,0.86
1050,2018-04-11,82400,82400,81000,81200,3053453,15.52,6.96,0.86
1051,2018-04-12,81900,85100,81500,84000,5725102,15.52,6.96,0.86
1052,2018-04-13,85000,85900,83900,84200,3032369,15.52,6.96,0.86
1053,2018-04-16,84200,84700,83400,84000,1489091,15.52,6.96,0.86
1054,2018-04-17,83900,84000,82300,82800,2501282,15.52,6.96,0.86
1055,2018-04-18,84100,85400,83700,84600,3375376,15.52,6.96,0.86
1056,2018-04-19,85800,88200,85300,87900,5901782,15.52,6.96,0.86
1057,2018-04-20,85900,86300,84000,84400,4590640,15.52,6.96,0.86
1058,2018-04-23,83400,85300,83300,84400,3002461,15.52,6.96,0.86
1059,2018-04-24,83300,83400,80400,82100,6804182,15.52,6.96,0.86
1060,2018-04-25,81600,83000,80900,82400,3845661,15.52,6.96,0.86
1061,2018-04-26,83800,87100,83300,86500,7551747,15.52,6.96,0.86
1062,2018-04-27,88500,88800,86800,87100,4961867,15.52,6.96,0.86
1063,2018-04-30,85400,85700,84000,84500,4653153,15.52,6.96,0.86
1064,2018-05-02,85900,86000,82900,83100,5444240,15.52,6.96,0.86
1065,2018-05-03,83200,83900,82800,82900,2362792,15.52,6.96,0.86
1066,2018-05-04,83500,84100,82600,83000,2696141,15.52,6.96,0.86
1067,2018-05-08,84500,85300,83200,83500,2979605,15.52,6.96,0.86
1068,2018-05-09,84300,84700,83100,83400,2284106,15.52,6.96,0.86
1069,2018-05-10,85400,85800,84500,85800,3274963,15.52,6.96,0.86
1070,2018-05-11,86600,86800,85400,86100,2107047,15.52,6.96,0.86
1071,2018-05-14,86100,86300,84500,85400,1959236,15.52,6.96,0.86
1072,2018-05-15,86000,86000,83900,84600,2239370,15.52,6.96,0.86
1073,2018-05-16,85000,87000,84800,87000,3040180,15.52,6.96,0.86
1074,2018-05-17,88400,88700,86000,86700,2864278,15.52,6.96,0.86
1075,2018-05-18,87200,88000,85400,87900,2187789,15.52,6.96,0.86
1076,2018-05-21,88400,89400,87400,89100,3262983,15.52,6.96,0.86
1077,2018-05-23,91900,95500,91500,95300,10378915,15.52,6.96,0.86
1078,2018-05-24,95300,95900,94600,94600,3220029,15.52,6.96,0.86
1079,2018-05-25,94300,97700,93900,95200,4145819,15.52,6.96,0.86
1080,2018-05-28,94600,95600,93700,94500,2505786,15.52,6.96,0.86
1081,2018-05-29,94600,96100,93500,94800,2733549,15.52,6.96,0.86
1082,2018-05-30,94800,95700,92800,95000,3808299,15.52,6.96,0.86
1083,2018-05-31,94500,94700,92800,93400,5996671,15.52,6.96,0.86
1084,2018-06-01,90800,92200,89600,91400,4790644,15.52,6.96,0.86
1085,2018-06-04,91000,92400,89700,89800,3141036,15.52,6.96,0.86
1086,2018-06-05,89800,91300,89800,91000,2758383,15.52,6.96,0.86
1087,2018-06-07,92700,92700,90600,90900,2754947,15.52,6.96,0.86
1088,2018-06-08,91000,91000,87600,88400,4579508,15.52,6.96,0.86
1089,2018-06-11,88800,90200,88100,89200,2535933,15.52,6.96,0.86
1090,2018-06-12,89900,90100,88200,88400,1876012,15.52,6.96,0.86
1091,2018-06-14,88300,88300,86300,86300,4646948,15.52,6.96,0.86
1092,2018-06-15,87400,87800,86100,87000,2945006,15.52,6.96,0.86
1093,2018-06-18,86800,86900,82300,84000,4723914,15.52,6.96,0.86
1094,2018-06-19,84100,86100,83700,84100,3824878,15.52,6.96,0.86
1095,2018-06-20,85800,88100,85000,87800,4183210,15.52,6.96,0.86
1096,2018-06-21,88900,89300,87500,88500,3274612,15.52,6.96,0.86
1097,2018-06-22,87300,89500,86700,89500,2569978,15.52,6.96,0.86
1098,2018-06-25,88800,88800,84600,84800,4420542,15.52,6.96,0.86
1099,2018-06-26,82500,84800,82400,84300,5518522,15.52,6.96,0.86
1100,2018-06-27,85700,86400,85200,85200,3798356,15.52,6.96,0.86
1101,2018-06-28,83000,84000,82500,83500,3838303,15.52,6.96,0.86
1102,2018-06-29,83500,85700,83400,85700,3003603,15.52,6.96,0.86
1103,2018-07-02,85000,86000,83400,83700,2033542,15.52,6.96,0.86
1104,2018-07-03,85000,86500,84500,86100,2817592,15.52,6.96,0.86
1105,2018-07-04,87800,87800,84400,85000,2744382,15.52,6.96,0.86
1106,2018-07-05,85000,87300,85000,86200,2059342,15.52,6.96,0.86
1107,2018-07-06,86200,86200,83600,85300,3482186,15.52,6.96,0.86
1108,2018-07-09,85300,87600,85300,87600,2127205,15.52,6.96,0.86
1109,2018-07-10,88400,88600,86700,87300,2002682,15.52,6.96,0.86
1110,2018-07-11,86500,87600,85900,86800,2037358,15.52,6.96,0.86
1111,2018-07-12,86800,87000,85400,85600,3032951,15.52,6.96,0.86
1112,2018-07-13,86500,90100,86500,88800,4535954,15.52,6.96,0.86
1113,2018-07-16,88700,89300,87800,89300,1896459,15.52,6.96,0.86
1114,2018-07-17,90100,90200,88500,88600,1570129,15.52,6.96,0.86
1115,2018-07-18,89700,91000,89100,89300,1937496,15.52,6.96,0.86
1116,2018-07-19,90400,91200,90300,90300,2383489,15.52,6.96,0.86
1117,2018-07-20,89700,90000,87200,87900,3726334,15.52,6.96,0.86
1118,2018-07-23,86300,86400,81200,81700,7076375,15.52,6.96,0.86
1119,2018-07-24,82500,83800,81700,83600,4023740,15.52,6.96,0.86
1120,2018-07-25,83400,84000,80200,80500,4154596,15.52,6.96,0.86
1121,2018-07-26,81300,83800,78600,83100,6218102,15.52,6.96,0.86
1122,2018-07-27,83700,86400,83100,86100,4943923,15.52,6.96,0.86
1123,2018-07-30,86200,86400,85100,85900,2301941,15.52,6.96,0.86
1124,2018-07-31,85200,86300,84500,86300,2804543,15.52,6.96,0.86
1125,2018-08-01,85900,86400,85100,85600,2265008,15.52,6.96,0.86
1126,2018-08-02,85000,85600,82900,83200,3373964,15.52,6.96,0.86
1127,2018-08-03,84000,84100,83100,83300,1928574,15.52,6.96,0.86
1128,2018-08-06,82200,82300,79300,79400,5910100,15.52,6.96,0.86
1129,2018-08-07,80100,80800,79700,80700,3288142,15.52,6.96,0.86
1130,2018-08-08,81500,81600,79400,79800,2804784,15.52,6.96,0.86
1131,2018-08-09,80100,80300,77500,78000,5587662,15.52,6.96,0.86
1132,2018-08-10,77200,77600,74600,75100,6785694,15.52,6.96,0.86
1133,2018-08-13,74300,75700,74100,75400,3734794,15.52,6.96,0.86
1134,2018-08-14,75900,76600,75500,75900,3206407,15.52,6.96,0.86
1135,2018-08-16,73500,75400,72500,74700,5550888,15.52,6.96,0.86
1136,2018-08-17,74400,75500,74100,74500,2647963,15.52,6.96,0.86
1137,2018-08-20,74700,75400,74400,74700,2048829,15.52,6.96,0.86
1138,2018-08-21,74800,78700,74400,78400,5663191,15.52,6.96,0.86
1139,2018-08-22,79300,80900,78200,79800,5295710,15.52,6.96,0.86
1140,2018-08-23,80300,81300,79300,81100,3272130,15.52,6.96,0.86
1141,2018-08-24,80400,82200,79600,81800,3612709,15.52,6.96,0.86
1142,2018-08-27,82100,83800,81600,83500,3070598,15.52,6.96,0.86
1143,2018-08-28,84100,84300,81900,82400,4466308,15.52,6.96,0.86
1144,2018-08-29,82500,83300,81600,82800,2330703,15.52,6.96,0.86
1145,2018-08-30,82200,83500,81500,82700,2337573,15.52,6.96,0.86
1146,2018-08-31,81800,83000,81800,83000,2303812,15.52,6.96,0.86
1147,2018-09-03,82200,82800,80500,80600,2618619,15.52,6.96,0.86
1148,2018-09-04,80600,81600,80200,81200,1903734,15.52,6.96,0.86
1149,2018-09-05,80600,81000,79900,80000,2627619,15.52,6.96,0.86
1150,2018-09-06,78300,78900,77400,78800,4516654,15.52,6.96,0.86
1151,2018-09-07,74500,76200,74100,75900,8388278,15.52,6.96,0.86
1152,2018-09-10,75900,77100,75500,76500,4167711,15.52,6.96,0.86
1153,2018-09-11,76400,77800,76300,76600,3197796,15.52,6.96,0.86
1154,2018-09-12,76200,76200,74700,75100,4330147,15.52,6.96,0.86
1155,2018-09-13,74300,75200,73900,74500,5257563,15.52,6.96,0.86
1156,2018-09-14,76100,77800,76000,77700,4124842,15.52,6.96,0.86
1157,2018-09-17,78000,78200,76700,77200,2252063,15.52,6.96,0.86
1158,2018-09-18,76600,78300,76100,78000,2450163,15.52,6.96,0.86
1159,2018-09-19,79400,79700,78400,78800,2912259,15.52,6.96,0.86
1160,2018-09-20,78600,79900,78000,79100,3392490,15.52,6.96,0.86
1161,2018-09-21,77100,77500,76300,76700,5678068,15.52,6.96,0.86
1162,2018-09-27,75900,75900,74700,75000,5841083,15.52,6.96,0.86
1163,2018-09-28,75300,75900,73100,73100,5824873,15.52,6.96,0.86
1164,2018-10-01,74300,74600,73200,73700,2970456,15.52,6.96,0.86
1165,2018-10-02,73600,74000,71600,71700,4089558,15.52,6.96,0.86
1166,2018-10-04,71700,72200,69800,70000,5778810,15.52,6.96,0.86
1167,2018-10-05,69700,71100,69400,70300,5508014,15.52,6.96,0.86
1168,2018-10-08,69500,71800,69400,71200,2856291,15.52,6.96,0.86
1169,2018-10-10,70300,71100,69800,70300,4161114,15.52,6.96,0.86
1170,2018-10-11,67600,70200,67500,69000,4936490,15.52,6.96,0.86
1171,2018-10-12,69200,73200,69200,72400,4882184,15.52,6.96,0.86
1172,2018-10-15,71600,71700,69900,70300,3727297,15.52,6.96,0.86
1173,2018-10-16,70300,71000,69600,69700,2211661,15.52,6.96,0.86
1174,2018-10-17,71400,71700,70300,70400,2653053,15.52,6.96,0.86
1175,2018-10-18,69600,69900,68700,68700,2849229,15.52,6.96,0.86
1176,2018-10-19,68100,70900,67800,70800,2688930,15.52,6.96,0.86
1177,2018-10-22,69600,70900,69600,70000,2377240,15.52,6.96,0.86
1178,2018-10-23,69600,70000,68600,69100,3175869,15.52,6.96,0.86
1179,2018-10-24,69400,69600,65800,66700,5703361,15.52,6.96,0.86
1180,2018-10-25,64700,66000,63200,64700,5859332,15.52,6.96,0.86
1181,2018-10-26,65100,67100,62900,67000,6211406,15.52,6.96,0.86
1182,2018-10-29,66600,67800,64800,66800,4252977,15.52,6.96,0.86
1183,2018-10-30,66000,70900,65900,68200,6101533,15.52,6.96,0.86
1184,2018-10-31,69300,70400,67600,68200,5038931,15.52,6.96,0.86
1185,2018-11-01,68900,69600,67800,68300,3218076,15.52,6.96,0.86
1186,2018-11-02,70600,72800,69100,72600,5334082,15.52,6.96,0.86
1187,2018-11-05,72000,72100,70100,70500,3389386,15.52,6.96,0.86
1188,2018-11-06,70500,70600,69100,70100,2624868,15.52,6.96,0.86
1189,2018-11-07,70400,72300,70100,70800,3770119,15.52,6.96,0.86
1190,2018-11-08,72900,73300,72600,72900,3930969,15.52,6.96,0.86
1191,2018-11-09,72400,73600,71900,72900,3414946,15.52,6.96,0.86
1192,2018-11-12,72200,74500,71800,74500,3328433,15.52,6.96,0.86
1193,2018-11-13,72300,72500,69900,71900,4730929,15.52,6.96,0.86
1194,2018-11-14,71400,72100,70200,70400,2783377,15.52,6.96,0.86
1195,2018-11-15,70800,71800,70400,71800,1564647,15.52,6.96,0.86
1196,2018-11-16,72600,72900,70000,70100,2894513,15.52,6.96,0.86
1197,2018-11-19,69600,70500,68900,69800,2303677,15.52,6.96,0.86
1198,2018-11-20,67000,68200,67000,67500,3325563,15.52,6.96,0.86
1199,2018-11-21,66900,68300,66100,68100,3100596,15.52,6.96,0.86
1200,2018-11-22,68100,69700,68000,69300,1966126,15.52,6.96,0.86
1201,2018-11-23,69500,69700,68400,69300,1499166,15.52,6.96,0.86
1202,2018-11-26,69200,71300,69000,70900,2361766,15.52,6.96,0.86
1203,2018-11-27,71100,71200,69700,70800,2293763,15.52,6.96,0.86
1204,2018-11-28,71000,72000,70700,71900,2441991,15.52,6.96,0.86
1205,2018-11-29,73700,73700,71200,71500,3270078,15.52,6.96,0.86
1206,2018-11-30,71500,71600,68800,69600,4167055,15.52,6.96,0.86
1207,2018-12-03,71000,71100,69800,70500,2760290,15.52,6.96,0.86
1208,2018-12-04,69900,70400,68400,69000,3222060,15.52,6.96,0.86
1209,2018-12-05,67200,68800,67200,68200,3008950,15.52,6.96,0.86
1210,2018-12-06,67800,68200,65700,66000,3902275,15.52,6.96,0.86
1211,2018-12-07,66700,67400,66600,66800,2590733,15.52,6.96,0.86
1212,2018-12-10,65900,65900,64700,65500,2206084,15.52,6.96,0.86
1213,2018-12-11,66000,66600,64800,64900,2457332,15.52,6.96,0.86
1214,2018-12-12,65000,66200,64900,66200,2901875,15.52,6.96,0.86
1215,2018-12-13,66300,66400,64800,65500,4062323,15.52,6.96,0.86
1216,2018-12-14,65200,65300,61200,61800,5617675,15.52,6.96,0.86
1217,2018-12-17,61600,62500,61000,62200,2506287,15.52,6.96,0.86
1218,2018-12-18,61000,61900,60800,61100,3098206,15.52,6.96,0.86
1219,2018-12-19,60800,61000,59700,60300,3561783,15.52,6.96,0.86
1220,2018-12-20,59300,59400,58100,58600,4889709,15.52,6.96,0.86
1221,2018-12-21,58200,60500,58200,60000,3946994,15.52,6.96,0.86
1222,2018-12-24,59600,60700,59200,60400,2101703,15.52,6.96,0.86
1223,2018-12-26,59400,60800,59300,60100,2455060,15.52,6.96,0.86
1224,2018-12-27,61600,61900,60600,61600,3047798,15.52,6.96,0.86
1225,2018-12-28,61700,62300,60500,60500,1647462,15.52,6.96,0.86
1226,2019-01-02,61300,61400,60000,60600,1934295,3.92,21.59,0.76
1227,2019-01-03,60200,60300,57500,57700,3337621,3.92,21.59,0.76
1228,2019-01-04,57500,58500,56700,58300,3388087,3.92,21.59,0.76
1229,2019-01-07,59000,59700,58400,58700,2273750,3.92,21.59,0.76
1230,2019-01-08,57900,60500,57600,59200,3062192,3.92,21.59,0.76
1231,2019-01-09,59600,63800,59400,63600,4928656,3.92,21.59,0.76
1232,2019-01-10,64100,65600,64000,65300,6034432,3.92,21.59,0.76
1233,2019-01-11,65400,65900,64200,65100,2890639,3.92,21.59,0.76
1234,2019-01-14,64300,65100,62000,62100,3282892,3.92,21.59,0.76
1235,2019-01-15,62200,64000,62200,64000,2413868,3.92,21.59,0.76
1236,2019-01-16,63800,64900,62700,64800,2478497,3.92,21.59,0.76
1237,2019-01-17,65500,66200,64600,64900,2830122,3.92,21.59,0.76
1238,2019-01-18,65000,65700,63900,64600,2263599,3.92,21.59,0.76
1239,2019-01-21,65900,67400,65000,67000,3977425,3.92,21.59,0.76
1240,2019-01-22,67900,68000,65700,66600,4047917,3.92,21.59,0.76
1241,2019-01-23,65500,67200,64800,66800,2825017,3.92,21.59,0.76
1242,2019-01-24,66900,70500,66900,70500,6914092,3.92,21.59,0.76
1243,2019-01-25,71600,74800,71100,74600,7163871,3.92,21.59,0.76
1244,2019-01-28,74700,74900,71200,71800,4972189,3.92,21.59,0.76
1245,2019-01-29,71400,73800,71000,73400,3368642,3.92,21.59,0.76
1246,2019-01-30,73500,76300,73000,75900,5304841,3.92,21.59,0.76
1247,2019-01-31,76900,77100,73700,73900,4447535,3.92,21.59,0.76
1248,2019-02-01,75400,76400,74700,75900,3349965,3.92,21.59,0.76
1249,2019-02-07,77500,78200,76600,76700,4249110,3.92,21.59,0.76
1250,2019-02-08,75200,75500,73000,73500,4012485,3.92,21.59,0.76
1251,2019-02-11,73000,74100,72200,74100,3374192,3.92,21.59,0.76
1252,2019-02-12,74100,76400,73900,75900,3526701,3.92,21.59,0.76
1253,2019-02-13,77300,77600,76100,76200,2378193,3.92,21.59,0.76
1254,2019-02-14,75800,77400,75100,77400,2313376,3.92,21.59,0.76
1255,2019-02-15,76800,76900,73800,73800,4154616,3.92,21.59,0.76
1256,2019-02-18,74300,75300,74000,74700,1772434,3.92,21.59,0.76
1257,2019-02-20,73700,76000,73600,75700,3134257,3.92,21.59,0.76
1258,2019-02-21,75300,77200,74600,76700,2874589,3.92,21.59,0.76
1259,2019-02-22,75600,76700,75300,76700,1882653,3.92,21.59,0.76
1260,2019-02-25,77300,77600,74800,75400,2865712,3.92,21.59,0.76
1261,2019-02-26,75000,75900,74100,75200,2483512,3.92,21.59,0.76
1262,2019-02-27,75300,75700,73700,73700,2864044,3.92,21.59,0.76
1263,2019-02-28,72500,72600,69900,70000,7869451,3.92,21.59,0.76
1264,2019-03-04,70300,71400,69900,70100,4931703,3.92,21.59,0.76
1265,2019-03-05,68300,70000,68300,69700,3465521,3.92,21.59,0.76
1266,2019-03-06,68500,69600,67400,68100,4958303,3.92,21.59,0.76
1267,2019-03-07,67200,68900,67100,68100,3402570,3.92,21.59,0.76
1268,2019-03-08,67900,68200,66200,66700,3571792,3.92,21.59,0.76
1269,2019-03-11,67000,67800,66200,66600,2869008,3.92,21.59,0.76
1270,2019-03-12,67700,68600,67500,67700,2753535,3.92,21.59,0.76
1271,2019-03-13,67700,67800,65900,66800,2851596,3.92,21.59,0.76
1272,2019-03-14,67400,67400,66400,67300,3107100,3.92,21.59,0.76
1273,2019-03-15,67400,68700,66700,68100,3645592,3.92,21.59,0.76
1274,2019-03-18,69200,69300,67300,67800,2158588,3.92,21.59,0.76
1275,2019-03-19,67300,68000,66600,68000,2285169,3.92,21.59,0.76
1276,2019-03-20,68400,70600,67600,70500,3642962,3.92,21.59,0.76
1277,2019-03-21,73500,76000,72600,75900,10030131,3.92,21.59,0.76
1278,2019-03-22,78900,78900,75900,76100,5286455,3.92,21.59,0.76
1279,2019-03-25,73700,74200,72600,72900,3752230,3.92,21.59,0.76
1280,2019-03-26,72900,73300,71500,72700,2987678,3.92,21.59,0.76
1281,2019-03-27,71800,74100,71200,73400,2744175,3.92,21.59,0.76
1282,2019-03-28,72300,73600,71700,72300,2774932,3.92,21.59,0.76
1283,2019-03-29,72900,74900,72700,74200,3214170,3.92,21.59,0.76
1284,2019-04-01,75600,77100,75500,76600,3579070,3.92,21.59,0.76
1285,2019-04-02,77900,78000,76100,76400,2719440,3.92,21.59,0.76
1286,2019-04-03,76800,79900,76500,79900,4674142,3.92,21.59,0.76
1287,2019-04-04,80400,81400,77800,78400,5436236,3.92,21.59,0.76
1288,2019-04-05,78200,79300,77900,79000,2191720,3.92,21.59,0.76
1289,2019-04-08,78900,79200,77600,77900,2663493,3.92,21.59,0.76
1290,2019-04-09,77700,78700,77400,77800,2322860,3.92,21.59,0.76
1291,2019-04-10,76700,78800,76200,78600,2689591,3.92,21.59,0.76
1292,2019-04-11,79200,79500,78000,78400,2614388,3.92,21.59,0.76
1293,2019-04-12,77400,78800,77400,78100,2317264,3.92,21.59,0.76
1294,2019-04-15,79000,79900,78600,79700,2019931,3.92,21.59,0.76
1295,2019-04-16,79900,80800,79100,80400,2206997,3.92,21.59,0.76
1296,2019-04-17,81000,82300,80000,80200,2886956,3.92,21.59,0.76
1297,2019-04-18,80800,81200,78500,79200,3295697,3.92,21.59,0.76
1298,2019-04-19,80500,82400,80100,81800,3040186,3.92,21.59,0.76
1299,2019-04-22,81500,81800,79900,80500,1887109,3.92,21.59,0.76
1300,2019-04-23,81000,81800,80400,81000,1779318,3.92,21.59,0.76
1301,2019-04-24,81500,81500,77500,78500,5318487,3.92,21.59,0.76
1302,2019-04-25,78400,81500,78100,80200,5586360,3.92,21.59,0.76
1303,2019-04-26,78500,79900,77600,78600,5183181,3.92,21.59,0.76
1304,2019-04-29,78700,80100,78200,80000,2987384,3.92,21.59,0.76
1305,2019-04-30,79400,80700,78100,79000,2960242,3.92,21.59,0.76
1306,2019-05-02,79700,81200,79100,80700,3092434,3.92,21.59,0.76
1307,2019-05-03,81100,81300,80300,80400,2481811,3.92,21.59,0.76
1308,2019-05-07,79200,80400,78700,79900,2700371,3.92,21.59,0.76
1309,2019-05-08,78700,80500,78000,80300,2731620,3.92,21.59,0.76
1310,2019-05-09,79600,79700,75200,76000,5939278,3.92,21.59,0.76
1311,2019-05-10,76100,76700,73400,74400,5702537,3.92,21.59,0.76
1312,2019-05-13,73900,75000,72800,73500,3062929,3.92,21.59,0.76
1313,2019-05-14,72200,75100,71600,74600,3712697,3.92,21.59,0.76
1314,2019-05-15,74800,75100,73900,74500,2056131,3.92,21.59,0.76
1315,2019-05-16,74400,75100,71600,71900,3467027,3.92,21.59,0.76
1316,2019-05-17,72500,73300,71400,71600,2412668,3.92,21.59,0.76
1317,2019-05-20,71800,72800,70700,70900,1970694,3.92,21.59,0.76
1318,2019-05-21,70500,72200,69700,70300,3893536,3.92,21.59,0.76
1319,2019-05-22,71300,71300,68500,68900,3128787,3.92,21.59,0.76
1320,2019-05-23,68400,69100,67300,68000,3108370,3.92,21.59,0.76
1321,2019-05-24,67300,68600,67000,67600,3339145,3.92,21.59,0.76
1322,2019-05-27,67900,68200,66400,66900,2214176,3.92,21.59,0.76
1323,2019-05-28,67200,68300,65900,65900,12052399,3.92,21.59,0.76
1324,2019-05-29,65600,66700,64900,66100,6056903,3.92,21.59,0.76
1325,2019-05-30,66300,66900,65800,65900,3023108,3.92,21.59,0.76
1326,2019-04-19,80500,82400,80100,81800,3040186,3.92,21.59,0.76
1327,2019-06-03,65200,67200,64200,66600,4020572,3.92,21.59,0.76
1328,2019-06-04,66500,66700,65100,65100,2892681,3.92,21.59,0.76
1329,2019-06-05,66900,67600,64900,65100,4832796,3.92,21.59,0.76
1330,2019-06-07,65200,66000,64600,65400,2355869,3.92,21.59,0.76
1331,2019-06-10,66100,67000,65800,66800,3091757,3.92,21.59,0.76
1332,2019-06-11,66900,67800,66700,67200,2429182,3.92,21.59,0.76
1333,2019-06-12,66800,67100,65700,65700,2437640,3.92,21.59,0.76
1334,2019-06-13,64900,65100,63300,63500,5947811,3.92,21.59,0.76
1335,2019-06-14,63200,64000,62600,63100,3686472,3.92,21.59,0.76
1336,2019-06-17,62800,63800,62400,63700,2435039,3.92,21.59,0.76
1337,2019-06-18,63800,64200,63300,63400,1549497,3.92,21.59,0.76
1338,2019-06-19,65800,67300,65200,67200,6230370,3.92,21.59,0.76
1339,2019-06-20,67200,67400,66200,67300,2773637,3.92,21.59,0.76
1340,2019-06-21,67100,67300,65900,65900,2403002,3.92,21.59,0.76
1341,2019-06-24,65900,67400,65600,66900,2164462,3.92,21.59,0.76
1342,2019-06-25,66700,67400,66300,66700,1873766,3.92,21.59,0.76
1343,2019-06-26,68300,69600,67900,68900,5024201,3.92,21.59,0.76
1344,2019-06-27,70100,71600,69700,70200,5361201,3.92,21.59,0.76
1345,2019-06-28,70900,70900,68400,69500,3117569,3.92,21.59,0.76
1346,2019-07-01,71000,71000,69700,70000,3538183,3.92,21.59,0.76
1347,2019-07-02,69700,71700,69100,71400,2495399,3.92,21.59,0.76
1348,2019-07-03,71100,71700,69000,69100,2790684,3.92,21.59,0.76
1349,2019-07-04,69600,70700,69300,70200,1503707,3.92,21.59,0.76
1350,2019-07-05,70300,71000,68400,68400,2043271,3.92,21.59,0.76
1351,2019-07-08,66400,68000,66200,67400,2202260,3.92,21.59,0.76
1352,2019-07-09,68400,70500,67900,69800,2912514,3.92,21.59,0.76
1353,2019-07-10,71500,73400,71000,72900,4346179,3.92,21.59,0.76
1354,2019-07-11,74000,75500,74000,75500,5111929,3.92,21.59,0.76
1355,2019-07-12,75600,75800,74400,74700,2638271,3.92,21.59,0.76
1356,2019-07-15,74500,76500,74400,76200,2122090,3.92,21.59,0.76
1357,2019-07-16,74800,76500,74800,76100,2450278,3.92,21.59,0.76
1358,2019-07-17,74600,75200,74000,74600,2805672,3.92,21.59,0.76
1359,2019-07-18,74300,75200,73900,74700,1902110,3.92,21.59,0.76
1360,2019-07-19,75900,77000,75600,76800,2635348,3.92,21.59,0.76
1361,2019-07-22,77800,79200,77000,78400,3213786,3.92,21.59,0.76
1362,2019-07-23,79700,80700,78200,78800,4814941,3.92,21.59,0.76
1363,2019-07-24,78800,80200,77100,77600,3562342,3.92,21.59,0.76
1364,2019-07-25,79700,80400,77700,79200,3963383,3.92,21.59,0.76
1365,2019-07-26,78100,80300,78000,79800,3095260,3.92,21.59,0.76
1366,2019-07-29,79000,79400,76500,77000,2616782,3.92,21.59,0.76
1367,2019-07-30,78200,80000,77700,78900,2371300,3.92,21.59,0.76
1368,2019-07-31,78000,79100,75300,76900,3712241,3.92,21.59,0.76
1369,2019-08-01,75300,78700,75300,77700,3397831,3.92,21.59,0.76
1370,2019-08-02,75400,76800,74900,76100,4845952,3.92,21.59,0.76
1371,2019-08-05,75500,76000,74900,75400,2889902,3.92,21.59,0.76
1372,2019-08-06,73100,73900,71900,72000,5008247,3.92,21.59,0.76
1373,2019-08-07,72000,74300,72000,73300,2692841,3.92,21.59,0.76
1374,2019-08-08,73600,74500,72000,72300,2943206,3.92,21.59,0.76
1375,2019-08-09,73200,74100,72300,73300,2100380,3.92,21.59,0.76
1376,2019-08-12,73700,75000,73500,74500,1254926,3.92,21.59,0.76
1377,2019-08-13,74000,75100,73700,74500,1304708,3.92,21.59,0.76
1378,2019-08-14,77200,77900,76200,76900,2561643,3.92,21.59,0.76
1379,2019-08-16,75800,76400,75100,76400,2015785,3.92,21.59,0.76
1380,2019-08-19,77300,77500,74800,75100,1591728,3.92,21.59,0.76
1381,2019-08-20,75500,76600,75100,76400,1694275,3.92,21.59,0.76
1382,2019-08-21,75900,76900,75500,75800,1898789,3.92,21.59,0.76
1383,2019-08-22,75300,76000,73800,73800,2309550,3.92,21.59,0.76
1384,2019-08-23,73500,75200,73400,74400,1695532,3.92,21.59,0.76
1385,2019-08-26,72600,73000,71500,71800,2645491,3.92,21.59,0.76
1386,2019-08-27,72500,73700,72500,73000,2512610,3.92,21.59,0.76
1387,2019-08-28,73500,73700,72500,73300,1380522,3.92,21.59,0.76
1388,2019-08-29,73500,74100,72000,73300,2050860,3.92,21.59,0.76
1389,2019-08-30,74600,78000,74600,77400,3839246,3.92,21.59,0.76
1390,2019-09-02,77000,78200,76500,77600,1431352,3.92,21.59,0.76
1391,2019-09-03,77200,77600,76300,77000,1611563,3.92,21.59,0.76
1392,2019-09-04,77400,80000,77300,80000,2723541,3.92,21.59,0.76
1393,2019-09-05,81400,83000,81200,83000,4068631,3.92,21.59,0.76
1394,2019-09-06,84000,84000,81500,81900,2418057,3.92,21.59,0.76
1395,2019-09-09,83100,84600,82500,84300,2642174,3.92,21.59,0.76
1396,2019-09-10,84200,84200,82700,83100,1761883,3.92,21.59,0.76
1397,2019-09-11,83400,84300,81300,82600,3650902,3.92,21.59,0.76
1398,2019-09-16,81000,81000,79000,79500,5174391,3.92,21.59,0.76
1399,2019-09-17,80000,80400,79100,79400,2538780,3.92,21.59,0.76
1400,2019-09-18,80100,80600,79500,80200,2706678,3.92,21.59,0.76
1401,2019-09-19,80600,82700,80300,82700,3612220,3.92,21.59,0.76
1402,2019-09-20,82800,83400,82100,82200,2447172,3.92,21.59,0.76
1403,2019-09-23,81900,83300,81900,82800,1413663,3.92,21.59,0.76
1404,2019-09-24,82500,83500,81400,83400,1662830,3.92,21.59,0.76
1405,2019-09-25,82200,82800,81500,81900,1644881,3.92,21.59,0.76
1406,2019-09-26,83000,83500,82500,83300,1734941,3.92,21.59,0.76
1407,2019-09-27,80200,81500,80100,81400,2625620,3.92,21.59,0.76
1408,2019-09-30,80600,82900,80400,82200,2442478,3.92,21.59,0.76
1409,2019-10-01,81800,82500,81700,82000,2370210,3.92,21.59,0.76
1410,2019-10-02,81600,81600,79500,79500,2188097,3.92,21.59,0.76
1411,2019-10-04,78900,81300,78900,80300,2430603,3.92,21.59,0.76
1412,2019-10-07,80700,81700,79800,80300,1229105,3.92,21.59,0.76
1413,2019-10-08,80400,81100,79400,80900,1816880,3.92,21.59,0.76
1414,2019-10-10,78900,79600,78100,79000,4389324,3.92,21.59,0.76
1415,2019-10-11,79800,80500,79400,80000,2186536,3.92,21.59,0.76
1416,2019-10-14,82000,82300,80400,80500,1972409,3.92,21.59,0.76
1417,2019-10-15,80700,81700,80500,81200,1518810,3.92,21.59,0.76
1418,2019-10-16,82400,82700,81900,82400,2436269,3.92,21.59,0.76
1419,2019-10-17,82000,82200,80600,81000,1713942,3.92,21.59,0.76
1420,2019-10-18,81500,81700,77300,77400,13625664,3.92,21.59,0.76
1421,2019-10-21,77800,78400,77100,77500,2096581,3.92,21.59,0.76
1422,2019-10-22,78900,79300,78200,79100,3453958,3.92,21.59,0.76
1423,2019-10-23,78500,78600,77700,77700,5373911,3.92,21.59,0.76
1424,2019-10-24,79900,80100,78700,80000,3076100,3.92,21.59,0.76
1425,2019-10-25,82400,82900,81500,82900,4229200,3.92,21.59,0.76
1426,2019-10-28,83400,84000,82600,82900,1977758,3.92,21.59,0.76
1427,2019-10-29,84000,84000,82900,83000,1645070,3.92,21.59,0.76
1428,2019-10-30,83400,83400,81000,81500,1927042,3.92,21.59,0.76
1429,2019-10-31,81900,83400,81600,82000,1978755,3.92,21.59,0.76
1430,2019-11-01,82300,83200,81600,83100,1848046,3.92,21.59,0.76
1431,2019-11-04,84000,84900,83800,84700,2182879,3.92,21.59,0.76
1432,2019-11-05,85100,85400,84600,85100,1953720,3.92,21.59,0.76
1433,2019-11-06,84800,85200,83500,83500,2127745,3.92,21.59,0.76
1434,2019-11-07,83700,84300,82800,83600,1594558,3.92,21.59,0.76
1435,2019-11-08,84600,84600,82000,82300,2074339,3.92,21.59,0.76
1436,2019-11-11,82500,82500,80700,81300,2174477,3.92,21.59,0.76
1437,2019-11-12,81900,83200,81300,83200,1555211,3.92,21.59,0.76
1438,2019-11-13,83300,83600,82300,83400,1370289,3.92,21.59,0.76
1439,2019-11-14,83200,83800,82900,83400,1517137,3.92,21.59,0.76
1440,2019-11-15,84200,85200,83400,85200,2394138,3.92,21.59,0.76
1441,2019-11-18,86000,86500,84700,85500,1827506,3.92,21.59,0.76
1442,2019-11-19,85400,86000,84600,85300,2260299,3.92,21.59,0.76
1443,2019-11-20,84400,85200,82600,82700,3315169,3.92,21.59,0.76
1444,2019-11-21,81700,82500,80500,80900,3346746,3.92,21.59,0.76
1445,2019-11-22,80900,82100,80700,81700,2089767,3.92,21.59,0.76
1446,2019-11-25,82300,83300,81500,81700,2602474,3.92,21.59,0.76
1447,2019-11-26,82000,84100,82000,82300,4521090,3.92,21.59,0.76
1448,2019-11-27,82400,83200,82000,82700,1326621,3.92,21.59,0.76
1449,2019-11-28,83100,83800,82500,82800,1413983,3.92,21.59,0.76
1450,2019-11-29,82500,82800,80700,80900,2139440,3.92,21.59,0.76
1451,2019-12-02,80900,81800,80500,80500,1945991,3.92,21.59,0.76
1452,2019-12-03,78100,79300,77300,78700,11657151,3.92,21.59,0.76
1453,2019-12-04,78000,78100,76800,77700,6164549,3.92,21.59,0.76
1454,2019-12-05,79800,79900,78000,78800,3667358,3.92,21.59,0.76
1455,2019-12-06,79300,80800,79100,80600,3054204,3.92,21.59,0.76
1456,2019-12-09,81300,81800,80700,80700,2290088,3.92,21.59,0.76
1457,2019-12-10,79800,80900,79400,80700,1831960,3.92,21.59,0.76
1458,2019-12-11,80700,81000,80100,80600,2009331,3.92,21.59,0.76
1459,2019-12-12,82000,83500,82000,83400,5247299,3.92,21.59,0.76
1460,2019-12-13,87200,88200,85800,87900,5831965,3.92,21.59,0.76
1461,2019-12-16,87200,89400,87000,88600,2652685,3.92,21.59,0.76
1462,2019-12-17,91000,93800,90200,92800,5070618,3.92,21.59,0.76
1463,2019-12-18,93400,94500,91800,93000,3434310,3.92,21.59,0.76
1464,2019-12-19,95400,96400,93400,93600,4938375,3.92,21.59,0.76
1465,2019-12-20,94100,95100,93700,95000,2791176,3.92,21.59,0.76
1466,2019-12-23,95800,96200,94100,94600,1720279,3.92,21.59,0.76
1467,2019-12-24,95000,95600,93800,93800,1464093,3.92,21.59,0.76
1468,2019-12-26,94000,95100,93500,94800,1559839,3.92,21.59,0.76
1469,2019-12-27,94800,97000,94200,96000,2229470,3.92,21.59,0.76
1470,2019-12-30,95600,96300,94100,94100,1862634,3.92,21.59,0.76