,Date,Open,High,Low,Close,Volume,ROE ,PBR ,PER 
0,2014-01-02,35400,36150,34750,34900,1170022,7.3,1.3,18.5
1,2014-01-03,34750,34850,33600,34600,804903,7.3,1.3,18.5
2,2014-01-06,34800,35500,34650,35350,882971,7.3,1.3,18.5
3,2014-01-07,35350,36850,35050,36800,1523023,7.3,1.3,18.5
4,2014-01-08,36800,37200,36250,36800,1014941,7.3,1.3,18.5
5,2014-01-09,36800,37350,36500,36500,719537,7.3,1.3,18.5
6,2014-01-10,36750,36750,35100,35400,1113086,7.3,1.3,18.5
7,2014-01-13,35500,35750,34550,35350,702637,7.3,1.3,18.5
8,2014-01-14,35050,35850,35000,35400,519915,7.3,1.3,18.5
9,2014-01-15,35800,36900,35350,36800,1144826,7.3,1.3,18.5
10,2014-01-16,36600,37000,36350,36800,1889010,7.3,1.3,18.5
11,2014-01-17,37100,37500,36650,37000,1563693,7.3,1.3,18.5
12,2014-01-20,36700,36750,35800,36400,965333,7.3,1.3,18.5
13,2014-01-21,36500,37750,36300,37200,1376809,7.3,1.3,18.5
14,2014-01-22,36950,37300,36600,36700,640242,7.3,1.3,18.5
15,2014-01-23,36950,37050,36100,36100,598754,7.3,1.3,18.5
16,2014-01-24,36450,36450,35100,35950,1135318,7.3,1.3,18.5
17,2014-01-27,34750,35000,34200,34450,1480773,7.3,1.3,18.5
18,2014-01-28,34200,34400,33150,34050,1768702,7.3,1.3,18.5
19,2014-01-29,34050,34850,34000,34500,853144,7.3,1.3,18.5
20,2014-02-03,33550,33900,32700,32800,1673438,7.3,1.3,18.5
21,2014-02-04,32800,32850,31800,32300,1478219,7.3,1.3,18.5
22,2014-02-05,32750,33150,32450,32500,752604,7.3,1.3,18.5
23,2014-02-06,32600,33500,32600,33050,599031,7.3,1.3,18.5
24,2014-02-07,33550,33750,32500,32550,1000381,7.3,1.3,18.5
25,2014-02-10,32850,34100,32650,34000,996122,7.3,1.3,18.5
26,2014-02-11,34000,34550,33550,34000,760859,7.3,1.3,18.5
27,2014-02-12,34550,34550,33700,33900,623976,7.3,1.3,18.5
28,2014-02-13,33950,34200,33200,33250,516762,7.3,1.3,18.5
29,2014-02-14,33350,33750,32800,32950,1577822,7.3,1.3,18.5
30,2014-02-17,33500,34450,33450,34300,1278221,7.3,1.3,18.5
31,2014-02-18,34300,34400,33750,34250,758761,7.3,1.3,18.5
32,2014-02-19,34000,34900,33900,34800,1231970,7.3,1.3,18.5
33,2014-02-20,34500,35250,34050,34050,887670,7.3,1.3,18.5
34,2014-02-21,34550,35300,34200,35250,852629,7.3,1.3,18.5
35,2014-02-24,35200,36000,34950,35700,1072357,7.3,1.3,18.5
36,2014-02-25,36200,36300,35350,35650,1153476,7.3,1.3,18.5
37,2014-02-26,35450,36350,34700,36100,1254907,7.3,1.3,18.5
38,2014-02-27,35850,35950,34300,34600,1758918,7.3,1.3,18.5
39,2014-02-28,34600,34750,32750,32850,2734497,7.3,1.3,18.5
40,2014-03-03,32600,33300,32250,33000,1111343,7.3,1.3,18.5
41,2014-03-04,32750,33550,32750,33300,1223815,7.3,1.3,18.5
42,2014-03-05,33700,34400,33650,34100,1214099,7.3,1.3,18.5
43,2014-03-06,34100,34150,33650,33700,506266,7.3,1.3,18.5
44,2014-03-07,34000,34400,33500,33650,557815,7.3,1.3,18.5
45,2014-03-10,33300,33600,32500,32600,942896,7.3,1.3,18.5
46,2014-03-11,32800,32950,31900,32200,1117046,7.3,1.3,18.5
47,2014-03-12,32000,32150,30300,30850,2448488,7.3,1.3,18.5
48,2014-03-13,31100,31150,29850,30100,2629741,7.3,1.3,18.5
49,2014-03-14,29600,30300,29450,29650,1875252,7.3,1.3,18.5
50,2014-03-17,29300,31150,29250,31000,2225091,7.3,1.3,18.5
51,2014-03-18,31750,31850,30800,30900,1571190,7.3,1.3,18.5
52,2014-03-19,31200,31550,30650,31000,1084438,7.3,1.3,18.5
53,2014-03-20,30850,30850,30000,30000,951150,7.3,1.3,18.5
54,2014-03-21,30250,30800,30250,30350,682035,7.3,1.3,18.5
55,2014-03-24,30500,32000,30450,31750,1397547,7.3,1.3,18.5
56,2014-03-25,31500,32350,31400,31750,1103690,7.3,1.3,18.5
57,2014-03-26,32150,32250,31400,31700,751171,7.3,1.3,18.5
58,2014-03-27,31800,32050,30950,31250,877553,7.3,1.3,18.5
59,2014-03-28,31250,31450,30800,31300,764532,7.3,1.3,18.5
60,2014-03-31,31450,32200,31450,32000,1156580,7.3,1.3,18.5
61,2014-04-01,32200,32800,31800,32800,1424563,7.3,1.3,18.5
62,2014-04-02,32850,32950,32450,32600,1013096,7.3,1.3,18.5
63,2014-04-03,32750,32950,32350,32400,673273,7.3,1.3,18.5
64,2014-04-04,32200,32550,31900,32400,821228,7.3,1.3,18.5
65,2014-04-07,32000,32650,31800,32650,787898,7.3,1.3,18.5
66,2014-04-08,32400,32700,32050,32700,679635,7.3,1.3,18.5
67,2014-04-09,32750,33000,32250,32900,1029132,7.3,1.3,18.5
68,2014-04-10,33800,34000,32750,32750,1983242,7.3,1.3,18.5
69,2014-04-11,32200,32550,32100,32300,768793,7.3,1.3,18.5
70,2014-04-14,32150,32500,31950,31950,577577,7.3,1.3,18.5
71,2014-04-15,32150,32200,30800,30800,1446867,7.3,1.3,18.5
72,2014-04-16,31050,31150,30500,30700,1080473,7.3,1.3,18.5
73,2014-04-17,31150,31300,30550,30700,786379,7.3,1.3,18.5
74,2014-04-18,30800,31600,30800,31550,829283,7.3,1.3,18.5
75,2014-04-21,31500,31550,31100,31100,469482,7.3,1.3,18.5
76,2014-04-22,31150,31350,30850,31300,469300,7.3,1.3,18.5
77,2014-04-23,30600,31150,30000,30300,1751769,7.3,1.3,18.5
78,2014-04-24,30200,30400,29750,29900,725686,7.3,1.3,18.5
79,2014-04-25,30100,30700,29950,30150,986933,7.3,1.3,18.5
80,2014-04-28,29800,30550,29600,30500,734418,7.3,1.3,18.5
81,2014-04-29,30500,30800,30150,30700,907840,7.3,1.3,18.5
82,2014-04-30,30750,30900,29900,29900,982775,7.3,1.3,18.5
83,2014-05-02,29900,30100,28350,28450,1829765,7.3,1.3,18.5
84,2014-05-07,28700,28800,27900,28000,956926,7.3,1.3,18.5
85,2014-05-08,28050,29800,28050,29500,1423733,7.3,1.3,18.5
86,2014-05-09,29500,29550,28800,29300,953431,7.3,1.3,18.5
87,2014-05-12,28550,28900,26950,27050,3115820,7.3,1.3,18.5
88,2014-05-13,27300,28050,27200,27800,1963758,7.3,1.3,18.5
89,2014-05-14,28000,28150,27650,27800,908990,7.3,1.3,18.5
90,2014-05-15,27900,28500,27750,28050,1247768,7.3,1.3,18.5
91,2014-05-16,27850,27900,27300,27550,1071054,7.3,1.3,18.5
92,2014-05-19,27550,27850,27100,27250,945057,7.3,1.3,18.5
93,2014-05-20,27250,27300,26100,26400,1629905,7.3,1.3,18.5
94,2014-05-21,26300,27150,26250,27000,1319284,7.3,1.3,18.5
95,2014-05-22,27250,28250,27150,28100,1787869,7.3,1.3,18.5
96,2014-05-23,28200,28200,27550,27800,1280396,7.3,1.3,18.5
97,2014-05-26,27950,28500,27750,28300,1364684,7.3,1.3,18.5
98,2014-05-27,28300,28550,27600,27700,1020966,7.3,1.3,18.5
99,2014-05-28,27750,27900,27350,27600,1093734,7.3,1.3,18.5
100,2014-05-29,27750,27800,26850,27200,1165423,7.3,1.3,18.5
101,2014-05-30,27150,27250,26550,26850,1387771,7.3,1.3,18.5
102,2014-06-02,26800,27250,26600,27150,729391,7.3,1.3,18.5
103,2014-06-03,27050,27100,25000,25150,2493671,7.3,1.3,18.5
104,2014-06-05,25150,25650,24600,25600,2585645,7.3,1.3,18.5
105,2014-06-09,25950,27050,25800,26900,2020373,7.3,1.3,18.5
106,2014-06-10,27000,27700,26550,27100,1368346,7.3,1.3,18.5
107,2014-06-11,27200,27650,27100,27550,1147019,7.3,1.3,18.5
108,2014-06-12,27400,27450,26850,27200,870456,7.3,1.3,18.5
109,2014-06-13,27200,27250,26550,27250,641665,7.3,1.3,18.5
110,2014-06-16,27050,27100,26100,26200,1238136,7.3,1.3,18.5
111,2014-06-17,26050,26550,25950,26250,860543,7.3,1.3,18.5
112,2014-06-18,26450,26500,25350,25850,1102226,7.3,1.3,18.5
113,2014-06-19,26200,26650,26050,26400,758299,7.3,1.3,18.5
114,2014-06-20,26500,26550,25850,26200,799292,7.3,1.3,18.5
115,2014-06-23,26300,26400,25600,25700,741811,7.3,1.3,18.5
116,2014-06-24,25550,25850,25200,25500,1017331,7.3,1.3,18.5
117,2014-06-25,25450,25650,25100,25100,978809,7.3,1.3,18.5
118,2014-06-26,25200,25450,24900,25300,1161197,7.3,1.3,18.5
119,2014-06-27,25250,26000,25100,25550,1200652,7.3,1.3,18.5
120,2014-06-30,25300,25800,25150,25700,1277428,7.3,1.3,18.5
121,2014-07-01,25800,25950,25550,25800,893549,7.3,1.3,18.5
122,2014-07-02,26200,26550,26150,26300,1544474,7.3,1.3,18.5
123,2014-07-03,26250,27050,26100,26800,1318289,7.3,1.3,18.5
124,2014-07-04,27300,27500,26600,26750,1247398,7.3,1.3,18.5
125,2014-07-07,26450,26450,25500,25550,1583827,7.3,1.3,18.5
126,2014-07-08,26100,26250,25400,25800,1268928,7.3,1.3,18.5
127,2014-07-09,25550,26150,25250,26100,1609542,7.3,1.3,18.5
128,2014-07-10,26400,26450,24900,25100,2087058,7.3,1.3,18.5
129,2014-07-11,25050,25150,23600,23950,3752402,7.3,1.3,18.5
130,2014-07-14,24050,24300,23700,23950,1214097,7.3,1.3,18.5
131,2014-07-15,24050,24400,24000,24200,1047195,7.3,1.3,18.5
132,2014-07-16,24300,25250,24250,24600,2045962,7.3,1.3,18.5
133,2014-07-17,24900,25200,24700,24950,1000533,7.3,1.3,18.5
134,2014-07-18,24700,25300,24650,25000,1098939,7.3,1.3,18.5
135,2014-07-21,25250,25300,24800,25050,799251,7.3,1.3,18.5
136,2014-07-22,25050,25100,24450,24550,1148737,7.3,1.3,18.5
137,2014-07-23,24700,26300,24650,26300,3259629,7.3,1.3,18.5
138,2014-07-24,26400,27700,26300,26650,3752773,7.3,1.3,18.5
139,2014-07-25,26850,26900,26050,26300,974817,7.3,1.3,18.5
140,2014-07-28,26600,26950,26350,26650,1040814,7.3,1.3,18.5
141,2014-07-29,26900,27550,26700,26800,1925829,7.3,1.3,18.5
142,2014-07-30,25600,25850,24900,25300,3419528,7.3,1.3,18.5
143,2014-07-31,25300,25700,24850,24850,2019875,7.3,1.3,18.5
144,2014-08-01,24600,25450,24600,25250,1187162,7.3,1.3,18.5
145,2014-08-04,25350,25600,25050,25450,806002,7.3,1.3,18.5
146,2014-08-05,25450,25450,25000,25200,769099,7.3,1.3,18.5
147,2014-08-06,25100,25150,23950,24300,2024758,7.3,1.3,18.5
148,2014-08-07,24300,24650,23900,24050,1183783,7.3,1.3,18.5
149,2014-08-08,24050,24350,23950,24050,1090065,7.3,1.3,18.5
150,2014-08-11,24350,24550,24050,24100,621860,7.3,1.3,18.5
151,2014-08-12,24400,25200,24350,24600,1397473,7.3,1.3,18.5
152,2014-08-13,24800,25300,24750,24850,881868,7.3,1.3,18.5
153,2014-08-14,24950,25500,24450,25250,1614918,7.3,1.3,18.5
154,2014-08-18,25300,25450,24300,24350,1492441,7.3,1.3,18.5
155,2014-08-19,24500,24550,24050,24350,1065847,7.3,1.3,18.5
156,2014-08-20,24450,24650,23150,23500,2514490,7.3,1.3,18.5
157,2014-08-21,23300,23500,22650,22950,1514138,7.3,1.3,18.5
158,2014-08-22,22950,23400,22850,22950,864650,7.3,1.3,18.5
159,2014-08-25,22600,23100,22500,22550,1057044,7.3,1.3,18.5
160,2014-08-26,22900,23750,22850,23600,1496709,7.3,1.3,18.5
161,2014-08-27,23650,23950,23250,23850,967393,7.3,1.3,18.5
162,2014-08-28,23900,24250,23800,23950,1054436,7.3,1.3,18.5
163,2014-08-29,23950,25000,23900,24850,1891669,7.3,1.3,18.5
164,2014-09-01,24950,25100,24400,24550,1154896,7.3,1.3,18.5
165,2014-09-02,24550,24650,23800,23950,802603,7.3,1.3,18.5
166,2014-09-03,23800,24550,23750,24100,939506,7.3,1.3,18.5
167,2014-09-04,24250,24600,23900,23900,763936,7.3,1.3,18.5
168,2014-09-05,23700,23800,23350,23450,912076,7.3,1.3,18.5
169,2014-09-11,23200,23400,22800,22800,1591915,7.3,1.3,18.5
170,2014-09-12,22900,23050,22450,22750,1393204,7.3,1.3,18.5
171,2014-09-15,22650,23050,22650,22950,649565,7.3,1.3,18.5
172,2014-09-16,22950,23650,22950,23350,966972,7.3,1.3,18.5
173,2014-09-17,23550,23750,23150,23300,757786,7.3,1.3,18.5
174,2014-09-18,23300,23400,22950,23000,663602,7.3,1.3,18.5
175,2014-09-19,23250,23500,23050,23100,642802,7.3,1.3,18.5
176,2014-09-22,23100,23200,22150,22250,1610192,7.3,1.3,18.5
177,2014-09-23,22100,22400,21950,22100,876885,7.3,1.3,18.5
178,2014-09-24,22100,22350,21950,22050,891688,7.3,1.3,18.5
179,2014-09-25,22200,22300,20850,21000,2984042,7.3,1.3,18.5
180,2014-09-26,20800,21350,20550,20900,1471289,7.3,1.3,18.5
181,2014-09-29,20950,20950,19850,20000,2563056,7.3,1.3,18.5
182,2014-09-30,19900,20400,19600,20300,2268923,7.3,1.3,18.5
183,2014-10-01,20200,20400,19350,19350,1777399,7.3,1.3,18.5
184,2014-10-02,19050,19250,18350,18600,2763864,7.3,1.3,18.5
185,2014-10-06,18750,19300,18550,18750,1656855,7.3,1.3,18.5
186,2014-10-07,18800,18950,17650,17800,2848644,7.3,1.3,18.5
187,2014-10-08,17650,18300,17200,17350,3108527,7.3,1.3,18.5
188,2014-10-10,17400,17450,16700,16850,1717000,7.3,1.3,18.5
189,2014-10-13,16850,17150,16550,16950,1394490,7.3,1.3,18.5
190,2014-10-14,17150,17600,16950,17300,2331340,7.3,1.3,18.5
191,2014-10-15,17300,17350,16400,16450,2818342,7.3,1.3,18.5
192,2014-10-16,16150,16850,15900,16550,1847341,7.3,1.3,18.5
193,2014-10-17,16650,17250,16500,16900,1691305,7.3,1.3,18.5
194,2014-10-20,17200,17650,17200,17550,1941302,7.3,1.3,18.5
195,2014-10-21,17500,17500,16500,16800,2350436,7.3,1.3,18.5
196,2014-10-22,17200,17300,16200,16650,1977641,7.3,1.3,18.5
197,2014-10-23,16550,16650,15800,15900,1984057,7.3,1.3,18.5
198,2014-10-24,16050,16150,15350,15850,1807777,7.3,1.3,18.5
199,2014-10-27,16150,17200,16150,17050,3097854,7.3,1.3,18.5
200,2014-10-28,17100,17350,16800,17050,1628372,7.3,1.3,18.5
201,2014-10-29,17400,19550,17200,18900,5744852,7.3,1.3,18.5
202,2014-10-30,19000,19200,17500,17750,4005657,7.3,1.3,18.5
203,2014-10-31,17050,18450,16350,18300,5574779,7.3,1.3,18.5
204,2014-11-03,18650,19200,18450,18800,2983961,7.3,1.3,18.5
205,2014-11-04,18850,19500,18200,18750,2997814,7.3,1.3,18.5
206,2014-11-05,18750,19250,18000,18150,1971998,7.3,1.3,18.5
207,2014-11-06,18350,19950,18300,19550,4784519,7.3,1.3,18.5
208,2014-11-07,19600,20300,19300,20100,2455629,7.3,1.3,18.5
209,2014-11-10,20350,20800,19900,20550,2139278,7.3,1.3,18.5
210,2014-11-11,20600,20650,20100,20300,1252276,7.3,1.3,18.5
211,2014-11-12,20250,22250,19850,21700,3911936,7.3,1.3,18.5
212,2014-11-13,21900,22200,20900,21150,2388016,7.3,1.3,18.5
213,2014-11-14,21150,21550,20350,21250,2305323,7.3,1.3,18.5
214,2014-11-17,21250,22100,21100,21800,1868458,7.3,1.3,18.5
215,2014-11-18,22100,22450,21600,22100,2095026,7.3,1.3,18.5
216,2014-11-19,22250,22300,20600,20750,3443503,7.3,1.3,18.5
217,2014-11-20,20850,21250,20500,20950,1523851,7.3,1.3,18.5
218,2014-11-21,21050,21850,21050,21250,1588704,7.3,1.3,18.5
219,2014-11-24,21600,22700,21550,22500,3509731,7.3,1.3,18.5
220,2014-11-25,22600,22750,22000,22200,1716996,7.3,1.3,18.5
221,2014-11-26,22300,22350,21300,21350,1938987,7.3,1.3,18.5
222,2014-11-27,21400,21400,20700,20900,1913472,7.3,1.3,18.5
223,2014-11-28,20600,20750,19150,19300,4388467,7.3,1.3,18.5
224,2014-12-01,18800,18900,17800,18600,3236268,7.3,1.3,18.5
225,2014-12-02,18850,19350,18850,19100,1804787,7.3,1.3,18.5
226,2014-12-03,19000,19300,18600,19250,1203942,7.3,1.3,18.5
227,2014-12-04,19400,20300,19300,19750,2501439,7.3,1.3,18.5
228,2014-12-05,19700,20250,19450,19800,1216715,7.3,1.3,18.5
229,2014-12-08,20100,20350,20000,20100,937471,7.3,1.3,18.5
230,2014-12-09,19800,19850,19050,19150,2144409,7.3,1.3,18.5
231,2014-12-10,19050,19300,18550,18900,1148320,7.3,1.3,18.5
232,2014-12-11,18400,19150,18350,18800,1555346,7.3,1.3,18.5
233,2014-12-12,18950,19100,18550,18750,1049889,7.3,1.3,18.5
234,2014-12-15,18350,19450,18150,19250,2490171,7.3,1.3,18.5
235,2014-12-16,19100,19150,18650,18850,2062879,7.3,1.3,18.5
236,2014-12-17,18900,19550,18850,19100,1602757,7.3,1.3,18.5
237,2014-12-18,19600,19950,18600,19050,2025775,7.3,1.3,18.5
238,2014-12-19,19650,19700,19200,19550,1285864,7.3,1.3,18.5
239,2014-12-22,19650,19750,19300,19600,735010,7.3,1.3,18.5
240,2014-12-23,19650,19650,19150,19250,799592,7.3,1.3,18.5
241,2014-12-24,19350,19600,19150,19500,803612,7.3,1.3,18.5
242,2014-12-26,19650,19900,19300,19300,840355,7.3,1.3,18.5
243,2014-12-29,19400,19500,18750,18850,832322,7.3,1.3,18.5
244,2014-12-30,18800,19300,18650,18650,1338244,7.3,1.3,18.5
245,2015-01-02,18600,18900,18550,18750,957285,NaN,1.16,-132.52
246,2015-01-05,18750,18750,18200,18200,1382777,NaN,1.16,-132.52
247,2015-01-06,17700,17900,16850,16950,2889450,NaN,1.16,-132.52
248,2015-01-07,16700,17400,16700,17300,1604279,NaN,1.16,-132.52
249,2015-01-08,17450,17600,17000,17000,1551873,NaN,1.16,-132.52
250,2015-01-09,17350,17750,17050,17400,2734119,NaN,1.16,-132.52
251,2015-01-12,17400,17500,17150,17200,1078257,NaN,1.16,-132.52
252,2015-01-13,17150,17300,16800,17000,1093175,NaN,1.16,-132.52
253,2015-01-14,16900,17350,16900,17150,1143877,NaN,1.16,-132.52
254,2015-01-15,17250,17300,16800,16900,926347,NaN,1.16,-132.52
255,2015-01-16,16800,16800,16300,16500,1542428,NaN,1.16,-132.52
256,2015-01-19,16700,18100,16700,18000,3051972,NaN,1.16,-132.52
257,2015-01-20,17850,18400,17700,17900,1618670,NaN,1.16,-132.52
258,2015-01-21,17700,17800,17200,17350,1519046,NaN,1.16,-132.52
259,2015-01-22,17750,18800,17700,18500,3544498,NaN,1.16,-132.52
260,2015-01-23,19350,19400,18200,18350,3097283,NaN,1.16,-132.52
261,2015-01-26,18200,19200,17850,18900,2140489,NaN,1.16,-132.52
262,2015-01-27,19050,20000,19050,19950,2957683,NaN,1.16,-132.52
263,2015-01-28,19800,20300,19700,20150,3036184,NaN,1.16,-132.52
264,2015-01-29,19700,19950,19500,19550,1549454,NaN,1.16,-132.52
265,2015-01-30,19850,19950,19000,19500,1715460,NaN,1.16,-132.52
266,2015-02-02,20000,20800,19550,20000,3281449,NaN,1.16,-132.52
267,2015-02-03,20650,20650,19850,19850,1944826,NaN,1.16,-132.52
268,2015-02-04,20400,20550,19600,19600,3801839,NaN,1.16,-132.52
269,2015-02-05,19300,19800,19250,19750,1176206,NaN,1.16,-132.52
270,2015-02-06,20000,20000,19600,19750,885478,NaN,1.16,-132.52
271,2015-02-09,19850,20350,19500,20350,1408728,NaN,1.16,-132.52
272,2015-02-10,20450,20900,18850,19000,4971739,NaN,1.16,-132.52
273,2015-02-11,19100,19500,18500,18650,3250463,NaN,1.16,-132.52
274,2015-02-12,18750,19050,18450,19000,1991031,NaN,1.16,-132.52
275,2015-02-13,19250,19300,18850,18950,1560376,NaN,1.16,-132.52
276,2015-02-16,19150,19200,18550,18750,1307255,NaN,1.16,-132.52
277,2015-02-17,18650,18950,18500,18800,1202289,NaN,1.16,-132.52
278,2015-02-23,18900,18950,18650,18650,1000691,NaN,1.16,-132.52
279,2015-02-24,18600,18750,18100,18550,1864401,NaN,1.16,-132.52
280,2015-02-25,18600,19300,18600,19100,1795564,NaN,1.16,-132.52
281,2015-02-26,19200,20550,19050,20450,4215464,NaN,1.16,-132.52
282,2015-02-27,20500,20850,20200,20250,2201379,NaN,1.16,-132.52
283,2015-03-02,20500,21650,20350,21600,3636762,NaN,1.16,-132.52
284,2015-03-03,21750,21750,20800,20950,2576728,NaN,1.16,-132.52
285,2015-03-04,21100,21550,20600,20750,2412681,NaN,1.16,-132.52
286,2015-03-05,20650,20900,20200,20300,1716273,NaN,1.16,-132.52
287,2015-03-06,20450,20950,20350,20800,1498994,NaN,1.16,-132.52
288,2015-03-09,20600,20600,19900,19900,2142383,NaN,1.16,-132.52
289,2015-03-10,20300,20450,19350,19700,2594718,NaN,1.16,-132.52
290,2015-03-11,19250,19450,18950,19250,1950308,NaN,1.16,-132.52
291,2015-03-12,19300,19500,18750,18800,2453954,NaN,1.16,-132.52
292,2015-03-13,18950,19200,18750,19050,1453460,NaN,1.16,-132.52
293,2015-03-16,18850,18900,17900,18000,3741198,NaN,1.16,-132.52
294,2015-03-17,18200,18500,18100,18400,1867026,NaN,1.16,-132.52
295,2015-03-18,18350,18450,17900,18150,2299100,NaN,1.16,-132.52
296,2015-03-19,18700,19300,18650,18950,3663608,NaN,1.16,-132.52
297,2015-03-20,18850,18950,18550,18950,1369024,NaN,1.16,-132.52
298,2015-03-23,19250,19400,18950,19150,1721099,NaN,1.16,-132.52
299,2015-03-24,19000,19050,18500,18600,1863318,NaN,1.16,-132.52
300,2015-03-25,18600,18800,18150,18200,1633208,NaN,1.16,-132.52
301,2015-03-26,18250,18450,18100,18250,1447220,NaN,1.16,-132.52
302,2015-03-27,18600,18700,18100,18300,1350484,NaN,1.16,-132.52
303,2015-03-30,18300,18300,17750,17850,2069277,NaN,1.16,-132.52
304,2015-03-31,18050,18400,18000,18100,1716637,NaN,1.16,-132.52
305,2015-04-01,18100,18200,17500,17850,2114524,NaN,1.16,-132.52
306,2015-04-02,17950,18000,17600,17900,1136193,NaN,1.16,-132.52
307,2015-04-03,17850,18200,17750,18100,1171254,NaN,1.16,-132.52
308,2015-04-06,18100,18500,17900,18200,2710176,NaN,1.16,-132.52
309,2015-04-07,18800,19100,18300,18500,3920610,NaN,1.16,-132.52
310,2015-04-08,18650,19000,18350,18750,3621489,NaN,1.16,-132.52
311,2015-04-09,18600,18750,18200,18450,2875155,NaN,1.16,-132.52
312,2015-04-10,18500,18950,18400,18850,2691041,NaN,1.16,-132.52
313,2015-04-13,19100,20100,18950,20000,5720399,NaN,1.16,-132.52
314,2015-04-14,20150,20200,19650,20000,3172470,NaN,1.16,-132.52
315,2015-04-15,20300,20400,19850,20050,2567610,NaN,1.16,-132.52
316,2015-04-16,20700,21100,20100,20350,5582267,NaN,1.16,-132.52
317,2015-04-17,20550,20550,19550,19700,3221011,NaN,1.16,-132.52
318,2015-04-20,19350,19900,19250,19750,2202090,NaN,1.16,-132.52
319,2015-04-21,19950,20300,19500,19550,2497138,NaN,1.16,-132.52
320,2015-04-22,19550,19800,19000,19250,2124233,NaN,1.16,-132.52
321,2015-04-23,19450,19700,19050,19550,1929077,NaN,1.16,-132.52
322,2015-04-24,19650,19800,19100,19300,1358143,NaN,1.16,-132.52
323,2015-04-27,19400,19700,19300,19450,1469626,NaN,1.16,-132.52
324,2015-04-28,19450,20150,19450,19900,3355663,NaN,1.16,-132.52
325,2015-04-29,19900,19950,18500,18600,4834063,NaN,1.16,-132.52
326,2015-04-30,18500,18500,18050,18150,1885420,NaN,1.16,-132.52
327,2015-05-04,18150,18400,18000,18050,2014663,NaN,1.16,-132.52
328,2015-05-06,17900,18250,17800,17850,1655763,NaN,1.16,-132.52
329,2015-05-07,17900,18000,17100,17550,2378766,NaN,1.16,-132.52
330,2015-05-08,17700,17900,17400,17450,1567826,NaN,1.16,-132.52
331,2015-05-11,17850,18050,17650,17800,2227381,NaN,1.16,-132.52
332,2015-05-12,17750,17900,17550,17700,1369409,NaN,1.16,-132.52
333,2015-05-13,17700,18100,17600,18050,1666337,NaN,1.16,-132.52
334,2015-05-14,18200,18200,17750,17950,1331047,NaN,1.16,-132.52
335,2015-05-15,18000,18100,17700,17800,1422975,NaN,1.16,-132.52
336,2015-05-18,17150,17400,16850,17100,3429053,NaN,1.16,-132.52
337,2015-05-19,17100,17500,16950,17050,2182029,NaN,1.16,-132.52
338,2015-05-20,17100,17150,16500,16750,2744455,NaN,1.16,-132.52
339,2015-05-21,16650,16750,16250,16300,2521251,NaN,1.16,-132.52
340,2015-05-22,16400,17450,16350,17250,3534151,NaN,1.16,-132.52
341,2015-05-26,17200,17300,16700,16750,1923477,NaN,1.16,-132.52
342,2015-05-27,16600,16600,16200,16350,2173290,NaN,1.16,-132.52
343,2015-05-28,16550,16600,16000,16000,2213321,NaN,1.16,-132.52
344,2015-05-29,16150,16350,15850,16000,2156309,NaN,1.16,-132.52
345,2015-06-01,16000,16200,15800,16100,1157423,NaN,1.16,-132.52
346,2015-06-02,16150,16300,15600,15600,1888291,NaN,1.16,-132.52
347,2015-06-03,15800,16750,15700,16300,3526356,NaN,1.16,-132.52
348,2015-06-04,16450,16500,15750,15950,2312963,NaN,1.16,-132.52
349,2015-06-05,15800,15950,15650,15800,1193062,NaN,1.16,-132.52
350,2015-06-08,15800,16100,15650,15900,1181472,NaN,1.16,-132.52
351,2015-06-09,15800,16150,15650,15750,1325915,NaN,1.16,-132.52
352,2015-06-10,15900,15950,15300,15350,2056325,NaN,1.16,-132.52
353,2015-06-11,15550,15600,14550,15200,5308187,NaN,1.16,-132.52
354,2015-06-12,15150,15200,14650,14650,2468602,NaN,1.16,-132.52
355,2015-06-15,14400,14850,14250,14350,1637053,NaN,1.16,-132.52
356,2015-06-16,14200,14500,13800,13900,2733984,NaN,1.16,-132.52
357,2015-06-17,13950,14200,13750,14100,2320927,NaN,1.16,-132.52
358,2015-06-18,14200,14300,13650,13650,2124645,NaN,1.16,-132.52
359,2015-06-19,13800,13900,13550,13550,2390041,NaN,1.16,-132.52
360,2015-06-22,13550,13900,13550,13600,2372877,NaN,1.16,-132.52
361,2015-06-23,14100,14600,14050,14300,4050705,NaN,1.16,-132.52
362,2015-06-24,14250,14450,13950,14350,2045006,NaN,1.16,-132.52
363,2015-06-25,14300,14650,14200,14400,1891300,NaN,1.16,-132.52
364,2015-06-26,14200,14500,14000,14000,1782753,NaN,1.16,-132.52
365,2015-06-29,13400,13600,13050,13050,2715605,NaN,1.16,-132.52
366,2015-06-30,12950,13350,12950,13300,2136101,NaN,1.16,-132.52
367,2015-07-01,13450,14750,13400,14150,4775648,NaN,1.16,-132.52
368,2015-07-02,14150,14250,13750,13850,1894048,NaN,1.16,-132.52
369,2015-07-03,13900,14050,13600,13800,1385571,NaN,1.16,-132.52
370,2015-07-06,13400,13600,13250,13250,1579638,NaN,1.16,-132.52
371,2015-07-07,13350,13850,13200,13850,1651540,NaN,1.16,-132.52
372,2015-07-08,13950,14000,13350,13400,1874940,NaN,1.16,-132.52
373,2015-07-09,13200,13400,12950,13400,1544455,NaN,1.16,-132.52
374,2015-07-10,13550,13600,13150,13200,1579925,NaN,1.16,-132.52
375,2015-07-13,13150,13400,13050,13300,1340454,NaN,1.16,-132.52
376,2015-07-14,13250,13300,12500,12500,4892689,NaN,1.16,-132.52
377,2015-07-15,11000,11250,8750,8750,39078140,NaN,1.16,-132.52
378,2015-07-16,8080,8430,7480,8180,31451115,NaN,1.16,-132.52
379,2015-07-17,8350,8460,7850,7980,9939866,NaN,1.16,-132.52
380,2015-07-20,7750,7890,7410,7450,7525471,NaN,1.16,-132.52
381,2015-07-21,7500,8980,7500,8520,24210421,NaN,1.16,-132.52
382,2015-07-22,8640,8940,8130,8290,7869132,NaN,1.16,-132.52
383,2015-07-23,8400,8420,7900,8020,3382287,NaN,1.16,-132.52
384,2015-07-24,7850,7960,7440,7640,3843649,NaN,1.16,-132.52
385,2015-07-27,7270,7940,6920,7520,5770437,NaN,1.16,-132.52
386,2015-07-28,7350,7930,7350,7630,6166089,NaN,1.16,-132.52
387,2015-07-29,7630,7770,7490,7550,2468049,NaN,1.16,-132.52
388,2015-07-30,7350,7480,6870,7100,4857225,NaN,1.16,-132.52
389,2015-07-31,7000,7160,6760,6940,3658114,NaN,1.16,-132.52
390,2015-08-03,6900,7360,6750,7010,2932270,NaN,1.16,-132.52
391,2015-08-04,6980,7170,6900,6970,1912927,NaN,1.16,-132.52
392,2015-08-05,7050,7140,6930,7010,1639337,NaN,1.16,-132.52
393,2015-08-06,7050,7100,6820,6820,2035395,NaN,1.16,-132.52
394,2015-08-07,6810,6900,6770,6770,1451117,NaN,1.16,-132.52
395,2015-08-10,6780,6810,6420,6420,2540992,NaN,1.16,-132.52
396,2015-08-11,6530,6630,6440,6550,2057923,NaN,1.16,-132.52
397,2015-08-12,6590,7030,6550,6710,3817264,NaN,1.16,-132.52
398,2015-08-13,6830,6830,6510,6650,2048744,NaN,1.16,-132.52
399,2015-08-17,6700,6760,6580,6610,994632,NaN,1.16,-132.52
400,2015-08-18,6620,6680,6450,6470,1460546,NaN,1.16,-132.52
401,2015-08-19,6310,6350,5960,6000,2804537,NaN,1.16,-132.52
402,2015-08-20,5820,6190,5820,5970,1876234,NaN,1.16,-132.52
403,2015-08-21,5650,5830,5580,5750,2262699,NaN,1.16,-132.52
404,2015-08-24,5700,5990,5630,5750,2411007,NaN,1.16,-132.52
405,2015-08-25,5740,6250,5700,6080,3272868,NaN,1.16,-132.52
406,2015-08-26,6050,6270,6030,6140,1734565,NaN,1.16,-132.52
407,2015-08-27,6210,6240,6000,6080,1659370,NaN,1.16,-132.52
408,2015-08-28,6120,6350,6100,6330,1897497,NaN,1.16,-132.52
409,2015-08-31,6350,6800,6350,6730,3167663,NaN,1.16,-132.52
410,2015-09-01,6890,7050,6560,6600,2656349,NaN,1.16,-132.52
411,2015-09-02,6500,6770,6410,6690,1069758,NaN,1.16,-132.52
412,2015-09-03,6750,6850,6500,6540,1175087,NaN,1.16,-132.52
413,2015-09-04,6550,6740,6400,6580,1439424,NaN,1.16,-132.52
414,2015-09-07,6580,6660,6480,6530,792463,NaN,1.16,-132.52
415,2015-09-08,6510,6610,6510,6530,779828,NaN,1.16,-132.52
416,2015-09-09,6750,6820,6650,6790,2007990,NaN,1.16,-132.52
417,2015-09-10,6790,7300,6750,7300,4201347,NaN,1.16,-132.52
418,2015-09-11,7320,7320,7100,7150,2114719,NaN,1.16,-132.52
419,2015-09-14,7110,7570,6980,7190,2624605,NaN,1.16,-132.52
420,2015-09-15,7190,7210,7050,7140,972511,NaN,1.16,-132.52
421,2015-09-16,7150,7540,7150,7330,2934498,NaN,1.16,-132.52
422,2015-09-17,7360,7480,7140,7250,1676961,NaN,1.16,-132.52
423,2015-09-18,7270,7320,7150,7210,966845,NaN,1.16,-132.52
424,2015-09-21,7110,7130,6870,6940,1286316,NaN,1.16,-132.52
425,2015-09-22,6900,7150,6800,7040,1245237,NaN,1.16,-132.52
426,2015-09-23,6920,7010,6800,6800,1028996,NaN,1.16,-132.52
427,2015-09-24,6740,6830,6660,6730,1033120,NaN,1.16,-132.52
428,2015-09-25,6730,6950,6680,6750,1268028,NaN,1.16,-132.52
429,2015-09-30,6500,6550,5860,6370,3096128,NaN,1.16,-132.52
430,2015-10-01,6370,6540,6310,6410,991258,NaN,1.16,-132.52
431,2015-10-02,6410,6480,6190,6220,1600129,NaN,1.16,-132.52
432,2015-10-05,6220,6310,6110,6220,1172047,NaN,1.16,-132.52
433,2015-10-06,6280,6380,6200,6270,1150067,NaN,1.16,-132.52
434,2015-10-07,6240,6390,6140,6300,1240806,NaN,1.16,-132.52
435,2015-10-08,6300,6500,6280,6390,1519043,NaN,1.16,-132.52
436,2015-10-12,6210,6680,6180,6620,2167349,NaN,1.16,-132.52
437,2015-10-13,6600,6870,6500,6700,1683381,NaN,1.16,-132.52
438,2015-10-14,6610,6660,6410,6440,1119107,NaN,1.16,-132.52
439,2015-10-15,6360,6710,6350,6550,1573625,NaN,1.16,-132.52
440,2015-10-16,6650,6710,6470,6700,1251561,NaN,1.16,-132.52
441,2015-10-19,6770,6990,6730,6890,1848869,NaN,1.16,-132.52
442,2015-10-20,6900,7010,6710,6960,1393394,NaN,1.16,-132.52
443,2015-10-21,7060,7320,7010,7140,2087502,NaN,1.16,-132.52
444,2015-10-22,7020,7030,6630,6790,2203740,NaN,1.16,-132.52
445,2015-10-23,6700,6890,6300,6750,1554130,NaN,1.16,-132.52
446,2015-10-26,6740,6990,6490,6960,1744986,NaN,1.16,-132.52
447,2015-10-27,7310,7420,7010,7130,3810328,NaN,1.16,-132.52
448,2015-10-28,7170,7220,6940,6990,1581988,NaN,1.16,-132.52
449,2015-10-29,7100,7120,6820,6820,1647773,NaN,1.16,-132.52
450,2015-10-30,7340,7400,6900,6940,3702949,NaN,1.16,-132.52
451,2015-11-02,6670,6850,6230,6530,2054638,NaN,1.16,-132.52
452,2015-11-03,6550,8350,6450,7030,23795820,NaN,1.16,-132.52
453,2015-11-04,6870,6920,6710,6830,2713439,NaN,1.16,-132.52
454,2015-11-05,6700,6770,6600,6680,2095456,NaN,1.16,-132.52
455,2015-11-06,6520,6680,6520,6580,1242917,NaN,1.16,-132.52
456,2015-11-09,6560,6560,6380,6420,1445944,NaN,1.16,-132.52
457,2015-11-10,6330,6670,6330,6490,1644342,NaN,1.16,-132.52
458,2015-11-11,6590,6600,6360,6360,1003836,NaN,1.16,-132.52
459,2015-11-12,6310,6530,6210,6500,1241387,NaN,1.16,-132.52
460,2015-11-13,6390,6480,6270,6290,1435565,NaN,1.16,-132.52
461,2015-11-16,5050,6100,5000,5890,4086938,NaN,1.16,-132.52
462,2015-11-17,5950,6050,5810,5970,935432,NaN,1.16,-132.52
463,2015-11-18,6010,6030,5800,5840,1026976,NaN,1.16,-132.52
464,2015-11-19,5960,6160,5870,6010,1343486,NaN,1.16,-132.52
465,2015-11-20,5950,6090,5950,6030,473711,NaN,1.16,-132.52
466,2015-11-23,6030,6200,5970,6020,1193841,NaN,1.16,-132.52
467,2015-11-24,6020,6080,5980,6000,462142,NaN,1.16,-132.52
468,2015-11-25,6050,6120,5990,6120,693055,NaN,1.16,-132.52
469,2015-11-26,6120,6580,6120,6460,2999627,NaN,1.16,-132.52
470,2015-11-27,6460,6790,6440,6560,1630046,NaN,1.16,-132.52
471,2015-11-30,6500,6540,6080,6080,10017831,NaN,1.16,-132.52
472,2015-12-01,6160,6210,6030,6030,1272355,NaN,1.16,-132.52
473,2015-12-02,6070,6110,5930,5970,1341959,NaN,1.16,-132.52
474,2015-12-03,5900,5960,5800,5830,1416652,NaN,1.16,-132.52
475,2015-12-04,5760,5830,5630,5650,1534575,NaN,1.16,-132.52
476,2015-12-07,5640,5740,5500,5530,1213414,NaN,1.16,-132.52
477,2015-12-08,5530,5630,5360,5410,1225729,NaN,1.16,-132.52
478,2015-12-09,5400,5510,5250,5310,926982,NaN,1.16,-132.52
479,2015-12-10,5250,5640,5230,5640,1556389,NaN,1.16,-132.52
480,2015-12-11,5620,5620,5310,5320,1111390,NaN,1.16,-132.52
481,2015-12-14,5230,5250,5060,5080,980399,NaN,1.16,-132.52
482,2015-12-15,5100,5160,4970,5080,992174,NaN,1.16,-132.52
483,2015-12-16,5100,5260,5090,5200,867568,NaN,1.16,-132.52
484,2015-12-17,5240,5310,5130,5190,547034,NaN,1.16,-132.52
485,2015-12-18,5130,5270,5080,5230,680266,NaN,1.16,-132.52
486,2015-12-21,5200,5240,5150,5200,583835,NaN,1.16,-132.52
487,2015-12-22,5180,5230,5110,5110,827525,NaN,1.16,-132.52
488,2015-12-23,5210,5310,5130,5160,911491,NaN,1.16,-132.52
489,2015-12-24,5240,5270,5180,5240,684235,NaN,1.16,-132.52
490,2015-12-28,5270,5290,5150,5150,782018,NaN,1.16,-132.52
491,2015-12-29,5130,5160,5090,5140,649490,NaN,1.16,-132.52
492,2015-12-30,5140,5140,5060,5070,642218,NaN,1.16,-132.52
493,2016-01-04,5060,5090,4985,4995,673636,NaN,2.86,-279.57
494,2016-01-05,4995,5090,4995,5010,690790,NaN,2.86,-279.57
495,2016-01-06,4980,5040,4950,4955,1019931,NaN,2.86,-279.57
496,2016-01-07,4940,5020,4830,4845,1026799,NaN,2.86,-279.57
497,2016-01-08,4800,5200,4700,5200,1825875,NaN,2.86,-279.57
498,2016-01-11,5110,5120,4925,4940,1034129,NaN,2.86,-279.57
499,2016-01-12,5030,5030,4800,4815,791319,NaN,2.86,-279.57
500,2016-01-13,4800,4925,4800,4845,982868,NaN,2.86,-279.57
501,2016-01-14,4745,4835,4675,4800,1070041,NaN,2.86,-279.57
502,2016-01-15,4880,4925,4680,4710,1027773,NaN,2.86,-279.57
503,2016-01-18,4675,4815,4670,4805,640384,NaN,2.86,-279.57
504,2016-01-19,4845,4850,4655,4680,1195295,NaN,2.86,-279.57
505,2016-01-20,4600,4680,4450,4530,1138610,NaN,2.86,-279.57
506,2016-01-21,4410,4645,4405,4510,1016467,NaN,2.86,-279.57
507,2016-01-22,4515,4635,4510,4595,845525,NaN,2.86,-279.57
508,2016-01-25,4535,4535,3830,4165,5379895,NaN,2.86,-279.57
509,2016-01-26,4160,4165,3940,3960,2217982,NaN,2.86,-279.57
510,2016-01-27,4000,4090,3965,3980,1148566,NaN,2.86,-279.57
511,2016-01-28,4000,4095,3900,4060,1146358,NaN,2.86,-279.57
512,2016-01-29,4105,4280,4070,4195,1702811,NaN,2.86,-279.57
513,2016-02-01,4205,4230,4095,4105,843998,NaN,2.86,-279.57
514,2016-02-02,4100,4970,4025,4265,5626241,NaN,2.86,-279.57
515,2016-02-03,4200,4200,3980,4045,1566899,NaN,2.86,-279.57
516,2016-02-04,4070,4265,4025,4210,1304115,NaN,2.86,-279.57
517,2016-02-05,4240,4335,4180,4270,814940,NaN,2.86,-279.57
518,2016-02-11,4015,4265,4005,4160,747458,NaN,2.86,-279.57
519,2016-02-12,4120,4430,4060,4180,1424897,NaN,2.86,-279.57
520,2016-02-15,4250,4415,4240,4330,1091602,NaN,2.86,-279.57
521,2016-02-16,4370,4780,4255,4545,2344167,NaN,2.86,-279.57
522,2016-02-17,4475,4490,4280,4370,1480194,NaN,2.86,-279.57
523,2016-02-18,4465,4560,4415,4440,982751,NaN,2.86,-279.57
524,2016-02-19,4440,4535,4440,4475,583690,NaN,2.86,-279.57
525,2016-02-22,4480,4575,4400,4505,674270,NaN,2.86,-279.57
526,2016-02-23,4550,4565,4455,4490,530721,NaN,2.86,-279.57
527,2016-02-24,4480,4580,4430,4495,595911,NaN,2.86,-279.57
528,2016-02-25,4500,4510,4410,4420,632756,NaN,2.86,-279.57
529,2016-02-26,4445,4445,4385,4400,420688,NaN,2.86,-279.57
530,2016-02-29,4375,4385,4250,4255,988665,NaN,2.86,-279.57
531,2016-03-02,4285,4460,4275,4440,1086217,NaN,2.86,-279.57
532,2016-03-03,4440,5350,4440,4870,8484995,NaN,2.86,-279.57
533,2016-03-04,4905,5340,4900,5290,4490965,NaN,2.86,-279.57
534,2016-03-07,5450,6350,5290,6040,12756797,NaN,2.86,-279.57
535,2016-03-08,5700,5920,5320,5550,11066739,NaN,2.86,-279.57
536,2016-03-09,5450,5970,5370,5870,6325377,NaN,2.86,-279.57
537,2016-03-10,5930,6310,5910,6180,6268226,NaN,2.86,-279.57
538,2016-03-11,6220,6300,5960,6120,2546897,NaN,2.86,-279.57
539,2016-03-14,6050,6150,5930,6010,1831655,NaN,2.86,-279.57
540,2016-03-15,6000,6000,5760,5820,2016890,NaN,2.86,-279.57
541,2016-03-16,5890,5890,5510,5610,1961721,NaN,2.86,-279.57
542,2016-03-17,5700,5750,5610,5620,1170205,NaN,2.86,-279.57
543,2016-03-18,5720,5730,5560,5700,1171194,NaN,2.86,-279.57
544,2016-03-21,5700,5700,5450,5500,1268958,NaN,2.86,-279.57
545,2016-03-22,5510,5740,5410,5640,1203945,NaN,2.86,-279.57
546,2016-03-23,5590,5660,5400,5400,1701853,NaN,2.86,-279.57
547,2016-03-24,5160,5500,5050,5360,2184758,NaN,2.86,-279.57
548,2016-03-25,5350,5350,5130,5180,1425600,NaN,2.86,-279.57
549,2016-03-28,5140,5240,5100,5210,626031,NaN,2.86,-279.57
550,2016-03-29,5150,5430,5130,5270,795327,NaN,2.86,-279.57
551,2016-03-30,5240,5260,5120,5150,1086063,NaN,2.86,-279.57
552,2016-03-31,5150,5240,5030,5070,1054253,NaN,2.86,-279.57
553,2016-04-01,5090,5100,5000,5030,750715,NaN,2.86,-279.57
554,2016-04-04,5040,5080,4885,4920,1160812,NaN,2.86,-279.57
555,2016-04-05,4900,4975,4820,4895,836080,NaN,2.86,-279.57
556,2016-04-06,4895,4895,4720,4765,1016894,NaN,2.86,-279.57
557,2016-04-07,4765,4950,4750,4845,967744,NaN,2.86,-279.57
558,2016-04-08,4850,5160,4785,5060,2162046,NaN,2.86,-279.57
559,2016-04-11,5260,5390,5160,5200,1842633,NaN,2.86,-279.57
560,2016-04-12,5250,5680,5160,5320,3527369,NaN,2.86,-279.57
561,2016-04-14,5370,5680,5350,5680,2811328,NaN,2.86,-279.57
562,2016-04-15,5660,5670,5480,5520,1194450,NaN,2.86,-279.57
563,2016-04-18,5400,5460,5270,5400,1169425,NaN,2.86,-279.57
564,2016-04-19,5490,5630,5400,5440,1314903,NaN,2.86,-279.57
565,2016-04-20,5470,5530,5260,5270,1020334,NaN,2.86,-279.57
566,2016-04-21,5230,5380,5110,5310,1592194,NaN,2.86,-279.57
567,2016-04-22,5220,5310,5160,5300,1048706,NaN,2.86,-279.57
568,2016-04-25,5150,5200,4930,5080,1925495,NaN,2.86,-279.57
569,2016-04-26,4965,5290,4965,5150,1597523,NaN,2.86,-279.57
570,2016-04-27,5240,5370,5190,5320,1155493,NaN,2.86,-279.57
571,2016-04-28,5320,5390,5180,5210,901037,NaN,2.86,-279.57
572,2016-04-29,5480,5690,5410,5520,4296939,NaN,2.86,-279.57
573,2016-05-02,5570,5590,5330,5430,1176197,NaN,2.86,-279.57
574,2016-05-03,5430,5580,5370,5400,1280028,NaN,2.86,-279.57
575,2016-05-04,5300,5360,5100,5100,1849073,NaN,2.86,-279.57
576,2016-05-09,4950,4955,4770,4825,1976727,NaN,2.86,-279.57
577,2016-05-10,4840,4945,4840,4905,678523,NaN,2.86,-279.57
578,2016-05-11,4940,4950,4855,4915,677385,NaN,2.86,-279.57
579,2016-05-12,4810,5030,4800,4990,826091,NaN,2.86,-279.57
580,2016-05-13,5000,5010,4810,4855,837207,NaN,2.86,-279.57
581,2016-05-16,4825,5130,4700,4945,833091,NaN,2.86,-279.57
582,2016-05-17,4925,4945,4730,4755,1030558,NaN,2.86,-279.57
583,2016-05-18,4715,4800,4685,4730,575114,NaN,2.86,-279.57
584,2016-05-19,4715,4735,4530,4575,1217851,NaN,2.86,-279.57
585,2016-05-20,4580,4700,4465,4560,855009,NaN,2.86,-279.57
586,2016-05-23,4565,4625,4470,4510,771205,NaN,2.86,-279.57
587,2016-05-24,4515,4525,4355,4355,678441,NaN,2.86,-279.57
588,2016-05-25,4380,4435,4360,4390,760920,NaN,2.86,-279.57
589,2016-05-26,4400,4565,4400,4515,1003481,NaN,2.86,-279.57
590,2016-05-27,4505,4510,4345,4365,1063788,NaN,2.86,-279.57
591,2016-05-30,4370,4370,4230,4290,953717,NaN,2.86,-279.57
592,2016-05-31,4300,5230,4295,4890,10969065,NaN,2.86,-279.57
593,2016-06-01,4850,4870,4510,4575,2957669,NaN,2.86,-279.57
594,2016-06-02,4715,4935,4590,4610,2624200,NaN,2.86,-279.57
595,2016-06-03,4590,4840,4580,4705,1800036,NaN,2.86,-279.57
596,2016-06-07,4755,4900,4715,4885,1840819,NaN,2.86,-279.57
597,2016-06-08,4755,4910,4715,4820,2077773,NaN,2.86,-279.57
598,2016-06-09,5000,5080,4680,4725,3991682,NaN,2.86,-279.57
599,2016-06-10,4810,4920,4755,4865,1762344,NaN,2.86,-279.57
600,2016-06-13,4800,4800,4650,4680,1135923,NaN,2.86,-279.57
601,2016-06-14,4680,4765,4530,4610,682047,NaN,2.86,-279.57
602,2016-06-15,4420,4530,4380,4380,1440676,NaN,2.86,-279.57
603,2016-06-16,4245,4250,4050,4075,2459741,NaN,2.86,-279.57
604,2016-06-17,4115,4160,4080,4140,758059,NaN,2.86,-279.57
605,2016-06-20,4120,4170,4060,4095,1047424,NaN,2.86,-279.57
606,2016-06-21,4140,4140,4065,4080,550792,NaN,2.86,-279.57
607,2016-06-22,4060,4275,4055,4215,1183403,NaN,2.86,-279.57
608,2016-06-23,4200,4370,4145,4260,982289,NaN,2.86,-279.57
609,2016-06-24,4300,4340,4005,4085,1967459,NaN,2.86,-279.57
610,2016-06-27,3965,3980,3840,3975,1152265,NaN,2.86,-279.57
611,2016-06-28,3970,4110,3895,4080,616701,NaN,2.86,-279.57
612,2016-06-29,4085,4215,4070,4215,723792,NaN,2.86,-279.57
613,2016-06-30,4240,4740,4090,4230,3746031,NaN,2.86,-279.57
614,2016-07-01,4165,4265,4165,4210,543507,NaN,2.86,-279.57
615,2016-07-04,4190,4300,4180,4285,617345,NaN,2.86,-279.57
616,2016-07-05,4290,4330,4255,4280,426232,NaN,2.86,-279.57
617,2016-07-06,4280,4450,4185,4235,916600,NaN,2.86,-279.57
618,2016-07-07,4220,4405,4220,4300,733499,NaN,2.86,-279.57
619,2016-07-08,4300,4315,4200,4255,641422,NaN,2.86,-279.57
620,2016-07-11,4270,4430,4255,4345,628938,NaN,2.86,-279.57
621,2016-07-12,4395,4430,4330,4370,483332,NaN,2.86,-279.57
622,2016-07-13,4380,4625,4375,4510,1780024,NaN,2.86,-279.57
623,2016-07-14,4475,4540,4385,4480,914742,NaN,2.86,-279.57
624,2016-07-15,0,0,0,4480,0,NaN,2.86,-279.57
625,2016-07-18,0,0,0,4480,0,NaN,2.86,-279.57
626,2016-07-19,0,0,0,4480,0,NaN,2.86,-279.57
627,2016-07-20,0,0,0,4480,0,NaN,2.86,-279.57
628,2016-07-21,0,0,0,4480,0,NaN,2.86,-279.57
629,2016-07-22,0,0,0,4480,0,NaN,2.86,-279.57
630,2016-07-25,0,0,0,4480,0,NaN,2.86,-279.57
631,2016-07-26,0,0,0,4480,0,NaN,2.86,-279.57
632,2016-07-27,0,0,0,4480,0,NaN,2.86,-279.57
633,2016-07-28,0,0,0,4480,0,NaN,2.86,-279.57
634,2016-07-29,0,0,0,4480,0,NaN,2.86,-279.57
635,2016-08-01,0,0,0,4480,0,NaN,2.86,-279.57
636,2016-08-02,0,0,0,4480,0,NaN,2.86,-279.57
637,2016-08-03,0,0,0,4480,0,NaN,2.86,-279.57
638,2016-08-04,0,0,0,4480,0,NaN,2.86,-279.57
639,2016-08-05,0,0,0,4480,0,NaN,2.86,-279.57
640,2016-08-08,0,0,0,4480,0,NaN,2.86,-279.57
641,2016-08-09,0,0,0,4480,0,NaN,2.86,-279.57
642,2016-08-10,0,0,0,4480,0,NaN,2.86,-279.57
643,2016-08-11,0,0,0,4480,0,NaN,2.86,-279.57
644,2016-08-12,0,0,0,4480,0,NaN,2.86,-279.57
645,2016-08-16,0,0,0,4480,0,NaN,2.86,-279.57
646,2016-08-17,0,0,0,4480,0,NaN,2.86,-279.57
647,2016-08-18,0,0,0,4480,0,NaN,2.86,-279.57
648,2016-08-19,0,0,0,4480,0,NaN,2.86,-279.57
649,2016-08-22,0,0,0,4480,0,NaN,2.86,-279.57
650,2016-08-23,0,0,0,4480,0,NaN,2.86,-279.57
651,2016-08-24,0,0,0,4480,0,NaN,2.86,-279.57
652,2016-08-25,0,0,0,4480,0,NaN,2.86,-279.57
653,2016-08-26,0,0,0,4480,0,NaN,2.86,-279.57
654,2016-08-29,0,0,0,4480,0,NaN,2.86,-279.57
655,2016-08-30,0,0,0,4480,0,NaN,2.86,-279.57
656,2016-08-31,0,0,0,4480,0,NaN,2.86,-279.57
657,2016-09-01,0,0,0,4480,0,NaN,2.86,-279.57
658,2016-09-02,0,0,0,4480,0,NaN,2.86,-279.57
659,2016-09-05,0,0,0,4480,0,NaN,2.86,-279.57
660,2016-09-06,0,0,0,4480,0,NaN,2.86,-279.57
661,2016-09-07,0,0,0,4480,0,NaN,2.86,-279.57
662,2016-09-08,0,0,0,4480,0,NaN,2.86,-279.57
663,2016-09-09,0,0,0,4480,0,NaN,2.86,-279.57
664,2016-09-12,0,0,0,4480,0,NaN,2.86,-279.57
665,2016-09-13,0,0,0,4480,0,NaN,2.86,-279.57
666,2016-09-19,0,0,0,4480,0,NaN,2.86,-279.57
667,2016-09-20,0,0,0,4480,0,NaN,2.86,-279.57
668,2016-09-21,0,0,0,4480,0,NaN,2.86,-279.57
669,2016-09-22,0,0,0,4480,0,NaN,2.86,-279.57
670,2016-09-23,0,0,0,4480,0,NaN,2.86,-279.57
671,2016-09-26,0,0,0,4480,0,NaN,2.86,-279.57
672,2016-09-27,0,0,0,4480,0,NaN,2.86,-279.57
673,2016-09-28,0,0,0,4480,0,NaN,2.86,-279.57
674,2016-09-29,0,0,0,4480,0,NaN,2.86,-279.57
675,2016-09-30,0,0,0,4480,0,NaN,2.86,-279.57
676,2016-10-04,0,0,0,4480,0,NaN,2.86,-279.57
677,2016-10-05,0,0,0,4480,0,NaN,2.86,-279.57
678,2016-10-06,0,0,0,4480,0,NaN,2.86,-279.57
679,2016-10-07,0,0,0,4480,0,NaN,2.86,-279.57
680,2016-10-10,0,0,0,4480,0,NaN,2.86,-279.57
681,2016-10-11,0,0,0,4480,0,NaN,2.86,-279.57
682,2016-10-12,0,0,0,4480,0,NaN,2.86,-279.57
683,2016-10-13,0,0,0,4480,0,NaN,2.86,-279.57
684,2016-10-14,0,0,0,4480,0,NaN,2.86,-279.57
685,2016-10-17,0,0,0,4480,0,NaN,2.86,-279.57
686,2016-10-18,0,0,0,4480,0,NaN,2.86,-279.57
687,2016-10-19,0,0,0,4480,0,NaN,2.86,-279.57
688,2016-10-20,0,0,0,4480,0,NaN,2.86,-279.57
689,2016-10-21,0,0,0,4480,0,NaN,2.86,-279.57
690,2016-10-24,0,0,0,4480,0,NaN,2.86,-279.57
691,2016-10-25,0,0,0,4480,0,NaN,2.86,-279.57
692,2016-10-26,0,0,0,4480,0,NaN,2.86,-279.57
693,2016-10-27,0,0,0,4480,0,NaN,2.86,-279.57
694,2016-10-28,0,0,0,4480,0,NaN,2.86,-279.57
695,2016-10-31,0,0,0,4480,0,NaN,2.86,-279.57
696,2016-11-01,0,0,0,4480,0,NaN,2.86,-279.57
697,2016-11-02,0,0,0,4480,0,NaN,2.86,-279.57
698,2016-11-03,0,0,0,4480,0,NaN,2.86,-279.57
699,2016-11-04,0,0,0,4480,0,NaN,2.86,-279.57
700,2016-11-07,0,0,0,4480,0,NaN,2.86,-279.57
701,2016-11-08,0,0,0,4480,0,NaN,2.86,-279.57
702,2016-11-09,0,0,0,4480,0,NaN,2.86,-279.57
703,2016-11-10,0,0,0,4480,0,NaN,2.86,-279.57
704,2016-11-11,0,0,0,4480,0,NaN,2.86,-279.57
705,2016-11-14,0,0,0,4480,0,NaN,2.86,-279.57
706,2016-11-15,0,0,0,4480,0,NaN,2.86,-279.57
707,2016-11-16,0,0,0,4480,0,NaN,2.86,-279.57
708,2016-11-17,0,0,0,4480,0,NaN,2.86,-279.57
709,2016-11-18,0,0,0,4480,0,NaN,2.86,-279.57
710,2016-11-21,0,0,0,4480,0,NaN,2.86,-279.57
711,2016-11-22,0,0,0,4480,0,NaN,2.86,-279.57
712,2016-11-23,0,0,0,4480,0,NaN,2.86,-279.57
713,2016-11-24,0,0,0,4480,0,NaN,2.86,-279.57
714,2016-11-25,0,0,0,4480,0,NaN,2.86,-279.57
715,2016-11-28,0,0,0,4480,0,NaN,2.86,-279.57
716,2016-11-29,0,0,0,4480,0,NaN,2.86,-279.57
717,2016-11-30,0,0,0,4480,0,NaN,2.86,-279.57
718,2016-12-01,0,0,0,4480,0,NaN,2.86,-279.57
719,2016-12-02,0,0,0,4480,0,NaN,2.86,-279.57
720,2016-12-05,0,0,0,4480,0,NaN,2.86,-279.57
721,2016-12-06,0,0,0,4480,0,NaN,2.86,-279.57
722,2016-12-07,0,0,0,4480,0,NaN,2.86,-279.57
723,2016-12-08,0,0,0,4480,0,NaN,2.86,-279.57
724,2016-12-09,0,0,0,4480,0,NaN,2.86,-279.57
725,2016-12-12,0,0,0,4480,0,NaN,2.86,-279.57
726,2016-12-13,0,0,0,4480,0,NaN,2.86,-279.57
727,2016-12-14,0,0,0,4480,0,NaN,2.86,-279.57
728,2016-12-15,0,0,0,4480,0,NaN,2.86,-279.57
729,2016-12-16,0,0,0,4480,0,NaN,2.86,-279.57
730,2016-12-19,0,0,0,4480,0,NaN,2.86,-279.57
731,2016-12-20,0,0,0,4480,0,NaN,2.86,-279.57
732,2016-12-21,0,0,0,4480,0,NaN,2.86,-279.57
733,2016-12-22,0,0,0,4480,0,NaN,2.86,-279.57
734,2016-12-23,0,0,0,4480,0,NaN,2.86,-279.57
735,2016-12-26,0,0,0,4480,0,NaN,2.86,-279.57
736,2016-12-27,0,0,0,4480,0,NaN,2.86,-279.57
737,2016-12-28,0,0,0,4480,0,NaN,2.86,-279.57
738,2016-12-29,0,0,0,4480,0,NaN,2.86,-279.57
739,2017-01-02,0,0,0,4480,0,1.87,0.44,28.12
740,2017-01-03,0,0,0,4480,0,1.87,0.44,28.12
741,2017-01-04,0,0,0,4480,0,1.87,0.44,28.12
742,2017-01-05,0,0,0,4480,0,1.87,0.44,28.12
743,2017-01-06,0,0,0,4480,0,1.87,0.44,28.12
744,2017-01-09,0,0,0,4480,0,1.87,0.44,28.12
745,2017-01-10,0,0,0,4480,0,1.87,0.44,28.12
746,2017-01-11,0,0,0,4480,0,1.87,0.44,28.12
747,2017-01-12,0,0,0,4480,0,1.87,0.44,28.12
748,2017-01-13,0,0,0,4480,0,1.87,0.44,28.12
749,2017-01-16,0,0,0,44800,0,1.87,0.44,28.12
750,2017-01-17,0,0,0,44800,0,1.87,0.44,28.12
751,2017-01-18,0,0,0,44800,0,1.87,0.44,28.12
752,2017-01-19,0,0,0,44800,0,1.87,0.44,28.12
753,2017-01-20,0,0,0,44800,0,1.87,0.44,28.12
754,2017-01-23,0,0,0,44800,0,1.87,0.44,28.12
755,2017-01-24,0,0,0,44800,0,1.87,0.44,28.12
756,2017-01-25,0,0,0,44800,0,1.87,0.44,28.12
757,2017-01-26,0,0,0,44800,0,1.87,0.44,28.12
758,2017-01-31,0,0,0,44800,0,1.87,0.44,28.12
759,2017-02-01,0,0,0,44800,0,1.87,0.44,28.12
760,2017-02-02,0,0,0,44800,0,1.87,0.44,28.12
761,2017-02-03,0,0,0,44800,0,1.87,0.44,28.12
762,2017-02-06,0,0,0,44800,0,1.87,0.44,28.12
763,2017-02-07,0,0,0,44800,0,1.87,0.44,28.12
764,2017-02-08,0,0,0,44800,0,1.87,0.44,28.12
765,2017-02-09,0,0,0,44800,0,1.87,0.44,28.12
766,2017-02-10,0,0,0,44800,0,1.87,0.44,28.12
767,2017-02-13,0,0,0,44800,0,1.87,0.44,28.12
768,2017-02-14,0,0,0,44800,0,1.87,0.44,28.12
769,2017-02-15,0,0,0,44800,0,1.87,0.44,28.12
770,2017-02-16,0,0,0,44800,0,1.87,0.44,28.12
771,2017-02-17,0,0,0,44800,0,1.87,0.44,28.12
772,2017-02-20,0,0,0,44800,0,1.87,0.44,28.12
773,2017-02-21,0,0,0,44800,0,1.87,0.44,28.12
774,2017-02-22,0,0,0,44800,0,1.87,0.44,28.12
775,2017-02-23,0,0,0,44800,0,1.87,0.44,28.12
776,2017-02-24,0,0,0,44800,0,1.87,0.44,28.12
777,2017-02-27,0,0,0,44800,0,1.87,0.44,28.12
778,2017-02-28,0,0,0,44800,0,1.87,0.44,28.12
779,2017-03-02,0,0,0,44800,0,1.87,0.44,28.12
780,2017-03-03,0,0,0,44800,0,1.87,0.44,28.12
781,2017-03-06,0,0,0,44800,0,1.87,0.44,28.12
782,2017-03-07,0,0,0,44800,0,1.87,0.44,28.12
783,2017-03-08,0,0,0,44800,0,1.87,0.44,28.12
784,2017-03-09,0,0,0,44800,0,1.87,0.44,28.12
785,2017-03-10,0,0,0,44800,0,1.87,0.44,28.12
786,2017-03-13,0,0,0,44800,0,1.87,0.44,28.12
787,2017-03-14,0,0,0,44800,0,1.87,0.44,28.12
788,2017-03-15,0,0,0,44800,0,1.87,0.44,28.12
789,2017-03-16,0,0,0,44800,0,1.87,0.44,28.12
790,2017-03-17,0,0,0,44800,0,1.87,0.44,28.12
791,2017-03-20,0,0,0,44800,0,1.87,0.44,28.12
792,2017-03-21,0,0,0,44800,0,1.87,0.44,28.12
793,2017-03-22,0,0,0,44800,0,1.87,0.44,28.12
794,2017-03-23,0,0,0,44800,0,1.87,0.44,28.12
795,2017-03-24,0,0,0,44800,0,1.87,0.44,28.12
796,2017-03-27,0,0,0,44800,0,1.87,0.44,28.12
797,2017-03-28,0,0,0,44800,0,1.87,0.44,28.12
798,2017-03-29,0,0,0,44800,0,1.87,0.44,28.12
799,2017-03-30,0,0,0,44800,0,1.87,0.44,28.12
800,2017-03-31,0,0,0,44800,0,1.87,0.44,28.12
801,2017-04-03,0,0,0,44800,0,1.87,0.44,28.12
802,2017-04-04,0,0,0,44800,0,1.87,0.44,28.12
803,2017-04-05,0,0,0,44800,0,1.87,0.44,28.12
804,2017-04-06,0,0,0,44800,0,1.87,0.44,28.12
805,2017-04-07,0,0,0,44800,0,1.87,0.44,28.12
806,2017-04-10,0,0,0,44800,0,1.87,0.44,28.12
807,2017-04-11,0,0,0,44800,0,1.87,0.44,28.12
808,2017-04-12,0,0,0,44800,0,1.87,0.44,28.12
809,2017-04-13,0,0,0,44800,0,1.87,0.44,28.12
810,2017-04-14,0,0,0,44800,0,1.87,0.44,28.12
811,2017-04-17,0,0,0,44800,0,1.87,0.44,28.12
812,2017-04-18,0,0,0,44800,0,1.87,0.44,28.12
813,2017-04-19,0,0,0,44800,0,1.87,0.44,28.12
814,2017-04-20,0,0,0,44800,0,1.87,0.44,28.12
815,2017-04-21,0,0,0,44800,0,1.87,0.44,28.12
816,2017-04-24,0,0,0,44800,0,1.87,0.44,28.12
817,2017-04-25,0,0,0,44800,0,1.87,0.44,28.12
818,2017-04-26,0,0,0,44800,0,1.87,0.44,28.12
819,2017-04-27,0,0,0,44800,0,1.87,0.44,28.12
820,2017-04-28,0,0,0,44800,0,1.87,0.44,28.12
821,2017-05-02,0,0,0,44800,0,1.87,0.44,28.12
822,2017-05-04,0,0,0,44800,0,1.87,0.44,28.12
823,2017-05-08,0,0,0,44800,0,1.87,0.44,28.12
824,2017-05-10,0,0,0,44800,0,1.87,0.44,28.12
825,2017-05-11,0,0,0,44800,0,1.87,0.44,28.12
826,2017-05-12,0,0,0,44800,0,1.87,0.44,28.12
827,2017-05-15,0,0,0,44800,0,1.87,0.44,28.12
828,2017-05-16,0,0,0,44800,0,1.87,0.44,28.12
829,2017-05-17,0,0,0,44800,0,1.87,0.44,28.12
830,2017-05-18,0,0,0,44800,0,1.87,0.44,28.12
831,2017-05-19,0,0,0,44800,0,1.87,0.44,28.12
832,2017-05-22,0,0,0,44800,0,1.87,0.44,28.12
833,2017-05-23,0,0,0,44800,0,1.87,0.44,28.12
834,2017-05-24,0,0,0,44800,0,1.87,0.44,28.12
835,2017-05-25,0,0,0,44800,0,1.87,0.44,28.12
836,2017-05-26,0,0,0,44800,0,1.87,0.44,28.12
837,2017-05-29,0,0,0,44800,0,1.87,0.44,28.12
838,2017-05-30,0,0,0,44800,0,1.87,0.44,28.12
839,2017-05-31,0,0,0,44800,0,1.87,0.44,28.12
840,2017-06-01,0,0,0,44800,0,1.87,0.44,28.12
841,2017-06-02,0,0,0,44800,0,1.87,0.44,28.12
842,2017-06-05,0,0,0,44800,0,1.87,0.44,28.12
843,2017-06-07,0,0,0,44800,0,1.87,0.44,28.12
844,2017-06-08,0,0,0,44800,0,1.87,0.44,28.12
845,2017-06-09,0,0,0,44800,0,1.87,0.44,28.12
846,2017-06-12,0,0,0,44800,0,1.87,0.44,28.12
847,2017-06-13,0,0,0,44800,0,1.87,0.44,28.12
848,2017-06-14,0,0,0,44800,0,1.87,0.44,28.12
849,2017-06-15,0,0,0,44800,0,1.87,0.44,28.12
850,2017-06-16,0,0,0,44800,0,1.87,0.44,28.12
851,2017-06-19,0,0,0,44800,0,1.87,0.44,28.12
852,2017-06-20,0,0,0,44800,0,1.87,0.44,28.12
853,2017-06-21,0,0,0,44800,0,1.87,0.44,28.12
854,2017-06-22,0,0,0,44800,0,1.87,0.44,28.12
855,2017-06-23,0,0,0,44800,0,1.87,0.44,28.12
856,2017-06-26,0,0,0,44800,0,1.87,0.44,28.12
857,2017-06-27,0,0,0,44800,0,1.87,0.44,28.12
858,2017-06-28,0,0,0,44800,0,1.87,0.44,28.12
859,2017-06-29,0,0,0,44800,0,1.87,0.44,28.12
860,2017-06-30,0,0,0,44800,0,1.87,0.44,28.12
861,2017-07-03,0,0,0,44800,0,1.87,0.44,28.12
862,2017-07-04,0,0,0,44800,0,1.87,0.44,28.12
863,2017-07-05,0,0,0,44800,0,1.87,0.44,28.12
864,2017-07-06,0,0,0,44800,0,1.87,0.44,28.12
865,2017-07-07,0,0,0,44800,0,1.87,0.44,28.12
866,2017-07-10,0,0,0,44800,0,1.87,0.44,28.12
867,2017-07-11,0,0,0,44800,0,1.87,0.44,28.12
868,2017-07-12,0,0,0,44800,0,1.87,0.44,28.12
869,2017-07-13,0,0,0,44800,0,1.87,0.44,28.12
870,2017-07-14,0,0,0,44800,0,1.87,0.44,28.12
871,2017-07-17,0,0,0,44800,0,1.87,0.44,28.12
872,2017-07-18,0,0,0,44800,0,1.87,0.44,28.12
873,2017-07-19,0,0,0,44800,0,1.87,0.44,28.12
874,2017-07-20,0,0,0,44800,0,1.87,0.44,28.12
875,2017-07-21,0,0,0,44800,0,1.87,0.44,28.12
876,2017-07-24,0,0,0,44800,0,1.87,0.44,28.12
877,2017-07-25,0,0,0,44800,0,1.87,0.44,28.12
878,2017-07-26,0,0,0,44800,0,1.87,0.44,28.12
879,2017-07-27,0,0,0,44800,0,1.87,0.44,28.12
880,2017-07-28,0,0,0,44800,0,1.87,0.44,28.12
881,2017-07-31,0,0,0,44800,0,1.87,0.44,28.12
882,2017-08-01,0,0,0,44800,0,1.87,0.44,28.12
883,2017-08-02,0,0,0,44800,0,1.87,0.44,28.12
884,2017-08-03,0,0,0,44800,0,1.87,0.44,28.12
885,2017-08-04,0,0,0,44800,0,1.87,0.44,28.12
886,2017-08-07,0,0,0,44800,0,1.87,0.44,28.12
887,2017-08-08,0,0,0,44800,0,1.87,0.44,28.12
888,2017-08-09,0,0,0,44800,0,1.87,0.44,28.12
889,2017-08-10,0,0,0,44800,0,1.87,0.44,28.12
890,2017-08-11,0,0,0,44800,0,1.87,0.44,28.12
891,2017-08-14,0,0,0,44800,0,1.87,0.44,28.12
892,2017-08-16,0,0,0,44800,0,1.87,0.44,28.12
893,2017-08-17,0,0,0,44800,0,1.87,0.44,28.12
894,2017-08-18,0,0,0,44800,0,1.87,0.44,28.12
895,2017-08-21,0,0,0,44800,0,1.87,0.44,28.12
896,2017-08-22,0,0,0,44800,0,1.87,0.44,28.12
897,2017-08-23,0,0,0,44800,0,1.87,0.44,28.12
898,2017-08-24,0,0,0,44800,0,1.87,0.44,28.12
899,2017-08-25,0,0,0,44800,0,1.87,0.44,28.12
900,2017-08-28,0,0,0,44800,0,1.87,0.44,28.12
901,2017-08-29,0,0,0,44800,0,1.87,0.44,28.12
902,2017-08-30,0,0,0,44800,0,1.87,0.44,28.12
903,2017-08-31,0,0,0,44800,0,1.87,0.44,28.12
904,2017-09-01,0,0,0,44800,0,1.87,0.44,28.12
905,2017-09-04,0,0,0,44800,0,1.87,0.44,28.12
906,2017-09-05,0,0,0,44800,0,1.87,0.44,28.12
907,2017-09-06,0,0,0,44800,0,1.87,0.44,28.12
908,2017-09-07,0,0,0,44800,0,1.87,0.44,28.12
909,2017-09-08,0,0,0,44800,0,1.87,0.44,28.12
910,2017-09-11,0,0,0,44800,0,1.87,0.44,28.12
911,2017-09-12,0,0,0,44800,0,1.87,0.44,28.12
912,2017-09-13,0,0,0,44800,0,1.87,0.44,28.12
913,2017-09-14,0,0,0,44800,0,1.87,0.44,28.12
914,2017-09-15,0,0,0,44800,0,1.87,0.44,28.12
915,2017-09-18,0,0,0,44800,0,1.87,0.44,28.12
916,2017-09-19,0,0,0,44800,0,1.87,0.44,28.12
917,2017-09-20,0,0,0,44800,0,1.87,0.44,28.12
918,2017-09-21,0,0,0,44800,0,1.87,0.44,28.12
919,2017-09-22,0,0,0,44800,0,1.87,0.44,28.12
920,2017-09-25,0,0,0,44800,0,1.87,0.44,28.12
921,2017-09-26,0,0,0,44800,0,1.87,0.44,28.12
922,2017-09-27,0,0,0,44800,0,1.87,0.44,28.12
923,2017-09-28,0,0,0,44800,0,1.87,0.44,28.12
924,2017-09-29,0,0,0,44800,0,1.87,0.44,28.12
925,2017-10-10,0,0,0,44800,0,1.87,0.44,28.12
926,2017-10-11,0,0,0,44800,0,1.87,0.44,28.12
927,2017-10-12,0,0,0,44800,0,1.87,0.44,28.12
928,2017-10-13,0,0,0,44800,0,1.87,0.44,28.12
929,2017-10-16,0,0,0,44800,0,1.87,0.44,28.12
930,2017-10-17,0,0,0,44800,0,1.87,0.44,28.12
931,2017-10-18,0,0,0,44800,0,1.87,0.44,28.12
932,2017-10-19,0,0,0,44800,0,1.87,0.44,28.12
933,2017-10-20,0,0,0,44800,0,1.87,0.44,28.12
934,2017-10-23,0,0,0,44800,0,1.87,0.44,28.12
935,2017-10-24,0,0,0,44800,0,1.87,0.44,28.12
936,2017-10-25,0,0,0,44800,0,1.87,0.44,28.12
937,2017-10-26,0,0,0,44800,0,1.87,0.44,28.12
938,2017-10-27,0,0,0,44800,0,1.87,0.44,28.12
939,2017-10-30,22400,22400,15700,19400,11060393,1.87,0.44,28.12
940,2017-10-31,18800,19200,18200,18350,1872129,1.87,0.44,28.12
941,2017-11-01,18350,19250,17950,18200,1362536,1.87,0.44,28.12
942,2017-11-02,18400,18650,17400,17700,950594,1.87,0.44,28.12
943,2017-11-03,17550,17800,16850,17000,970801,1.87,0.44,28.12
944,2017-11-06,16700,18400,16650,18000,1427696,1.87,0.44,28.12
945,2017-11-07,18200,18900,17800,18800,972138,1.87,0.44,28.12
946,2017-11-08,18900,20850,18550,20500,2632812,1.87,0.44,28.12
947,2017-11-09,21100,24650,20550,21000,4000619,1.87,0.44,28.12
948,2017-11-10,20950,21350,19400,19750,1264200,1.87,0.44,28.12
949,2017-11-13,20350,20500,18950,19150,909247,1.87,0.44,28.12
950,2017-11-14,19150,19200,18400,18850,696946,1.87,0.44,28.12
951,2017-11-15,18850,18850,17800,18450,857023,1.87,0.44,28.12
952,2017-11-16,18300,18550,18050,18350,398934,1.87,0.44,28.12
953,2017-11-17,18400,18550,18100,18300,282594,1.87,0.44,28.12
954,2017-11-20,18500,18550,17900,18000,400363,1.87,0.44,28.12
955,2017-11-21,17900,17900,17600,17750,341039,1.87,0.44,28.12
956,2017-11-22,17700,18750,17100,18400,759302,1.87,0.44,28.12
957,2017-11-23,18650,18800,17900,17900,528601,1.87,0.44,28.12
958,2017-11-24,17900,17900,17350,17400,483290,1.87,0.44,28.12
959,2017-11-27,17700,17800,17300,17300,453551,1.87,0.44,28.12
960,2017-11-28,17200,17450,16800,16800,540717,1.87,0.44,28.12
961,2017-11-29,17000,17250,16750,17150,318148,1.87,0.44,28.12
962,2017-11-30,17450,18250,17350,17950,997827,1.87,0.44,28.12
963,2017-12-01,18100,18150,17600,17950,318965,1.87,0.44,28.12
964,2017-12-04,17900,18300,17650,18200,340460,1.87,0.44,28.12
965,2017-12-05,18250,18500,18000,18200,281997,1.87,0.44,28.12
966,2017-12-06,17800,18100,16850,17700,692204,1.87,0.44,28.12
967,2017-12-07,17700,18100,16950,17700,607045,1.87,0.44,28.12
968,2017-12-08,17700,17750,17000,17100,233066,1.87,0.44,28.12
969,2017-12-11,17100,17450,17000,17200,230005,1.87,0.44,28.12
970,2017-12-12,17200,17400,17050,17100,107428,1.87,0.44,28.12
971,2017-12-13,17100,17250,17050,17100,202687,1.87,0.44,28.12
972,2017-12-14,17100,17200,16850,16900,177794,1.87,0.44,28.12
973,2017-12-15,16900,17100,16500,16500,251933,1.87,0.44,28.12
974,2017-12-18,16500,16600,16300,16450,130777,1.87,0.44,28.12
975,2017-12-19,16500,16500,15850,15850,245977,1.87,0.44,28.12
976,2017-12-20,15850,15900,15150,15200,343135,1.87,0.44,28.12
977,2017-12-21,15000,15050,14600,14800,274353,1.87,0.44,28.12
978,2017-12-22,14950,15100,14650,15100,128975,1.87,0.44,28.12
979,2017-12-26,15200,15600,15000,15000,158344,1.87,0.44,28.12
980,2017-12-27,14700,14750,13800,14050,402003,1.87,0.44,28.12
981,2017-12-28,14150,14450,13900,13900,293878,1.87,0.44,28.12
982,2018-01-02,14000,15400,13950,15350,382063,10.61,0.95,9.53
983,2018-01-03,15450,17250,15350,17200,819973,10.61,0.95,9.53
984,2018-01-04,17850,17850,16450,16500,526458,10.61,0.95,9.53
985,2018-01-05,16600,16900,16200,16550,244282,10.61,0.95,9.53
986,2018-01-08,16600,16600,15700,15900,284641,10.61,0.95,9.53
987,2018-01-09,15800,15850,15200,15400,264053,10.61,0.95,9.53
988,2018-01-10,15200,16450,15200,15900,426655,10.61,0.95,9.53
989,2018-01-11,15750,16300,15750,15900,325226,10.61,0.95,9.53
990,2018-01-12,16300,17550,16200,17300,905957,10.61,0.95,9.53
991,2018-01-15,17600,19200,17500,19100,1839224,10.61,0.95,9.53
992,2018-01-16,19200,19350,18350,19000,637656,10.61,0.95,9.53
993,2018-01-17,19000,19000,17850,18150,728905,10.61,0.95,9.53
994,2018-01-18,18400,18400,17600,17950,247380,10.61,0.95,9.53
995,2018-01-19,17950,18400,17550,18100,244982,10.61,0.95,9.53
996,2018-01-22,18400,19500,18400,19400,1091237,10.61,0.95,9.53
997,2018-01-23,19650,19700,18800,19500,678050,10.61,0.95,9.53
998,2018-01-24,19500,20000,19500,19800,769987,10.61,0.95,9.53
999,2018-01-25,19800,21350,19700,21150,1587988,10.61,0.95,9.53
1000,2018-01-26,21250,22550,21200,21650,1234474,10.61,0.95,9.53
1001,2018-01-29,22000,22500,21600,22450,953737,10.61,0.95,9.53
1002,2018-01-30,23200,24500,22850,23750,1859129,10.61,0.95,9.53
1003,2018-01-31,23250,24350,22100,24250,1368908,10.61,0.95,9.53
1004,2018-02-01,24600,24600,23050,23450,689135,10.61,0.95,9.53
1005,2018-02-02,22900,24500,22550,23350,928458,10.61,0.95,9.53
1006,2018-02-05,22550,23200,22000,22000,789143,10.61,0.95,9.53
1007,2018-02-06,20800,23200,20400,22000,1303247,10.61,0.95,9.53
1008,2018-02-07,22950,23000,20750,20900,686588,10.61,0.95,9.53
1009,2018-02-08,21050,21900,20300,21450,964180,10.61,0.95,9.53
1010,2018-02-09,20500,21000,20050,20600,632150,10.61,0.95,9.53
1011,2018-02-12,21050,21050,19150,19500,1020228,10.61,0.95,9.53
1012,2018-02-13,19700,19700,18850,18950,410507,10.61,0.95,9.53
1013,2018-02-14,19000,20100,18950,20050,306984,10.61,0.95,9.53
1014,2018-02-19,20800,22150,20450,21850,858005,10.61,0.95,9.53
1015,2018-02-20,21850,22550,21000,21300,639380,10.61,0.95,9.53
1016,2018-02-21,21600,22600,21100,22600,730556,10.61,0.95,9.53
1017,2018-02-22,23000,23550,22150,22750,1109215,10.61,0.95,9.53
1018,2018-02-23,22900,25200,22900,24500,1670749,10.61,0.95,9.53
1019,2018-02-26,25000,26300,23800,24950,961537,10.61,0.95,9.53
1020,2018-02-27,25300,25600,24350,24950,604300,10.61,0.95,9.53
1021,2018-02-28,25100,26100,24400,25000,733648,10.61,0.95,9.53
1022,2018-03-02,24550,24900,24200,24550,529671,10.61,0.95,9.53
1023,2018-03-05,25000,25050,23650,23650,497179,10.61,0.95,9.53
1024,2018-03-06,24200,26150,24150,26100,1267727,10.61,0.95,9.53
1025,2018-03-07,26350,28500,25550,26350,1482881,10.61,0.95,9.53
1026,2018-03-08,26650,27350,26500,26900,817981,10.61,0.95,9.53
1027,2018-03-09,27400,28250,26650,27050,1003745,10.61,0.95,9.53
1028,2018-03-12,27150,27900,27150,27650,455958,10.61,0.95,9.53
1029,2018-03-13,28350,28400,26000,27150,1340094,10.61,0.95,9.53
1030,2018-03-14,26650,26800,25100,25400,1142877,10.61,0.95,9.53
1031,2018-03-15,25000,26750,24600,26750,1052395,10.61,0.95,9.53
1032,2018-03-16,26500,26700,25900,26050,534923,10.61,0.95,9.53
1033,2018-03-19,25750,25850,25050,25300,408384,10.61,0.95,9.53
1034,2018-03-20,25350,26750,25300,26650,1204514,10.61,0.95,9.53
1035,2018-03-21,27200,27550,26600,27200,720831,10.61,0.95,9.53
1036,2018-03-22,27600,28150,26700,27250,1134410,10.61,0.95,9.53
1037,2018-03-23,26950,30550,26300,28200,4431638,10.61,0.95,9.53
1038,2018-03-26,28350,29550,28100,29000,1581600,10.61,0.95,9.53
1039,2018-03-27,29000,29850,28200,28750,1282125,10.61,0.95,9.53
1040,2018-03-28,28200,28850,27600,28000,819856,10.61,0.95,9.53
1041,2018-03-29,28300,28300,27100,27950,685283,10.61,0.95,9.53
1042,2018-03-30,28300,28450,26950,27600,887019,10.61,0.95,9.53
1043,2018-04-02,27150,27400,25950,26600,1180914,10.61,0.95,9.53
1044,2018-04-03,25900,26150,25100,25400,1033372,10.61,0.95,9.53
1045,2018-04-04,25500,26500,25250,25600,799954,10.61,0.95,9.53
1046,2018-04-05,26300,27900,26100,27450,1298023,10.61,0.95,9.53
1047,2018-04-06,27750,28600,27550,27900,942782,10.61,0.95,9.53
1048,2018-04-09,27300,27550,26600,27200,634433,10.61,0.95,9.53
1049,2018-04-10,27000,27800,25850,27450,790234,10.61,0.95,9.53
1050,2018-04-11,27800,28150,26600,26650,561122,10.61,0.95,9.53
1051,2018-04-12,27250,27900,27150,27650,691979,10.61,0.95,9.53
1052,2018-04-13,27900,27900,27150,27600,332445,10.61,0.95,9.53
1053,2018-04-16,27800,27850,26600,26800,423915,10.61,0.95,9.53
1054,2018-04-17,27000,27050,26000,26300,520217,10.61,0.95,9.53
1055,2018-04-18,26500,27000,26050,26850,432483,10.61,0.95,9.53
1056,2018-04-19,27000,27650,26700,26900,538486,10.61,0.95,9.53
1057,2018-04-20,27100,27100,26300,26850,373945,10.61,0.95,9.53
1058,2018-04-23,26500,26800,25850,26050,639105,10.61,0.95,9.53
1059,2018-04-24,26100,26400,25550,26350,321953,10.61,0.95,9.53
1060,2018-04-25,26000,26050,24750,25000,654020,10.61,0.95,9.53
1061,2018-04-26,25100,26100,25050,25400,502597,10.61,0.95,9.53
1062,2018-04-27,25400,25500,24800,25200,306067,10.61,0.95,9.53
1063,2018-04-30,25150,25200,23050,24000,1256428,10.61,0.95,9.53
1064,2018-05-02,23500,24650,22800,24200,808335,10.61,0.95,9.53
1065,2018-05-03,24200,24800,24050,24400,324633,10.61,0.95,9.53
1066,2018-05-04,24500,25550,24450,25200,590159,10.61,0.95,9.53
1067,2018-05-08,25550,26450,25250,25600,625394,10.61,0.95,9.53
1068,2018-05-09,25600,25800,24650,25350,302198,10.61,0.95,9.53
1069,2018-05-10,26100,26550,25800,26200,577593,10.61,0.95,9.53
1070,2018-05-11,26300,26350,25700,25900,297451,10.61,0.95,9.53
1071,2018-05-14,26100,27150,25950,27000,720489,10.61,0.95,9.53
1072,2018-05-15,27000,27550,26300,27050,753450,10.61,0.95,9.53
1073,2018-05-16,27100,27600,26050,26450,613920,10.61,0.95,9.53
1074,2018-05-17,26950,27100,26250,26300,398721,10.61,0.95,9.53
1075,2018-05-18,26300,27300,26300,27000,657150,10.61,0.95,9.53
1076,2018-05-21,27050,27500,26750,27300,410279,10.61,0.95,9.53
1077,2018-05-23,27400,27450,26750,27000,332995,10.61,0.95,9.53
1078,2018-05-24,26800,26900,26350,26650,285044,10.61,0.95,9.53
1079,2018-05-25,26600,27850,26400,27550,1068534,10.61,0.95,9.53
1080,2018-05-28,27100,27300,26150,26900,990835,10.61,0.95,9.53
1081,2018-05-29,26550,26800,26200,26700,505610,10.61,0.95,9.53
1082,2018-05-30,26200,26950,26000,26250,600767,10.61,0.95,9.53
1083,2018-05-31,26900,27400,26400,27150,620209,10.61,0.95,9.53
1084,2018-06-01,26900,27150,26700,26850,307752,10.61,0.95,9.53
1085,2018-06-04,26900,27250,26650,27050,305405,10.61,0.95,9.53
1086,2018-06-05,27250,27300,26600,27250,360243,10.61,0.95,9.53
1087,2018-06-07,27300,27400,26950,27100,359169,10.61,0.95,9.53
1088,2018-06-08,27300,27450,26600,26600,280443,10.61,0.95,9.53
1089,2018-06-11,26450,28050,26400,27900,1202754,10.61,0.95,9.53
1090,2018-06-12,28150,28150,27100,27700,650768,10.61,0.95,9.53
1091,2018-06-14,27800,27800,26000,26150,2570168,10.61,0.95,9.53
1092,2018-06-15,26500,26850,25550,25850,915597,10.61,0.95,9.53
1093,2018-06-18,25850,25900,23800,24350,901451,10.61,0.95,9.53
1094,2018-06-19,24200,24950,23450,23550,801434,10.61,0.95,9.53
1095,2018-06-20,23450,24350,23450,24050,344870,10.61,0.95,9.53
1096,2018-06-21,24000,24700,23650,23850,292631,10.61,0.95,9.53
1097,2018-06-22,23800,25050,23550,25050,489856,10.61,0.95,9.53
1098,2018-06-25,24850,26300,24800,26300,647872,10.61,0.95,9.53
1099,2018-06-26,25850,27000,25750,26600,617159,10.61,0.95,9.53
1100,2018-06-27,26250,27200,25250,25600,656754,10.61,0.95,9.53
1101,2018-06-28,25900,26750,25650,26500,361297,10.61,0.95,9.53
1102,2018-06-29,26750,27200,26150,27000,498154,10.61,0.95,9.53
1103,2018-07-02,26850,27250,25300,25400,553030,10.61,0.95,9.53
1104,2018-07-03,25400,25950,24900,25350,310143,10.61,0.95,9.53
1105,2018-07-04,25150,25550,24900,25300,241134,10.61,0.95,9.53
1106,2018-07-05,25100,25450,24450,24850,266115,10.61,0.95,9.53
1107,2018-07-06,24900,26700,24900,26350,754100,10.61,0.95,9.53
1108,2018-07-09,26100,26700,25850,26450,336862,10.61,0.95,9.53
1109,2018-07-10,26500,27000,25900,25950,339530,10.61,0.95,9.53
1110,2018-07-11,25600,25650,25200,25550,277876,10.61,0.95,9.53
1111,2018-07-12,25500,25550,25100,25250,431791,10.61,0.95,9.53
1112,2018-07-13,25300,25600,25100,25450,339900,10.61,0.95,9.53
1113,2018-07-16,25300,25750,25050,25300,253015,10.61,0.95,9.53
1114,2018-07-17,25300,25400,24500,24950,742034,10.61,0.95,9.53
1115,2018-07-18,24950,25050,23900,24050,840619,10.61,0.95,9.53
1116,2018-07-19,24100,24350,23800,24050,321234,10.61,0.95,9.53
1117,2018-07-20,24050,24200,23000,23300,854114,10.61,0.95,9.53
1118,2018-07-23,23000,24750,23000,24450,523394,10.61,0.95,9.53
1119,2018-07-24,24450,24450,22600,23450,836602,10.61,0.95,9.53
1120,2018-07-25,23450,24000,23050,23100,397724,10.61,0.95,9.53
1121,2018-07-26,23550,25350,23200,25050,936794,10.61,0.95,9.53
1122,2018-07-27,25050,25750,25050,25450,202049,10.61,0.95,9.53
1123,2018-07-30,25100,26200,25100,25900,254906,10.61,0.95,9.53
1124,2018-07-31,26100,26800,25900,26350,511087,10.61,0.95,9.53
1125,2018-08-01,26350,26900,25800,25850,374736,10.61,0.95,9.53
1126,2018-08-02,25800,26600,25800,26150,380984,10.61,0.95,9.53
1127,2018-08-03,26100,26700,25950,26550,408210,10.61,0.95,9.53
1128,2018-08-06,26550,26800,26250,26500,191148,10.61,0.95,9.53
1129,2018-08-07,26400,26550,25700,26550,178803,10.61,0.95,9.53
1130,2018-08-08,26750,26950,26450,26700,286901,10.61,0.95,9.53
1131,2018-08-09,26600,26850,26300,26500,280295,10.61,0.95,9.53
1132,2018-08-10,26500,26500,25500,26050,353218,10.61,0.95,9.53
1133,2018-08-13,25850,26050,25250,25400,517046,10.61,0.95,9.53
1134,2018-08-14,25350,25600,25150,25300,420358,10.61,0.95,9.53
1135,2018-08-16,25500,25900,25300,25800,308199,10.61,0.95,9.53
1136,2018-08-17,25700,26450,25700,26100,256670,10.61,0.95,9.53
1137,2018-08-20,26200,28800,26200,28450,1895683,10.61,0.95,9.53
1138,2018-08-21,28450,29050,28000,28500,780847,10.61,0.95,9.53
1139,2018-08-22,28500,29700,28500,29300,723385,10.61,0.95,9.53
1140,2018-08-23,29650,29650,28650,29150,466620,10.61,0.95,9.53
1141,2018-08-24,28850,28950,28300,28850,292824,10.61,0.95,9.53
1142,2018-08-27,29000,29000,27500,27750,654278,10.61,0.95,9.53
1143,2018-08-28,28050,29200,27500,28650,497190,10.61,0.95,9.53
1144,2018-08-29,28950,29100,28450,28500,303487,10.61,0.95,9.53
1145,2018-08-30,28800,28800,28100,28300,242876,10.61,0.95,9.53
1146,2018-08-31,28350,28650,27850,28450,206544,10.61,0.95,9.53
1147,2018-09-03,28250,29300,28150,29250,350273,10.61,0.95,9.53
1148,2018-09-04,29100,29250,28800,29150,345876,10.61,0.95,9.53
1149,2018-09-05,28950,30100,28900,29250,510269,10.61,0.95,9.53
1150,2018-09-06,29350,30300,29350,29900,596012,10.61,0.95,9.53
1151,2018-09-07,30150,30350,29650,30100,397950,10.61,0.95,9.53
1152,2018-09-10,30000,30000,29250,29950,401046,10.61,0.95,9.53
1153,2018-09-11,29850,31050,29700,31000,789265,10.61,0.95,9.53
1154,2018-09-12,31100,31200,30850,30950,363932,10.61,0.95,9.53
1155,2018-09-13,31050,31800,31000,31750,398385,10.61,0.95,9.53
1156,2018-09-14,31750,31900,30950,31250,339228,10.61,0.95,9.53
1157,2018-09-17,31100,32500,30600,32500,552735,10.61,0.95,9.53
1158,2018-09-18,32100,33700,32050,33400,582429,10.61,0.95,9.53
1159,2018-09-19,33350,33600,32850,33400,321800,10.61,0.95,9.53
1160,2018-09-20,33200,34200,33100,33700,334972,10.61,0.95,9.53
1161,2018-09-21,34150,34200,32800,33450,1728823,10.61,0.95,9.53
1162,2018-09-27,33250,35200,33200,34950,652572,10.61,0.95,9.53
1163,2018-09-28,35150,35300,34000,34650,469329,10.61,0.95,9.53
1164,2018-10-01,34850,35550,34750,35200,356709,10.61,0.95,9.53
1165,2018-10-02,35250,37450,35000,37100,757294,10.61,0.95,9.53
1166,2018-10-04,37350,38450,36200,37850,763738,10.61,0.95,9.53
1167,2018-10-05,37700,38000,36500,36900,461679,10.61,0.95,9.53
1168,2018-10-08,37000,37000,34300,34550,761775,10.61,0.95,9.53
1169,2018-10-10,34950,36000,34550,35350,390751,10.61,0.95,9.53
1170,2018-10-11,33700,34750,32750,32900,657536,10.61,0.95,9.53
1171,2018-10-12,32800,33650,32050,33450,596625,10.61,0.95,9.53
1172,2018-10-15,33300,35250,32300,34200,500494,10.61,0.95,9.53
1173,2018-10-16,34200,34550,32850,33500,378650,10.61,0.95,9.53
1174,2018-10-17,34100,34100,29500,31700,2620577,10.61,0.95,9.53
1175,2018-10-18,31400,32200,30400,31100,722870,10.61,0.95,9.53
1176,2018-10-19,30600,30750,29600,30600,586334,10.61,0.95,9.53
1177,2018-10-22,30600,31150,29900,31100,340487,10.61,0.95,9.53
1178,2018-10-23,30750,30950,29800,30050,326705,10.61,0.95,9.53
1179,2018-10-24,30450,30550,29400,29850,363129,10.61,0.95,9.53
1180,2018-10-25,28650,29650,28250,29400,595049,10.61,0.95,9.53
1181,2018-10-26,29750,29750,26800,27600,668482,10.61,0.95,9.53
1182,2018-10-29,27400,28850,27100,27300,587722,10.61,0.95,9.53
1183,2018-10-30,26850,28250,26850,27850,413503,10.61,0.95,9.53
1184,2018-10-31,27850,29850,27400,29250,538720,10.61,0.95,9.53
1185,2018-11-01,28900,30000,28350,28400,552948,10.61,0.95,9.53
1186,2018-11-02,28650,29800,28650,29750,226537,10.61,0.95,9.53
1187,2018-11-05,30150,30300,28850,29100,385358,10.61,0.95,9.53
1188,2018-11-06,29700,31600,29350,31300,688069,10.61,0.95,9.53
1189,2018-11-07,31850,32850,29950,30400,698096,10.61,0.95,9.53
1190,2018-11-08,31350,32600,31150,31650,511681,10.61,0.95,9.53
1191,2018-11-09,31850,32700,31150,32250,422962,10.61,0.95,9.53
1192,2018-11-12,32450,34500,32000,33500,729193,10.61,0.95,9.53
1193,2018-11-13,33250,33850,32500,33500,579403,10.61,0.95,9.53
1194,2018-11-14,33400,36450,33200,34350,1659945,10.61,0.95,9.53
1195,2018-11-15,34850,36400,34850,36000,737598,10.61,0.95,9.53
1196,2018-11-16,36500,37500,36400,37200,600454,10.61,0.95,9.53
1197,2018-11-19,36800,37850,34650,35450,1228288,10.61,0.95,9.53
1198,2018-11-20,34950,36350,34700,35600,724248,10.61,0.95,9.53
1199,2018-11-21,35150,35600,34700,35400,437806,10.61,0.95,9.53
1200,2018-11-22,35200,36050,34350,34650,572161,10.61,0.95,9.53
1201,2018-11-23,34700,35450,34450,35000,350338,10.61,0.95,9.53
1202,2018-11-26,35050,35250,33050,34700,754536,10.61,0.95,9.53
1203,2018-11-27,34550,35000,33700,34650,411994,10.61,0.95,9.53
1204,2018-11-28,35150,35850,34500,34600,546656,10.61,0.95,9.53
1205,2018-11-29,35100,35150,33450,33900,727835,10.61,0.95,9.53
1206,2018-11-30,34200,34300,32650,32850,4276001,10.61,0.95,9.53
1207,2018-12-03,33400,34150,32850,33650,542158,10.61,0.95,9.53
1208,2018-12-04,33900,34900,33450,34300,576138,10.61,0.95,9.53
1209,2018-12-05,33500,34800,33500,34650,495169,10.61,0.95,9.53
1210,2018-12-06,34650,35100,32800,32900,625779,10.61,0.95,9.53
1211,2018-12-07,33650,34150,33050,33550,354408,10.61,0.95,9.53
1212,2018-12-10,33150,34300,33050,33900,280572,10.61,0.95,9.53
1213,2018-12-11,34050,34150,33350,33750,193307,10.61,0.95,9.53
1214,2018-12-12,33950,36750,33650,36750,776744,10.61,0.95,9.53
1215,2018-12-13,36900,37400,36450,36850,679187,10.61,0.95,9.53
1216,2018-12-14,37400,38500,36500,37400,763399,10.61,0.95,9.53
1217,2018-12-17,37700,38300,36600,37300,342276,10.61,0.95,9.53
1218,2018-12-18,37200,38150,36500,37150,292631,10.61,0.95,9.53
1219,2018-12-19,37150,37150,34300,34600,1099961,10.61,0.95,9.53
1220,2018-12-20,34000,34900,33600,34050,448680,10.61,0.95,9.53
1221,2018-12-21,33500,34700,32600,34700,767786,10.61,0.95,9.53
1222,2018-12-24,34700,34900,33950,34150,220213,10.61,0.95,9.53
1223,2018-12-26,33100,33500,32100,32500,677213,10.61,0.95,9.53
1224,2018-12-27,33550,35050,33400,34750,660947,10.61,0.95,9.53
1225,2018-12-28,34800,35050,33900,34150,271421,10.61,0.95,9.53
1226,2019-01-02,34250,34500,33100,33300,241266,NaN,0.8,-1.22
1227,2019-01-03,33700,34200,33200,33500,431274,NaN,0.8,-1.22
1228,2019-01-04,33200,33600,32650,33300,378669,NaN,0.8,-1.22
1229,2019-01-07,33950,34650,32700,32800,535221,NaN,0.8,-1.22
1230,2019-01-08,33000,33150,31250,31400,639906,NaN,0.8,-1.22
1231,2019-01-09,31500,32050,31050,31400,509267,NaN,0.8,-1.22
1232,2019-01-10,31700,33150,31700,32350,544930,NaN,0.8,-1.22
1233,2019-01-11,32600,32650,31550,31700,293351,NaN,0.8,-1.22
1234,2019-01-14,31800,32400,31750,32300,267611,NaN,0.8,-1.22
1235,2019-01-15,32650,32950,32450,32500,425739,NaN,0.8,-1.22
1236,2019-01-16,32250,32400,31700,32100,346764,NaN,0.8,-1.22
1237,2019-01-17,32250,32350,31600,31600,256299,NaN,0.8,-1.22
1238,2019-01-18,31950,32150,31600,31950,214936,NaN,0.8,-1.22
1239,2019-01-21,32450,34100,32400,34000,1102090,NaN,0.8,-1.22
1240,2019-01-22,34100,34500,33350,33900,290197,NaN,0.8,-1.22
1241,2019-01-23,33650,34100,33500,34050,210751,NaN,0.8,-1.22
1242,2019-01-24,34200,34200,33550,34100,255959,NaN,0.8,-1.22
1243,2019-01-25,34100,34650,33700,34550,406024,NaN,0.8,-1.22
1244,2019-01-28,35350,37400,35350,35950,941710,NaN,0.8,-1.22
1245,2019-01-29,36650,37300,35850,36200,541216,NaN,0.8,-1.22
1246,2019-01-30,36500,36600,35550,36100,407651,NaN,0.8,-1.22
1247,2019-01-31,42000,44000,36650,37000,7207831,NaN,0.8,-1.22
1248,2019-02-01,36300,36750,33550,33800,3094450,NaN,0.8,-1.22
1249,2019-02-07,33850,34900,33400,34600,1199219,NaN,0.8,-1.22
1250,2019-02-08,33950,35200,33050,33400,1220343,NaN,0.8,-1.22
1251,2019-02-11,33550,33750,32850,33000,655822,NaN,0.8,-1.22
1252,2019-02-12,32900,33900,32900,33050,594386,NaN,0.8,-1.22
1253,2019-02-13,33250,33350,32100,32200,734673,NaN,0.8,-1.22
1254,2019-02-14,32400,32400,30550,31000,1021013,NaN,0.8,-1.22
1255,2019-02-15,31000,31600,30750,31150,490019,NaN,0.8,-1.22
1256,2019-02-18,31450,32250,31300,32100,534796,NaN,0.8,-1.22
1257,2019-02-20,31950,32300,31600,31900,254631,NaN,0.8,-1.22
1258,2019-02-21,31800,32550,31550,32250,448667,NaN,0.8,-1.22
1259,2019-02-22,32500,32700,32300,32400,410591,NaN,0.8,-1.22
1260,2019-02-25,32650,33050,32500,32600,445130,NaN,0.8,-1.22
1261,2019-02-26,32650,32650,32050,32050,257172,NaN,0.8,-1.22
1262,2019-02-27,32050,32250,31550,31850,223830,NaN,0.8,-1.22
1263,2019-02-28,31950,32400,31300,31600,535506,NaN,0.8,-1.22
1264,2019-03-04,31550,32050,31500,31600,269052,NaN,0.8,-1.22
1265,2019-03-05,31300,31500,30800,31300,272343,NaN,0.8,-1.22
1266,2019-03-06,31350,31450,31000,31050,192091,NaN,0.8,-1.22
1267,2019-03-07,31050,31300,30050,30200,297277,NaN,0.8,-1.22
1268,2019-03-08,29800,30700,29500,30200,357570,NaN,0.8,-1.22
1269,2019-03-11,30200,30250,28900,29150,561525,NaN,0.8,-1.22
1270,2019-03-12,29450,29750,29250,29750,305948,NaN,0.8,-1.22
1271,2019-03-13,29750,29950,29150,29150,245005,NaN,0.8,-1.22
1272,2019-03-14,29200,29700,28950,28950,532459,NaN,0.8,-1.22
1273,2019-03-15,29100,29900,29100,29250,930348,NaN,0.8,-1.22
1274,2019-03-18,29300,29550,28700,28800,317395,NaN,0.8,-1.22
1275,2019-03-19,28700,28900,28300,28700,329395,NaN,0.8,-1.22
1276,2019-03-20,28450,28800,28350,28550,211262,NaN,0.8,-1.22
1277,2019-03-21,28500,28800,27950,28450,387510,NaN,0.8,-1.22
1278,2019-03-22,28250,28450,27900,27950,189079,NaN,0.8,-1.22
1279,2019-03-25,27550,28250,27200,27250,290700,NaN,0.8,-1.22
1280,2019-03-26,27350,28150,27200,28050,267559,NaN,0.8,-1.22
1281,2019-03-27,28150,28300,27700,28000,156070,NaN,0.8,-1.22
1282,2019-03-28,27750,27850,27050,27150,175822,NaN,0.8,-1.22
1283,2019-03-29,27300,28150,27250,27950,206597,NaN,0.8,-1.22
1284,2019-04-01,28200,29400,28200,29300,307663,NaN,0.8,-1.22
1285,2019-04-02,29300,29450,28700,28750,203463,NaN,0.8,-1.22
1286,2019-04-03,28400,28600,28050,28500,288181,NaN,0.8,-1.22
1287,2019-04-04,28650,29100,28600,28750,193355,NaN,0.8,-1.22
1288,2019-04-05,28700,29100,28550,28950,152138,NaN,0.8,-1.22
1289,2019-04-08,28950,29200,28450,28550,260243,NaN,0.8,-1.22
1290,2019-04-09,28600,29400,28600,28900,242188,NaN,0.8,-1.22
1291,2019-04-10,28900,29300,28800,29300,155527,NaN,0.8,-1.22
1292,2019-04-11,29450,29600,29050,29350,219434,NaN,0.8,-1.22
1293,2019-04-12,29100,30500,29000,29800,389919,NaN,0.8,-1.22
1294,2019-04-15,30450,30450,29850,29950,282372,NaN,0.8,-1.22
1295,2019-04-16,29950,30250,29750,30050,167980,NaN,0.8,-1.22
1296,2019-04-17,30100,30150,29750,29800,147728,NaN,0.8,-1.22
1297,2019-04-18,29750,30100,29550,29700,206444,NaN,0.8,-1.22
1298,2019-04-19,29750,29750,28700,28900,232053,NaN,0.8,-1.22
1299,2019-04-22,29150,29150,28550,28850,126810,NaN,0.8,-1.22
1300,2019-04-23,29450,30200,29150,29600,419924,NaN,0.8,-1.22
1301,2019-04-24,29950,29950,28600,28700,278242,NaN,0.8,-1.22
1302,2019-04-25,28700,28750,28200,28600,110327,NaN,0.8,-1.22
1303,2019-04-26,28300,28750,28050,28250,127931,NaN,0.8,-1.22
1304,2019-04-29,27900,29000,27900,29000,144552,NaN,0.8,-1.22
1305,2019-04-30,28950,29200,28600,29050,98309,NaN,0.8,-1.22
1306,2019-05-02,29050,29800,28800,29750,230169,NaN,0.8,-1.22
1307,2019-05-03,29600,30000,29600,29700,177421,NaN,0.8,-1.22
1308,2019-05-07,29300,29300,28650,28700,185931,NaN,0.8,-1.22
1309,2019-05-08,28350,29000,28350,28450,187824,NaN,0.8,-1.22
1310,2019-05-09,28100,28700,27400,27400,239477,NaN,0.8,-1.22
1311,2019-05-10,27400,27850,27050,27600,162846,NaN,0.8,-1.22
1312,2019-05-13,27250,27700,27100,27150,138595,NaN,0.8,-1.22
1313,2019-05-14,26950,27250,26500,27000,183306,NaN,0.8,-1.22
1314,2019-05-15,27000,28150,27000,27900,175987,NaN,0.8,-1.22
1315,2019-05-16,27650,28450,27500,27750,209368,NaN,0.8,-1.22
1316,2019-05-17,28000,28250,27600,27650,138147,NaN,0.8,-1.22
1317,2019-05-20,27800,28400,27800,28250,205229,NaN,0.8,-1.22
1318,2019-05-21,28250,28950,28050,28900,207852,NaN,0.8,-1.22
1319,2019-05-22,28800,29100,28450,28700,149345,NaN,0.8,-1.22
1320,2019-05-23,28700,29350,28650,29200,279564,NaN,0.8,-1.22
1321,2019-05-24,28900,29050,28350,28350,209085,NaN,0.8,-1.22
1322,2019-05-27,28250,28700,28150,28400,103814,NaN,0.8,-1.22
1323,2019-05-28,28150,29050,28150,29050,204455,NaN,0.8,-1.22
1324,2019-05-29,29000,29150,28550,28950,118831,NaN,0.8,-1.22
1325,2019-05-30,29100,29950,28950,29900,249915,NaN,0.8,-1.22
1326,2019-04-19,29750,29750,28700,28900,232053,NaN,0.8,-1.22
1327,2019-06-03,29850,30200,29600,30150,196656,NaN,0.8,-1.22
1328,2019-06-04,30150,30300,29950,30250,147106,NaN,0.8,-1.22
1329,2019-06-05,30050,30400,29000,29150,329344,NaN,0.8,-1.22
1330,2019-06-07,29200,29400,28550,29400,181428,NaN,0.8,-1.22
1331,2019-06-10,29400,30200,29250,30150,197782,NaN,0.8,-1.22
1332,2019-06-11,30000,30800,30000,30700,231976,NaN,0.8,-1.22
1333,2019-06-12,31000,32000,30950,31900,504965,NaN,0.8,-1.22
1334,2019-06-13,31900,32250,31600,32000,367204,NaN,0.8,-1.22
1335,2019-06-14,32000,32300,31750,32200,214129,NaN,0.8,-1.22
1336,2019-06-17,32200,32400,31800,31950,184201,NaN,0.8,-1.22
1337,2019-06-18,31900,32550,31850,32100,241971,NaN,0.8,-1.22
1338,2019-06-19,32350,32450,31850,31900,217334,NaN,0.8,-1.22
1339,2019-06-20,32000,32500,31950,32200,159287,NaN,0.8,-1.22
1340,2019-06-21,32250,33000,32250,33000,343453,NaN,0.8,-1.22
1341,2019-06-24,33050,33150,32500,32600,190870,NaN,0.8,-1.22
1342,2019-06-25,32650,33100,32250,32450,210408,NaN,0.8,-1.22
1343,2019-06-26,32200,33000,31900,33000,242115,NaN,0.8,-1.22
1344,2019-06-27,33000,33000,32650,32650,153687,NaN,0.8,-1.22
1345,2019-06-28,32650,33000,32300,32700,204868,NaN,0.8,-1.22
1346,2019-07-01,33000,33050,32400,32450,134115,NaN,0.8,-1.22
1347,2019-07-02,32400,32950,32300,32750,177066,NaN,0.8,-1.22
1348,2019-07-03,32950,33000,32100,32200,140858,NaN,0.8,-1.22
1349,2019-07-04,32150,32500,31950,32300,147938,NaN,0.8,-1.22
1350,2019-07-05,32600,32650,32250,32500,115375,NaN,0.8,-1.22
1351,2019-07-08,32300,32500,31300,31350,207090,NaN,0.8,-1.22
1352,2019-07-09,31350,31750,31050,31100,104498,NaN,0.8,-1.22
1353,2019-07-10,30800,31750,30750,31500,112655,NaN,0.8,-1.22
1354,2019-07-11,31350,31800,31300,31500,71644,NaN,0.8,-1.22
1355,2019-07-12,31500,31800,31200,31700,75430,NaN,0.8,-1.22
1356,2019-07-15,31650,31850,31300,31400,80234,NaN,0.8,-1.22
1357,2019-07-16,31250,31600,31150,31300,62821,NaN,0.8,-1.22
1358,2019-07-17,31300,31350,30650,30950,71999,NaN,0.8,-1.22
1359,2019-07-18,31050,31200,30600,30750,69999,NaN,0.8,-1.22
1360,2019-07-19,30400,31550,30400,31300,91881,NaN,0.8,-1.22
1361,2019-07-22,31100,31700,31050,31150,58227,NaN,0.8,-1.22
1362,2019-07-23,31150,31250,30600,30750,86079,NaN,0.8,-1.22
1363,2019-07-24,30850,31200,30600,30600,68720,NaN,0.8,-1.22
1364,2019-07-25,30550,30600,29200,29200,168173,NaN,0.8,-1.22
1365,2019-07-26,29200,29450,28700,28850,101431,NaN,0.8,-1.22
1366,2019-07-29,28800,30400,28100,29650,158505,NaN,0.8,-1.22
1367,2019-07-30,28950,29600,28950,28950,83042,NaN,0.8,-1.22
1368,2019-07-31,28550,29600,28500,29350,116825,NaN,0.8,-1.22
1369,2019-08-01,28700,29250,28500,28500,102606,NaN,0.8,-1.22
1370,2019-08-02,28150,28450,26450,26700,250843,NaN,0.8,-1.22
1371,2019-08-05,26150,26850,24900,25450,303314,NaN,0.8,-1.22
1372,2019-08-06,23750,25450,23750,23950,516472,NaN,0.8,-1.22
1373,2019-08-07,23750,24300,23200,24000,279555,NaN,0.8,-1.22
1374,2019-08-08,24300,24700,24150,24200,217629,NaN,0.8,-1.22
1375,2019-08-09,24550,24650,24200,24400,149369,NaN,0.8,-1.22
1376,2019-08-12,24500,24700,24150,24600,83468,NaN,0.8,-1.22
1377,2019-08-13,24400,24900,24000,24500,103427,NaN,0.8,-1.22
1378,2019-08-14,24750,24750,24450,24450,124445,NaN,0.8,-1.22
1379,2019-08-16,24700,24700,24050,24100,148219,NaN,0.8,-1.22
1380,2019-08-19,24350,26800,24300,26650,405600,NaN,0.8,-1.22
1381,2019-08-20,26350,27400,26250,27000,192379,NaN,0.8,-1.22
1382,2019-08-21,26700,27150,26500,26950,145713,NaN,0.8,-1.22
1383,2019-08-22,26900,26950,26400,26550,183213,NaN,0.8,-1.22
1384,2019-08-23,26700,27150,26400,26650,124908,NaN,0.8,-1.22
1385,2019-08-26,25900,26100,25300,25600,193759,NaN,0.8,-1.22
1386,2019-08-27,25750,26300,25400,26100,209950,NaN,0.8,-1.22
1387,2019-08-28,26100,26100,25100,25900,103639,NaN,0.8,-1.22
1388,2019-08-29,26100,26350,25850,26000,70862,NaN,0.8,-1.22
1389,2019-08-30,26300,27400,26300,27300,227306,NaN,0.8,-1.22
1390,2019-09-02,26900,27850,26900,27650,98276,NaN,0.8,-1.22
1391,2019-09-03,27450,28350,27450,27900,140623,NaN,0.8,-1.22
1392,2019-09-04,27700,28300,27650,28300,112160,NaN,0.8,-1.22
1393,2019-09-05,28000,28750,28000,28400,130354,NaN,0.8,-1.22
1394,2019-09-06,28450,29650,28350,28850,197338,NaN,0.8,-1.22
1395,2019-09-09,29400,30200,29300,30050,251308,NaN,0.8,-1.22
1396,2019-09-10,29900,30400,29600,30050,136915,NaN,0.8,-1.22
1397,2019-09-11,30050,30300,29900,30300,197243,NaN,0.8,-1.22
1398,2019-09-16,30700,31150,30400,30850,224182,NaN,0.8,-1.22
1399,2019-09-17,30900,31000,30500,30900,107939,NaN,0.8,-1.22
1400,2019-09-18,30950,30950,29850,30350,191774,NaN,0.8,-1.22
1401,2019-09-19,30350,30600,29900,30000,114928,NaN,0.8,-1.22
1402,2019-09-20,30000,30700,30000,30700,171249,NaN,0.8,-1.22
1403,2019-09-23,30700,31550,30350,31500,187783,NaN,0.8,-1.22
1404,2019-09-24,31500,31550,30850,31200,153287,NaN,0.8,-1.22
1405,2019-09-25,31400,31550,30450,30800,174553,NaN,0.8,-1.22
1406,2019-09-26,30650,31300,30400,31050,122253,NaN,0.8,-1.22
1407,2019-09-27,31150,31200,29650,29950,142049,NaN,0.8,-1.22
1408,2019-09-30,29750,30600,29500,30600,107436,NaN,0.8,-1.22
1409,2019-10-01,30300,30800,30100,30600,79175,NaN,0.8,-1.22
1410,2019-10-02,30000,30550,29750,29750,120254,NaN,0.8,-1.22
1411,2019-10-04,29300,29850,29150,29350,133666,NaN,0.8,-1.22
1412,2019-10-07,29350,29600,28400,29550,116160,NaN,0.8,-1.22
1413,2019-10-08,29800,30450,29450,30300,169339,NaN,0.8,-1.22
1414,2019-10-10,30400,30850,29700,30050,201516,NaN,0.8,-1.22
1415,2019-10-11,30450,30750,29800,29850,172682,NaN,0.8,-1.22
1416,2019-10-14,30350,30450,29800,30300,156145,NaN,0.8,-1.22
1417,2019-10-15,30050,30850,30000,30550,122130,NaN,0.8,-1.22
1418,2019-10-16,30800,31050,30200,30300,117873,NaN,0.8,-1.22
1419,2019-10-17,30550,30650,29850,29900,105378,NaN,0.8,-1.22
1420,2019-10-18,29900,30100,29100,29200,92076,NaN,0.8,-1.22
1421,2019-10-21,29200,29700,29100,29700,57680,NaN,0.8,-1.22
1422,2019-10-22,29800,30200,29700,29850,94113,NaN,0.8,-1.22
1423,2019-10-23,29550,30050,29250,29250,140896,NaN,0.8,-1.22
1424,2019-10-24,29250,29850,29250,29650,119293,NaN,0.8,-1.22
1425,2019-10-25,29700,30200,29700,30000,77903,NaN,0.8,-1.22
1426,2019-10-28,30000,30350,29850,29900,77302,NaN,0.8,-1.22
1427,2019-10-29,29950,30000,29400,29400,88697,NaN,0.8,-1.22
1428,2019-10-30,29250,29400,27750,28600,141663,NaN,0.8,-1.22
1429,2019-10-31,28650,28650,27800,28150,177697,NaN,0.8,-1.22
1430,2019-11-01,28000,28450,27750,28050,113654,NaN,0.8,-1.22
1431,2019-11-04,28150,29200,28150,29100,122386,NaN,0.8,-1.22
1432,2019-11-05,28750,29300,28700,29150,76536,NaN,0.8,-1.22
1433,2019-11-06,29250,29300,28750,28950,115733,NaN,0.8,-1.22
1434,2019-11-07,28550,29450,28500,29100,79794,NaN,0.8,-1.22
1435,2019-11-08,29300,29300,28900,29250,86119,NaN,0.8,-1.22
1436,2019-11-11,28900,29250,28650,29000,70180,NaN,0.8,-1.22
1437,2019-11-12,28750,29300,28750,29150,78906,NaN,0.8,-1.22
1438,2019-11-13,29150,29250,28650,28700,71708,NaN,0.8,-1.22
1439,2019-11-14,28700,28850,28200,28750,101919,NaN,0.8,-1.22
1440,2019-11-15,28200,28650,27850,28550,210120,NaN,0.8,-1.22
1441,2019-11-18,28050,28800,27950,28050,106827,NaN,0.8,-1.22
1442,2019-11-19,27650,28050,27350,27350,180011,NaN,0.8,-1.22
1443,2019-11-20,27100,27300,26400,26550,197742,NaN,0.8,-1.22
1444,2019-11-21,26550,26650,25800,26000,154249,NaN,0.8,-1.22
1445,2019-11-22,25550,26600,25550,26300,125221,NaN,0.8,-1.22
1446,2019-11-25,26400,26800,26400,26500,172862,NaN,0.8,-1.22
1447,2019-11-26,26400,27200,26400,27150,223566,NaN,0.8,-1.22
1448,2019-11-27,27400,27500,27000,27050,68970,NaN,0.8,-1.22
1449,2019-11-28,26850,27200,26600,26700,77537,NaN,0.8,-1.22
1450,2019-11-29,27200,27200,26200,26350,105650,NaN,0.8,-1.22
1451,2019-12-02,26300,26700,25650,25850,178593,NaN,0.8,-1.22
1452,2019-12-03,25400,26450,25300,26450,163890,NaN,0.8,-1.22
1453,2019-12-04,26050,26200,25750,25900,135040,NaN,0.8,-1.22
1454,2019-12-05,25900,26450,25900,26000,93937,NaN,0.8,-1.22
1455,2019-12-06,25700,26650,25700,26400,122776,NaN,0.8,-1.22
1456,2019-12-09,26400,26650,26050,26200,141814,NaN,0.8,-1.22
1457,2019-12-10,26700,27250,26500,27050,165595,NaN,0.8,-1.22
1458,2019-12-11,27450,28000,27200,27950,223647,NaN,0.8,-1.22
1459,2019-12-12,27950,28000,27300,27750,235227,NaN,0.8,-1.22
1460,2019-12-13,28050,28350,28050,28150,171813,NaN,0.8,-1.22
1461,2019-12-16,28000,28200,27800,27950,114160,NaN,0.8,-1.22
1462,2019-12-17,27900,28250,27700,28050,144991,NaN,0.8,-1.22
1463,2019-12-18,28050,28200,27300,27700,177589,NaN,0.8,-1.22
1464,2019-12-19,27400,27700,27200,27700,92781,NaN,0.8,-1.22
1465,2019-12-20,27700,27900,27450,27650,106055,NaN,0.8,-1.22
1466,2019-12-23,27800,27850,27500,27700,69584,NaN,0.8,-1.22
1467,2019-12-24,27600,27800,27550,27600,63767,NaN,0.8,-1.22
1468,2019-12-26,27550,27800,27400,27400,86711,NaN,0.8,-1.22
1469,2019-12-27,27400,28200,27200,27900,144001,NaN,0.8,-1.22
1470,2019-12-30,28100,28300,27800,27850,119328,NaN,0.8,-1.22