,Date,Open,High,Low,Close,Volume,ROE,PBR ,PER 
0,2014-01-02,1002000,1014000,995000,1007000,11498,14,5.7,35.1
1,2014-01-03,1000000,1007000,974000,974000,11267,14,5.7,35.1
2,2014-01-06,970000,989000,957000,980000,7582,14,5.7,35.1
3,2014-01-07,971000,990000,971000,972000,5314,14,5.7,35.1
4,2014-01-08,976000,989000,972000,985000,8725,14,5.7,35.1
5,2014-01-09,980000,991000,977000,982000,11413,14,5.7,35.1
6,2014-01-10,983000,991000,973000,982000,19797,14,5.7,35.1
7,2014-01-13,990000,990000,977000,982000,12567,14,5.7,35.1
8,2014-01-14,977000,985000,965000,979000,19280,14,5.7,35.1
9,2014-01-15,971000,980000,971000,977000,14842,14,5.7,35.1
10,2014-01-16,978000,989000,977000,980000,17273,14,5.7,35.1
11,2014-01-17,980000,987000,978000,984000,15663,14,5.7,35.1
12,2014-01-20,989000,1020000,985000,1019000,18920,14,5.7,35.1
13,2014-01-21,1019000,1054000,1019000,1040000,18645,14,5.7,35.1
14,2014-01-22,1040000,1050000,1035000,1039000,9282,14,5.7,35.1
15,2014-01-23,1042000,1042000,1018000,1037000,6730,14,5.7,35.1
16,2014-01-24,1023000,1046000,1022000,1030000,11295,14,5.7,35.1
17,2014-01-27,1030000,1035000,983000,1024000,13301,14,5.7,35.1
18,2014-01-28,1038000,1038000,996000,1022000,11511,14,5.7,35.1
19,2014-01-29,1015000,1033000,1001000,1012000,10721,14,5.7,35.1
20,2014-02-03,1012000,1018000,998000,1013000,10824,14,5.7,35.1
21,2014-02-04,1008000,1027000,995000,1024000,15034,14,5.7,35.1
22,2014-02-05,1017000,1019000,997000,1002000,12897,14,5.7,35.1
23,2014-02-06,996000,1062000,992000,1060000,26299,14,5.7,35.1
24,2014-02-07,1062000,1160000,1059000,1133000,61645,14,5.7,35.1
25,2014-02-10,1144000,1159000,1130000,1146000,21489,14,5.7,35.1
26,2014-02-11,1146000,1151000,1130000,1146000,23871,14,5.7,35.1
27,2014-02-12,1144000,1145000,1125000,1141000,11929,14,5.7,35.1
28,2014-02-13,1142000,1145000,1107000,1107000,7656,14,5.7,35.1
29,2014-02-14,1110000,1141000,1110000,1130000,15823,14,5.7,35.1
30,2014-02-17,1142000,1147000,1121000,1134000,13407,14,5.7,35.1
31,2014-02-18,1134000,1136000,1111000,1130000,10250,14,5.7,35.1
32,2014-02-19,1120000,1127000,1102000,1110000,7135,14,5.7,35.1
33,2014-02-20,1111000,1148000,1111000,1146000,12147,14,5.7,35.1
34,2014-02-21,1136000,1155000,1135000,1140000,9154,14,5.7,35.1
35,2014-02-24,1134000,1151000,1122000,1131000,9378,14,5.7,35.1
36,2014-02-25,1135000,1141000,1113000,1126000,7746,14,5.7,35.1
37,2014-02-26,1127000,1148000,1116000,1117000,13223,14,5.7,35.1
38,2014-02-27,1118000,1147000,1113000,1136000,11197,14,5.7,35.1
39,2014-02-28,1136000,1185000,1136000,1174000,15665,14,5.7,35.1
40,2014-03-03,1156000,1188000,1156000,1182000,13214,14,5.7,35.1
41,2014-03-04,1182000,1190000,1167000,1178000,13790,14,5.7,35.1
42,2014-03-05,1180000,1190000,1155000,1160000,13455,14,5.7,35.1
43,2014-03-06,1160000,1200000,1155000,1184000,13085,14,5.7,35.1
44,2014-03-07,1190000,1247000,1182000,1246000,11271,14,5.7,35.1
45,2014-03-10,1230000,1234000,1211000,1222000,14126,14,5.7,35.1
46,2014-03-11,1214000,1232000,1199000,1222000,11271,14,5.7,35.1
47,2014-03-12,1203000,1213000,1183000,1190000,12424,14,5.7,35.1
48,2014-03-13,1185000,1211000,1185000,1190000,10775,14,5.7,35.1
49,2014-03-14,1200000,1200000,1164000,1164000,10046,14,5.7,35.1
50,2014-03-17,1169000,1200000,1161000,1192000,5547,14,5.7,35.1
51,2014-03-18,1200000,1220000,1197000,1212000,16045,14,5.7,35.1
52,2014-03-19,1207000,1213000,1177000,1188000,23348,14,5.7,35.1
53,2014-03-20,1181000,1218000,1177000,1186000,14781,14,5.7,35.1
54,2014-03-21,1200000,1212000,1192000,1204000,26362,14,5.7,35.1
55,2014-03-24,1204000,1247000,1200000,1235000,13664,14,5.7,35.1
56,2014-03-25,1247000,1268000,1238000,1256000,10645,14,5.7,35.1
57,2014-03-26,1250000,1270000,1229000,1235000,15378,14,5.7,35.1
58,2014-03-27,1245000,1271000,1237000,1271000,13547,14,5.7,35.1
59,2014-03-28,1271000,1279000,1250000,1266000,8537,14,5.7,35.1
60,2014-03-31,1254000,1270000,1240000,1260000,8254,14,5.7,35.1
61,2014-04-01,1243000,1265000,1240000,1265000,11199,14,5.7,35.1
62,2014-04-02,1260000,1296000,1252000,1283000,18686,14,5.7,35.1
63,2014-04-03,1274000,1292000,1266000,1272000,9884,14,5.7,35.1
64,2014-04-04,1270000,1274000,1254000,1260000,13303,14,5.7,35.1
65,2014-04-07,1260000,1290000,1260000,1284000,8693,14,5.7,35.1
66,2014-04-08,1284000,1294000,1259000,1271000,8934,14,5.7,35.1
67,2014-04-09,1270000,1285000,1266000,1275000,16809,14,5.7,35.1
68,2014-04-10,1295000,1335000,1281000,1335000,20571,14,5.7,35.1
69,2014-04-11,1309000,1343000,1297000,1343000,12488,14,5.7,35.1
70,2014-04-14,1329000,1334000,1310000,1311000,8127,14,5.7,35.1
71,2014-04-15,1325000,1366000,1315000,1347000,17962,14,5.7,35.1
72,2014-04-16,1351000,1371000,1304000,1304000,14758,14,5.7,35.1
73,2014-04-17,1304000,1343000,1295000,1297000,15294,14,5.7,35.1
74,2014-04-18,1299000,1299000,1253000,1258000,20444,14,5.7,35.1
75,2014-04-21,1260000,1265000,1235000,1235000,15130,14,5.7,35.1
76,2014-04-22,1243000,1251000,1231000,1248000,20995,14,5.7,35.1
77,2014-04-23,1246000,1253000,1233000,1237000,13854,14,5.7,35.1
78,2014-04-24,1245000,1266000,1244000,1256000,17846,14,5.7,35.1
79,2014-04-25,1255000,1263000,1248000,1252000,16149,14,5.7,35.1
80,2014-04-28,1259000,1270000,1254000,1266000,5500,14,5.7,35.1
81,2014-04-29,1258000,1286000,1253000,1280000,9105,14,5.7,35.1
82,2014-04-30,1281000,1349000,1280000,1335000,20213,14,5.7,35.1
83,2014-05-02,1324000,1350000,1313000,1340000,9259,14,5.7,35.1
84,2014-05-07,1359000,1359000,1260000,1296000,14662,14,5.7,35.1
85,2014-05-08,1297000,1307000,1247000,1271000,14546,14,5.7,35.1
86,2014-05-09,1350000,1458000,1335000,1410000,28460,14,5.7,35.1
87,2014-05-12,1410000,1569000,1390000,1437000,36183,14,5.7,35.1
88,2014-05-13,1441000,1517000,1411000,1459000,18200,14,5.7,35.1
89,2014-05-14,1446000,1523000,1446000,1499000,13863,14,5.7,35.1
90,2014-05-15,1491000,1492000,1446000,1456000,15066,14,5.7,35.1
91,2014-05-16,1452000,1456000,1444000,1450000,16592,14,5.7,35.1
92,2014-05-19,1450000,1453000,1393000,1393000,24260,14,5.7,35.1
93,2014-05-20,1400000,1453000,1395000,1452000,21001,14,5.7,35.1
94,2014-05-21,1450000,1464000,1435000,1436000,13617,14,5.7,35.1
95,2014-05-22,1446000,1467000,1446000,1459000,9321,14,5.7,35.1
96,2014-05-23,1451000,1466000,1448000,1459000,13712,14,5.7,35.1
97,2014-05-26,1452000,1480000,1450000,1480000,12101,14,5.7,35.1
98,2014-05-27,1500000,1500000,1448000,1473000,11269,14,5.7,35.1
99,2014-05-28,1460000,1503000,1458000,1501000,13900,14,5.7,35.1
100,2014-05-29,1500000,1515000,1470000,1475000,12339,14,5.7,35.1
101,2014-05-30,1471000,1475000,1449000,1449000,17786,14,5.7,35.1
102,2014-06-02,1451000,1470000,1438000,1452000,11726,14,5.7,35.1
103,2014-06-03,1452000,1471000,1412000,1470000,18463,14,5.7,35.1
104,2014-06-05,1470000,1470000,1443000,1450000,9159,14,5.7,35.1
105,2014-06-09,1437000,1457000,1432000,1450000,12443,14,5.7,35.1
106,2014-06-10,1458000,1458000,1421000,1422000,11992,14,5.7,35.1
107,2014-06-11,1419000,1464000,1417000,1450000,15154,14,5.7,35.1
108,2014-06-12,1450000,1465000,1444000,1460000,12151,14,5.7,35.1
109,2014-06-13,1460000,1461000,1438000,1460000,14229,14,5.7,35.1
110,2014-06-16,1445000,1461000,1410000,1452000,10102,14,5.7,35.1
111,2014-06-17,1460000,1473000,1450000,1461000,18062,14,5.7,35.1
112,2014-06-18,1465000,1497000,1442000,1485000,17199,14,5.7,35.1
113,2014-06-19,1495000,1529000,1474000,1500000,14381,14,5.7,35.1
114,2014-06-20,1508000,1724000,1508000,1551000,26529,14,5.7,35.1
115,2014-06-23,1548000,1569000,1503000,1506000,19717,14,5.7,35.1
116,2014-06-24,1520000,1542000,1511000,1520000,21206,14,5.7,35.1
117,2014-06-25,1520000,1536000,1511000,1511000,12816,14,5.7,35.1
118,2014-06-26,1520000,1528000,1511000,1517000,10937,14,5.7,35.1
119,2014-06-27,1527000,1536000,1494000,1501000,12080,14,5.7,35.1
120,2014-06-30,1515000,1541000,1502000,1524000,8721,14,5.7,35.1
121,2014-07-01,1530000,1530000,1508000,1511000,6067,14,5.7,35.1
122,2014-07-02,1517000,1530000,1510000,1523000,10539,14,5.7,35.1
123,2014-07-03,1516000,1528000,1511000,1513000,8672,14,5.7,35.1
124,2014-07-04,1525000,1600000,1523000,1580000,22555,14,5.7,35.1
125,2014-07-07,1600000,1640000,1581000,1590000,14800,14,5.7,35.1
126,2014-07-08,1596000,1647000,1561000,1640000,15310,14,5.7,35.1
127,2014-07-09,1618000,1680000,1591000,1642000,24744,14,5.7,35.1
128,2014-07-10,1642000,1674000,1641000,1660000,14884,14,5.7,35.1
129,2014-07-11,1657000,1730000,1630000,1711000,27301,14,5.7,35.1
130,2014-07-14,1749000,1749000,1678000,1678000,13966,14,5.7,35.1
131,2014-07-15,1682000,1719000,1674000,1675000,15485,14,5.7,35.1
132,2014-07-16,1674000,1674000,1610000,1649000,20800,14,5.7,35.1
133,2014-07-17,1658000,1670000,1639000,1640000,10664,14,5.7,35.1
134,2014-07-18,1638000,1686000,1634000,1668000,16209,14,5.7,35.1
135,2014-07-21,1672000,1695000,1660000,1669000,7699,14,5.7,35.1
136,2014-07-22,1660000,1676000,1638000,1660000,14540,14,5.7,35.1
137,2014-07-23,1660000,1682000,1654000,1667000,11257,14,5.7,35.1
138,2014-07-24,1660000,1671000,1621000,1630000,22035,14,5.7,35.1
139,2014-07-25,1625000,1655000,1617000,1646000,23398,14,5.7,35.1
140,2014-07-28,1647000,1720000,1643000,1693000,19293,14,5.7,35.1
141,2014-07-29,1714000,1718000,1659000,1659000,16434,14,5.7,35.1
142,2014-07-30,1669000,1720000,1669000,1708000,14614,14,5.7,35.1
143,2014-07-31,1735000,1783000,1716000,1770000,15847,14,5.7,35.1
144,2014-08-01,1758000,1847000,1755000,1806000,15840,14,5.7,35.1
145,2014-08-04,1812000,1830000,1781000,1790000,7858,14,5.7,35.1
146,2014-08-05,1783000,1802000,1778000,1784000,14236,14,5.7,35.1
147,2014-08-06,1806000,1900000,1800000,1851000,22368,14,5.7,35.1
148,2014-08-07,1856000,1898000,1849000,1869000,17790,14,5.7,35.1
149,2014-08-08,1862000,1895000,1842000,1876000,10738,14,5.7,35.1
150,2014-08-11,1884000,1968000,1884000,1926000,23424,14,5.7,35.1
151,2014-08-12,1940000,1995000,1875000,1980000,31416,14,5.7,35.1
152,2014-08-13,2000000,2149000,1998000,2068000,32940,14,5.7,35.1
153,2014-08-14,2068000,2087000,2038000,2057000,15053,14,5.7,35.1
154,2014-08-18,2041000,2078000,2013000,2046000,16664,14,5.7,35.1
155,2014-08-19,2035000,2135000,2035000,2126000,19681,14,5.7,35.1
156,2014-08-20,2141000,2150000,2088000,2110000,13989,14,5.7,35.1
157,2014-08-21,2100000,2180000,2089000,2164000,16613,14,5.7,35.1
158,2014-08-22,2147000,2245000,2147000,2168000,15475,14,5.7,35.1
159,2014-08-25,2178000,2338000,2178000,2288000,15837,14,5.7,35.1
160,2014-08-26,2338000,2340000,2220000,2244000,26398,14,5.7,35.1
161,2014-08-27,2244000,2244000,2121000,2167000,36006,14,5.7,35.1
162,2014-08-28,2152000,2171000,2109000,2156000,25966,14,5.7,35.1
163,2014-08-29,2143000,2171000,2110000,2110000,18321,14,5.7,35.1
164,2014-09-01,2105000,2158000,2093000,2126000,10187,14,5.7,35.1
165,2014-09-02,2121000,2270000,2100000,2237000,27413,14,5.7,35.1
166,2014-09-03,2237000,2268000,2184000,2224000,12060,14,5.7,35.1
167,2014-09-04,2222000,2222000,2160000,2210000,13894,14,5.7,35.1
168,2014-09-05,2184000,2226000,2126000,2126000,18171,14,5.7,35.1
169,2014-09-11,2103000,2151000,2103000,2111000,10477,14,5.7,35.1
170,2014-09-12,2127000,2139000,2011000,2029000,16762,14,5.7,35.1
171,2014-09-15,2022000,2179000,2022000,2099000,17436,14,5.7,35.1
172,2014-09-16,2136000,2173000,2118000,2170000,16141,14,5.7,35.1
173,2014-09-17,2191000,2225000,2162000,2189000,20114,14,5.7,35.1
174,2014-09-18,2160000,2235000,2111000,2232000,10804,14,5.7,35.1
175,2014-09-19,2250000,2330000,2245000,2315000,17812,14,5.7,35.1
176,2014-09-22,2315000,2320000,2225000,2298000,12020,14,5.7,35.1
177,2014-09-23,2265000,2314000,2245000,2264000,18910,14,5.7,35.1
178,2014-09-24,2242000,2301000,2242000,2265000,19798,14,5.7,35.1
179,2014-09-25,2250000,2302000,2247000,2267000,18086,14,5.7,35.1
180,2014-09-26,2267000,2375000,2263000,2355000,13352,14,5.7,35.1
181,2014-09-29,2370000,2520000,2347000,2381000,19446,14,5.7,35.1
182,2014-09-30,2406000,2460000,2392000,2392000,16831,14,5.7,35.1
183,2014-10-01,2372000,2418000,2361000,2375000,10381,14,5.7,35.1
184,2014-10-02,2355000,2375000,2300000,2343000,22002,14,5.7,35.1
185,2014-10-06,2323000,2406000,2307000,2357000,10892,14,5.7,35.1
186,2014-10-07,2370000,2372000,2317000,2319000,11710,14,5.7,35.1
187,2014-10-08,2310000,2380000,2300000,2347000,26474,14,5.7,35.1
188,2014-10-10,2394000,2394000,2340000,2340000,15091,14,5.7,35.1
189,2014-10-13,2341000,2354000,2237000,2237000,18109,14,5.7,35.1
190,2014-10-14,2237000,2240000,2183000,2189000,31757,14,5.7,35.1
191,2014-10-15,2190000,2340000,2190000,2318000,26353,14,5.7,35.1
192,2014-10-16,2318000,2407000,2282000,2289000,27699,14,5.7,35.1
193,2014-10-17,2298000,2334000,2240000,2277000,22141,14,5.7,35.1
194,2014-10-20,2277000,2307000,2263000,2271000,14172,14,5.7,35.1
195,2014-10-21,2293000,2493000,2282000,2439000,36279,14,5.7,35.1
196,2014-10-22,2439000,2534000,2400000,2500000,22487,14,5.7,35.1
197,2014-10-23,2500000,2654000,2428000,2462000,29896,14,5.7,35.1
198,2014-10-24,2493000,2520000,2396000,2430000,18339,14,5.7,35.1
199,2014-10-27,2478000,2504000,2434000,2447000,12448,14,5.7,35.1
200,2014-10-28,2466000,2539000,2417000,2424000,15889,14,5.7,35.1
201,2014-10-29,2431000,2443000,2346000,2375000,25548,14,5.7,35.1
202,2014-10-30,2372000,2375000,2262000,2346000,27131,14,5.7,35.1
203,2014-10-31,2351000,2369000,2274000,2300000,22060,14,5.7,35.1
204,2014-11-03,2300000,2425000,2300000,2425000,21550,14,5.7,35.1
205,2014-11-04,2430000,2430000,2349000,2363000,16159,14,5.7,35.1
206,2014-11-05,2385000,2404000,2347000,2373000,15638,14,5.7,35.1
207,2014-11-06,2379000,2397000,2251000,2273000,30847,14,5.7,35.1
208,2014-11-07,2273000,2301000,2245000,2274000,21071,14,5.7,35.1
209,2014-11-10,2298000,2299000,2163000,2167000,36316,14,5.7,35.1
210,2014-11-11,2233000,2368000,2200000,2368000,44917,14,5.7,35.1
211,2014-11-12,2356000,2377000,2281000,2315000,17107,14,5.7,35.1
212,2014-11-13,2309000,2344000,2266000,2275000,12412,14,5.7,35.1
213,2014-11-14,2289000,2316000,2177000,2224000,23968,14,5.7,35.1
214,2014-11-17,2200000,2215000,2088000,2152000,31772,14,5.7,35.1
215,2014-11-18,2163000,2272000,2163000,2270000,22842,14,5.7,35.1
216,2014-11-19,2280000,2349000,2225000,2281000,26077,14,5.7,35.1
217,2014-11-20,2339000,2339000,2300000,2320000,14522,14,5.7,35.1
218,2014-11-21,2337000,2357000,2294000,2298000,17838,14,5.7,35.1
219,2014-11-24,2329000,2330000,2224000,2285000,21439,14,5.7,35.1
220,2014-11-25,2284000,2360000,2244000,2330000,36594,14,5.7,35.1
221,2014-11-26,2329000,2410000,2325000,2410000,17896,14,5.7,35.1
222,2014-11-27,2405000,2436000,2377000,2425000,15284,14,5.7,35.1
223,2014-11-28,2449000,2505000,2445000,2500000,26736,14,5.7,35.1
224,2014-12-01,2465000,2510000,2389000,2500000,17171,14,5.7,35.1
225,2014-12-02,2490000,2529000,2476000,2480000,15998,14,5.7,35.1
226,2014-12-03,2474000,2510000,2455000,2489000,12370,14,5.7,35.1
227,2014-12-04,2479000,2493000,2458000,2470000,8915,14,5.7,35.1
228,2014-12-05,2466000,2490000,2450000,2476000,10988,14,5.7,35.1
229,2014-12-08,2441000,2476000,2360000,2370000,25937,14,5.7,35.1
230,2014-12-09,2371000,2379000,2294000,2313000,23244,14,5.7,35.1
231,2014-12-10,2330000,2397000,2300000,2323000,20891,14,5.7,35.1
232,2014-12-11,2315000,2358000,2222000,2226000,33471,14,5.7,35.1
233,2014-12-12,2242000,2280000,2228000,2275000,13689,14,5.7,35.1
234,2014-12-15,2250000,2274000,2184000,2232000,14880,14,5.7,35.1
235,2014-12-16,2204000,2266000,2203000,2238000,15505,14,5.7,35.1
236,2014-12-17,2268000,2268000,2230000,2252000,12237,14,5.7,35.1
237,2014-12-18,2280000,2285000,2230000,2253000,15579,14,5.7,35.1
238,2014-12-19,2275000,2280000,2244000,2260000,14230,14,5.7,35.1
239,2014-12-22,2250000,2295000,2250000,2290000,9027,14,5.7,35.1
240,2014-12-23,2290000,2308000,2232000,2272000,8901,14,5.7,35.1
241,2014-12-24,2274000,2287000,2253000,2268000,6747,14,5.7,35.1
242,2014-12-26,2252000,2287000,2237000,2245000,9249,14,5.7,35.1
243,2014-12-29,2249000,2260000,2225000,2239000,6978,14,5.7,35.1
244,2014-12-30,2254000,2254000,2215000,2220000,15588,14,5.7,35.1
245,2015-01-02,2211000,2330000,2211000,2330000,12060,18.62,8.55,49.53
246,2015-01-05,2300000,2331000,2276000,2307000,11547,18.62,8.55,49.53
247,2015-01-06,2279000,2303000,2219000,2239000,16052,18.62,8.55,49.53
248,2015-01-07,2245000,2246000,2125000,2144000,24564,18.62,8.55,49.53
249,2015-01-08,2128000,2160000,2069000,2160000,37942,18.62,8.55,49.53
250,2015-01-09,2161000,2215000,2145000,2166000,25083,18.62,8.55,49.53
251,2015-01-12,2152000,2225000,2151000,2223000,15277,18.62,8.55,49.53
252,2015-01-13,2245000,2341000,2234000,2335000,29205,18.62,8.55,49.53
253,2015-01-14,2350000,2384000,2294000,2314000,15744,18.62,8.55,49.53
254,2015-01-15,2301000,2393000,2301000,2372000,10720,18.62,8.55,49.53
255,2015-01-16,2351000,2431000,2337000,2363000,15512,18.62,8.55,49.53
256,2015-01-19,2341000,2395000,2340000,2365000,8797,18.62,8.55,49.53
257,2015-01-20,2385000,2494000,2382000,2450000,21934,18.62,8.55,49.53
258,2015-01-21,2451000,2498000,2420000,2453000,13448,18.62,8.55,49.53
259,2015-01-22,2493000,2520000,2464000,2495000,12721,18.62,8.55,49.53
260,2015-01-23,2501000,2600000,2501000,2600000,22194,18.62,8.55,49.53
261,2015-01-26,2611000,2682000,2603000,2679000,14947,18.62,8.55,49.53
262,2015-01-27,2709000,2761000,2634000,2677000,16122,18.62,8.55,49.53
263,2015-01-28,2678000,2690000,2600000,2655000,15466,18.62,8.55,49.53
264,2015-01-29,2660000,2710000,2620000,2680000,18772,18.62,8.55,49.53
265,2015-01-30,2710000,2750000,2651000,2651000,14512,18.62,8.55,49.53
266,2015-02-02,2625000,2685000,2608000,2670000,8830,18.62,8.55,49.53
267,2015-02-03,2672000,2696000,2646000,2696000,13121,18.62,8.55,49.53
268,2015-02-04,2737000,2777000,2699000,2730000,24918,18.62,8.55,49.53
269,2015-02-05,2749000,2849000,2743000,2835000,19222,18.62,8.55,49.53
270,2015-02-06,2866000,2930000,2835000,2840000,14803,18.62,8.55,49.53
271,2015-02-09,2864000,2889000,2790000,2850000,13790,18.62,8.55,49.53
272,2015-02-10,2857000,2858000,2744000,2800000,20389,18.62,8.55,49.53
273,2015-02-11,2803000,2858000,2801000,2822000,14008,18.62,8.55,49.53
274,2015-02-12,2803000,2845000,2752000,2772000,14394,18.62,8.55,49.53
275,2015-02-13,2760000,2880000,2760000,2880000,14055,18.62,8.55,49.53
276,2015-02-16,2865000,2898000,2801000,2804000,9155,18.62,8.55,49.53
277,2015-02-17,2805000,2805000,2761000,2783000,6600,18.62,8.55,49.53
278,2015-02-23,2823000,2879000,2791000,2874000,15062,18.62,8.55,49.53
279,2015-02-24,2853000,3000000,2853000,2973000,19257,18.62,8.55,49.53
280,2015-02-25,3025000,3040000,2902000,2935000,17881,18.62,8.55,49.53
281,2015-02-26,2900000,2933000,2838000,2855000,15258,18.62,8.55,49.53
282,2015-02-27,2855000,2879000,2820000,2855000,14858,18.62,8.55,49.53
283,2015-03-02,2858000,2879000,2822000,2849000,11452,18.62,8.55,49.53
284,2015-03-03,2808000,3266000,2775000,2860000,41363,18.62,8.55,49.53
285,2015-03-04,2861000,2890000,2737000,2780000,31811,18.62,8.55,49.53
286,2015-03-05,2720000,2797000,2712000,2741000,21690,18.62,8.55,49.53
287,2015-03-06,2738000,2839000,2738000,2825000,16139,18.62,8.55,49.53
288,2015-03-09,2801000,2869000,2776000,2808000,11918,18.62,8.55,49.53
289,2015-03-10,2834000,2834000,2761000,2762000,10739,18.62,8.55,49.53
290,2015-03-11,2787000,2900000,2765000,2862000,23696,18.62,8.55,49.53
291,2015-03-12,2832000,2929000,2832000,2890000,14694,18.62,8.55,49.53
292,2015-03-13,2910000,2940000,2880000,2900000,10028,18.62,8.55,49.53
293,2015-03-16,2906000,3050000,2882000,3039000,19649,18.62,8.55,49.53
294,2015-03-17,3078000,3123000,3046000,3123000,18983,18.62,8.55,49.53
295,2015-03-18,3070000,3153000,3047000,3084000,15370,18.62,8.55,49.53
296,2015-03-19,3138000,3238000,3055000,3190000,18365,18.62,8.55,49.53
297,2015-03-20,3171000,3260000,3171000,3221000,18551,18.62,8.55,49.53
298,2015-03-23,3231000,3244000,3134000,3151000,14256,18.62,8.55,49.53
299,2015-03-24,3162000,3289000,3130000,3279000,16836,18.62,8.55,49.53
300,2015-03-25,3280000,3390000,3280000,3374000,19371,18.62,8.55,49.53
301,2015-03-26,3420000,3449000,3203000,3268000,26338,18.62,8.55,49.53
302,2015-03-27,3274000,3329000,3198000,3260000,18743,18.62,8.55,49.53
303,2015-03-30,3229000,3333000,3221000,3241000,14332,18.62,8.55,49.53
304,2015-03-31,3282000,3363000,3257000,3355000,20968,18.62,8.55,49.53
305,2015-04-01,3338000,3410000,3305000,3337000,16123,18.62,8.55,49.53
306,2015-04-02,3320000,3358000,3221000,3252000,21471,18.62,8.55,49.53
307,2015-04-03,3253000,3288000,3212000,3248000,13643,18.62,8.55,49.53
308,2015-04-06,3249000,3275000,3180000,3254000,14786,18.62,8.55,49.53
309,2015-04-07,3278000,3280000,3225000,3239000,11082,18.62,8.55,49.53
310,2015-04-08,3230000,3320000,3220000,3320000,15250,18.62,8.55,49.53
311,2015-04-09,3342000,3369000,3282000,3296000,21081,18.62,8.55,49.53
312,2015-04-10,3318000,3600000,3286000,3553000,35165,18.62,8.55,49.53
313,2015-04-13,3601000,3830000,3561000,3700000,28118,18.62,8.55,49.53
314,2015-04-14,3696000,3700000,3550000,3578000,26251,18.62,8.55,49.53
315,2015-04-15,3578000,3786000,3575000,3750000,26651,18.62,8.55,49.53
316,2015-04-16,3762000,3863000,3721000,3750000,29462,18.62,8.55,49.53
317,2015-04-17,3800000,3958000,3788000,3910000,30089,18.62,8.55,49.53
318,2015-04-20,4000000,4030000,3887000,3905000,33233,18.62,8.55,49.53
319,2015-04-21,3827000,3891000,3807000,3884000,49676,18.62,8.55,49.53
320,2015-04-22,0,0,0,3884000,0,18.62,8.55,49.53
321,2015-04-23,0,0,0,3884000,0,18.62,8.55,49.53
322,2015-04-24,0,0,0,3884000,0,18.62,8.55,49.53
323,2015-04-27,0,0,0,3884000,0,18.62,8.55,49.53
324,2015-04-28,0,0,0,3884000,0,18.62,8.55,49.53
325,2015-04-29,0,0,0,3884000,0,18.62,8.55,49.53
326,2015-04-30,0,0,0,3884000,0,18.62,8.55,49.53
327,2015-05-04,0,0,0,3884000,0,18.62,8.55,49.53
328,2015-05-06,0,0,0,3884000,0,18.62,8.55,49.53
329,2015-05-07,0,0,0,3884000,0,18.62,8.55,49.53
330,2015-05-08,386000,391500,368500,376500,1106817,18.62,8.55,49.53
331,2015-05-11,385000,401500,381000,388000,722519,18.62,8.55,49.53
332,2015-05-12,383500,388500,376000,376500,343900,18.62,8.55,49.53
333,2015-05-13,381000,395500,379000,389000,377037,18.62,8.55,49.53
334,2015-05-14,400000,401500,383500,387000,391122,18.62,8.55,49.53
335,2015-05-15,388000,397000,387000,395000,293197,18.62,8.55,49.53
336,2015-05-18,399000,444000,388500,436500,819787,18.62,8.55,49.53
337,2015-05-19,443000,449000,423500,428000,484498,18.62,8.55,49.53
338,2015-05-20,427000,434000,420500,426500,298185,18.62,8.55,49.53
339,2015-05-21,425000,432000,421500,422500,223083,18.62,8.55,49.53
340,2015-05-22,421000,424500,405000,406000,326737,18.62,8.55,49.53
341,2015-05-26,408000,418000,392000,402500,310163,18.62,8.55,49.53
342,2015-05-27,398500,409500,391000,406500,261818,18.62,8.55,49.53
343,2015-05-28,405000,414000,396500,400000,212377,18.62,8.55,49.53
344,2015-05-29,399000,419000,399000,404000,302037,18.62,8.55,49.53
345,2015-06-01,401000,402000,380000,387500,309752,18.62,8.55,49.53
346,2015-06-02,380500,386500,368500,370000,420963,18.62,8.55,49.53
347,2015-06-03,362000,384500,356000,381000,461541,18.62,8.55,49.53
348,2015-06-04,383000,407000,382000,400000,439093,18.62,8.55,49.53
349,2015-06-05,393500,399000,386000,387500,275249,18.62,8.55,49.53
350,2015-06-08,388500,399500,382000,399500,175165,18.62,8.55,49.53
351,2015-06-09,395500,404000,395000,399000,120966,18.62,8.55,49.53
352,2015-06-10,402500,405000,385000,389000,197574,18.62,8.55,49.53
353,2015-06-11,390500,393000,380000,380000,210576,18.62,8.55,49.53
354,2015-06-12,381000,393000,380500,382500,221367,18.62,8.55,49.53
355,2015-06-15,383000,383000,364000,378500,206877,18.62,8.55,49.53
356,2015-06-16,374500,392500,373500,387500,194109,18.62,8.55,49.53
357,2015-06-17,395000,406500,387500,390000,223487,18.62,8.55,49.53
358,2015-06-18,399000,404500,393000,402500,208603,18.62,8.55,49.53
359,2015-06-19,408000,408000,391500,395000,176072,18.62,8.55,49.53
360,2015-06-22,403000,404500,390500,394000,97590,18.62,8.55,49.53
361,2015-06-23,398000,398500,390500,394500,100408,18.62,8.55,49.53
362,2015-06-24,397500,403500,395000,403500,172854,18.62,8.55,49.53
363,2015-06-25,400500,403500,396500,401500,119434,18.62,8.55,49.53
364,2015-06-26,403000,422500,398500,419000,284852,18.62,8.55,49.53
365,2015-06-29,412000,426500,409500,418500,206177,18.62,8.55,49.53
366,2015-06-30,418000,424000,417000,418000,192839,18.62,8.55,49.53
367,2015-07-01,415500,432500,415000,431000,235768,18.62,8.55,49.53
368,2015-07-02,438000,455500,435500,445000,373048,18.62,8.55,49.53
369,2015-07-03,445500,452000,434500,444000,161079,18.62,8.55,49.53
370,2015-07-06,435500,440000,426500,427000,170558,18.62,8.55,49.53
371,2015-07-07,418000,420000,370000,384000,869039,18.62,8.55,49.53
372,2015-07-08,386000,393500,368500,380000,377747,18.62,8.55,49.53
373,2015-07-09,370000,382500,366000,380000,333999,18.62,8.55,49.53
374,2015-07-10,380000,387500,375500,382000,291465,18.62,8.55,49.53
375,2015-07-13,382500,400000,381500,398000,179298,18.62,8.55,49.53
376,2015-07-14,403500,405000,394500,400000,167988,18.62,8.55,49.53
377,2015-07-15,400500,403000,399500,402000,124462,18.62,8.55,49.53
378,2015-07-16,403500,404000,391500,398000,181281,18.62,8.55,49.53
379,2015-07-17,396000,403000,393500,402000,146812,18.62,8.55,49.53
380,2015-07-20,398500,412000,398500,410000,129378,18.62,8.55,49.53
381,2015-07-21,414000,421000,399500,403000,100289,18.62,8.55,49.53
382,2015-07-22,400000,400000,386000,391500,201444,18.62,8.55,49.53
383,2015-07-23,392000,402500,391500,400000,114518,18.62,8.55,49.53
384,2015-07-24,400500,403500,391500,394000,101440,18.62,8.55,49.53
385,2015-07-27,410000,413500,401500,404500,227317,18.62,8.55,49.53
386,2015-07-28,406000,411500,398000,411500,188537,18.62,8.55,49.53
387,2015-07-29,415000,428000,412000,423500,268038,18.62,8.55,49.53
388,2015-07-30,423500,427000,404500,406000,136413,18.62,8.55,49.53
389,2015-07-31,412000,416500,401000,411000,104749,18.62,8.55,49.53
390,2015-08-03,412000,413000,404000,410000,74444,18.62,8.55,49.53
391,2015-08-04,409500,410000,399000,407000,115346,18.62,8.55,49.53
392,2015-08-05,402500,415000,401500,408000,126752,18.62,8.55,49.53
393,2015-08-06,410500,410500,400000,403000,154172,18.62,8.55,49.53
394,2015-08-07,403000,409000,397000,407500,85398,18.62,8.55,49.53
395,2015-08-10,406000,415500,405500,415500,78844,18.62,8.55,49.53
396,2015-08-11,418000,420500,398500,401000,173822,18.62,8.55,49.53
397,2015-08-12,397500,398500,355000,376000,512494,18.62,8.55,49.53
398,2015-08-13,376000,396000,374000,378000,421188,18.62,8.55,49.53
399,2015-08-17,378500,383500,366000,380500,258166,18.62,8.55,49.53
400,2015-08-18,378500,383000,355500,362000,251348,18.62,8.55,49.53
401,2015-08-19,355000,366500,335500,346000,407147,18.62,8.55,49.53
402,2015-08-20,344000,353000,337000,340000,250952,18.62,8.55,49.53
403,2015-08-21,328000,346500,320000,344000,273934,18.62,8.55,49.53
404,2015-08-24,340500,342500,330000,335500,309920,18.62,8.55,49.53
405,2015-08-25,335500,345500,327500,340500,345858,18.62,8.55,49.53
406,2015-08-26,345000,366500,339000,361000,348405,18.62,8.55,49.53
407,2015-08-27,371000,392000,367500,380000,438602,18.62,8.55,49.53
408,2015-08-28,380500,382000,372500,379000,236450,18.62,8.55,49.53
409,2015-08-31,384000,384000,370500,378500,164046,18.62,8.55,49.53
410,2015-09-01,374000,381000,362500,363500,223526,18.62,8.55,49.53
411,2015-09-02,355000,368500,354500,362000,246546,18.62,8.55,49.53
412,2015-09-03,364000,367500,343000,345500,352736,18.62,8.55,49.53
413,2015-09-04,343000,346000,331000,332000,361949,18.62,8.55,49.53
414,2015-09-07,334500,338000,325000,331500,236996,18.62,8.55,49.53
415,2015-09-08,331500,336500,311500,320500,243109,18.62,8.55,49.53
416,2015-09-09,327000,347000,327000,346500,344005,18.62,8.55,49.53
417,2015-09-10,343000,359000,338000,357000,366816,18.62,8.55,49.53
418,2015-09-11,351000,356500,344500,351000,194093,18.62,8.55,49.53
419,2015-09-14,349000,361000,345000,350000,127015,18.62,8.55,49.53
420,2015-09-15,350000,352500,345000,349500,121559,18.62,8.55,49.53
421,2015-09-16,351500,354000,347500,350000,216427,18.62,8.55,49.53
422,2015-09-17,358500,359500,353000,354500,186204,18.62,8.55,49.53
423,2015-09-18,361000,373000,358500,373000,378818,18.62,8.55,49.53
424,2015-09-21,372000,372000,363000,366000,155566,18.62,8.55,49.53
425,2015-09-22,370000,375000,366500,375000,127563,18.62,8.55,49.53
426,2015-09-23,369000,374000,366000,370500,179259,18.62,8.55,49.53
427,2015-09-24,374500,378500,371500,376000,116054,18.62,8.55,49.53
428,2015-09-25,375000,375500,365000,366500,199555,18.62,8.55,49.53
429,2015-09-30,366500,385000,366500,385000,306624,18.62,8.55,49.53
430,2015-10-01,385500,389000,380500,388500,188995,18.62,8.55,49.53
431,2015-10-02,388000,400000,381500,396500,277771,18.62,8.55,49.53
432,2015-10-05,399000,404000,382500,389000,216705,18.62,8.55,49.53
433,2015-10-06,395500,397500,389000,396000,127850,18.62,8.55,49.53
434,2015-10-07,392000,395500,373500,379000,239513,18.62,8.55,49.53
435,2015-10-08,380000,382000,368000,382000,223714,18.62,8.55,49.53
436,2015-10-12,377500,379000,365000,365000,244388,18.62,8.55,49.53
437,2015-10-13,363000,367500,354500,358500,295634,18.62,8.55,49.53
438,2015-10-14,355500,366000,354500,362500,127205,18.62,8.55,49.53
439,2015-10-15,360500,370500,358000,367000,124082,18.62,8.55,49.53
440,2015-10-16,370000,373000,366500,373000,122855,18.62,8.55,49.53
441,2015-10-19,372000,373000,365000,369500,88756,18.62,8.55,49.53
442,2015-10-20,369500,370000,363500,367500,112622,18.62,8.55,49.53
443,2015-10-21,368000,368000,363500,364500,87541,18.62,8.55,49.53
444,2015-10-22,364500,369000,362500,367500,117356,18.62,8.55,49.53
445,2015-10-23,371000,380000,371000,376000,202761,18.62,8.55,49.53
446,2015-10-26,376500,379500,370000,377000,104028,18.62,8.55,49.53
447,2015-10-27,376500,381500,371000,375500,95436,18.62,8.55,49.53
448,2015-10-28,379000,386000,376000,385500,288311,18.62,8.55,49.53
449,2015-10-29,388500,391500,380000,381500,107370,18.62,8.55,49.53
450,2015-10-30,381500,386000,367500,377500,286690,18.62,8.55,49.53
451,2015-11-02,377500,395000,377000,392500,267499,18.62,8.55,49.53
452,2015-11-03,395000,399500,392500,399500,209334,18.62,8.55,49.53
453,2015-11-04,398500,403000,396000,400000,112036,18.62,8.55,49.53
454,2015-11-05,396000,396000,385500,388500,119551,18.62,8.55,49.53
455,2015-11-06,385500,394000,384000,388000,92575,18.62,8.55,49.53
456,2015-11-09,387000,387000,376500,379000,85772,18.62,8.55,49.53
457,2015-11-10,374500,379000,371000,373000,74680,18.62,8.55,49.53
458,2015-11-11,373000,379500,372500,374500,68217,18.62,8.55,49.53
459,2015-11-12,377000,378500,370500,373500,54375,18.62,8.55,49.53
460,2015-11-13,373500,386000,372500,385500,118532,18.62,8.55,49.53
461,2015-11-16,378000,388500,375000,387500,159044,18.62,8.55,49.53
462,2015-11-17,388000,391500,385500,390000,149100,18.62,8.55,49.53
463,2015-11-18,390000,391500,383000,386500,115260,18.62,8.55,49.53
464,2015-11-19,387000,395000,384000,394500,146362,18.62,8.55,49.53
465,2015-11-20,395000,399000,391500,398500,126217,18.62,8.55,49.53
466,2015-11-23,400000,410000,399500,409500,197894,18.62,8.55,49.53
467,2015-11-24,409500,417000,404500,415500,150439,18.62,8.55,49.53
468,2015-11-25,415000,418500,408000,408500,112346,18.62,8.55,49.53
469,2015-11-26,412500,417000,410500,414000,70262,18.62,8.55,49.53
470,2015-11-27,416000,417000,408500,412500,74684,18.62,8.55,49.53
471,2015-11-30,413500,413500,401000,403500,173323,18.62,8.55,49.53
472,2015-12-01,410000,420000,407000,418500,156465,18.62,8.55,49.53
473,2015-12-02,423500,432000,419000,426000,166938,18.62,8.55,49.53
474,2015-12-03,425000,425000,412000,415500,83624,18.62,8.55,49.53
475,2015-12-04,406500,413500,406000,407000,89656,18.62,8.55,49.53
476,2015-12-07,415500,415500,405000,405000,57815,18.62,8.55,49.53
477,2015-12-08,402000,413500,401500,403000,73920,18.62,8.55,49.53
478,2015-12-09,408000,413000,404500,409000,75426,18.62,8.55,49.53
479,2015-12-10,409500,410000,400000,403000,149631,18.62,8.55,49.53
480,2015-12-11,402000,405500,399500,403000,97457,18.62,8.55,49.53
481,2015-12-14,400000,401500,392000,401500,96293,18.62,8.55,49.53
482,2015-12-15,405000,405000,397000,400500,107043,18.62,8.55,49.53
483,2015-12-16,407000,413000,402500,412500,114644,18.62,8.55,49.53
484,2015-12-17,416000,418000,408000,414000,124532,18.62,8.55,49.53
485,2015-12-18,412000,412000,405000,407000,80206,18.62,8.55,49.53
486,2015-12-21,409000,415000,406000,411000,87407,18.62,8.55,49.53
487,2015-12-22,411500,415500,408500,414000,77681,18.62,8.55,49.53
488,2015-12-23,414500,415500,410500,414500,57752,18.62,8.55,49.53
489,2015-12-24,414500,418000,410000,412000,63094,18.62,8.55,49.53
490,2015-12-28,412000,414000,407500,410000,66665,18.62,8.55,49.53
491,2015-12-29,406500,416500,406500,414000,55420,18.62,8.55,49.53
492,2015-12-30,414000,423500,412500,414500,86540,18.62,8.55,49.53
493,2016-01-04,415000,422500,411500,412500,88054,17.7,5.72,34.71
494,2016-01-05,412500,414000,408000,410500,127181,17.7,5.72,34.71
495,2016-01-06,413000,418500,406000,417000,127826,17.7,5.72,34.71
496,2016-01-07,410500,426500,409500,410000,144797,17.7,5.72,34.71
497,2016-01-08,406500,415000,401000,413000,95813,17.7,5.72,34.71
498,2016-01-11,410500,416500,405500,405500,74387,17.7,5.72,34.71
499,2016-01-12,410000,410500,403500,405500,85924,17.7,5.72,34.71
500,2016-01-13,409000,414500,405500,412000,85208,17.7,5.72,34.71
501,2016-01-14,405500,409500,387500,392000,256823,17.7,5.72,34.71
502,2016-01-15,398500,399000,378500,382000,269355,17.7,5.72,34.71
503,2016-01-18,381000,387500,372000,381000,148846,17.7,5.72,34.71
504,2016-01-19,378500,383500,375000,380500,101497,17.7,5.72,34.71
505,2016-01-20,383500,393000,373000,384500,196800,17.7,5.72,34.71
506,2016-01-21,387500,391000,382000,385000,117806,17.7,5.72,34.71
507,2016-01-22,392000,393000,385500,392500,84627,17.7,5.72,34.71
508,2016-01-25,392500,399500,391000,399000,99145,17.7,5.72,34.71
509,2016-01-26,398500,403500,388000,393500,96459,17.7,5.72,34.71
510,2016-01-27,400000,400000,389000,399500,147771,17.7,5.72,34.71
511,2016-01-28,393500,399500,393500,396500,75231,17.7,5.72,34.71
512,2016-01-29,398500,406000,395500,405500,147889,17.7,5.72,34.71
513,2016-02-01,407000,414500,407000,411500,114460,17.7,5.72,34.71
514,2016-02-02,412000,414000,385000,389000,192085,17.7,5.72,34.71
515,2016-02-03,396500,407000,394000,399000,329114,17.7,5.72,34.71
516,2016-02-04,404000,404500,394500,401500,122335,17.7,5.72,34.71
517,2016-02-05,403000,404500,396500,402500,94566,17.7,5.72,34.71
518,2016-02-11,388000,399500,386500,393500,104650,17.7,5.72,34.71
519,2016-02-12,389000,389500,366000,371000,364478,17.7,5.72,34.71
520,2016-02-15,371500,376000,357000,363000,269856,17.7,5.72,34.71
521,2016-02-16,363500,370000,362500,365500,177122,17.7,5.72,34.71
522,2016-02-17,364500,365500,341000,346500,358157,17.7,5.72,34.71
523,2016-02-18,355000,370000,352500,367500,288020,17.7,5.72,34.71
524,2016-02-19,367000,376000,361000,372500,144590,17.7,5.72,34.71
525,2016-02-22,372500,376500,366000,368500,107586,17.7,5.72,34.71
526,2016-02-23,371000,376000,352500,361500,228516,17.7,5.72,34.71
527,2016-02-24,358000,361500,354000,355000,104854,17.7,5.72,34.71
528,2016-02-25,355500,370000,355500,369500,171849,17.7,5.72,34.71
529,2016-02-26,369500,374000,367000,371000,150463,17.7,5.72,34.71
530,2016-02-29,373000,376000,364000,367500,127254,17.7,5.72,34.71
531,2016-03-02,375000,378000,372000,377500,174035,17.7,5.72,34.71
532,2016-03-03,375500,378500,369000,377500,130795,17.7,5.72,34.71
533,2016-03-04,377000,380000,372500,379000,111395,17.7,5.72,34.71
534,2016-03-07,375000,376000,366000,371500,201061,17.7,5.72,34.71
535,2016-03-08,367000,371000,355000,358500,209966,17.7,5.72,34.71
536,2016-03-09,361500,365500,355500,357000,170560,17.7,5.72,34.71
537,2016-03-10,359000,366500,358000,366500,155875,17.7,5.72,34.71
538,2016-03-11,363000,365000,356000,357500,156133,17.7,5.72,34.71
539,2016-03-14,364000,369500,357000,367000,181845,17.7,5.72,34.71
540,2016-03-15,369500,379000,367500,376000,140581,17.7,5.72,34.71
541,2016-03-16,376000,391500,375000,390500,245999,17.7,5.72,34.71
542,2016-03-17,389000,398000,388000,390500,135278,17.7,5.72,34.71
543,2016-03-18,387500,394000,381500,394000,145321,17.7,5.72,34.71
544,2016-03-21,393000,393000,383500,388500,129372,17.7,5.72,34.71
545,2016-03-22,388500,389500,378500,381000,117903,17.7,5.72,34.71
546,2016-03-23,379500,384500,378000,381500,86555,17.7,5.72,34.71
547,2016-03-24,381500,392500,378500,388000,108912,17.7,5.72,34.71
548,2016-03-25,388000,395000,386500,392500,87331,17.7,5.72,34.71
549,2016-03-28,396000,398500,387000,387000,70555,17.7,5.72,34.71
550,2016-03-29,387500,390000,380500,386000,95262,17.7,5.72,34.71
551,2016-03-30,387000,391000,382500,388000,97143,17.7,5.72,34.71
552,2016-03-31,385500,388000,382000,386500,124928,17.7,5.72,34.71
553,2016-04-01,386500,398500,382500,390000,145088,17.7,5.72,34.71
554,2016-04-04,394000,405000,391500,404500,162236,17.7,5.72,34.71
555,2016-04-05,400000,402500,395500,398500,58036,17.7,5.72,34.71
556,2016-04-06,400000,404000,394000,396500,92571,17.7,5.72,34.71
557,2016-04-07,396000,400000,389500,393500,104180,17.7,5.72,34.71
558,2016-04-08,392500,404500,390500,404000,87735,17.7,5.72,34.71
559,2016-04-11,400000,401000,395000,397000,116507,17.7,5.72,34.71
560,2016-04-12,399500,399500,396000,399000,64859,17.7,5.72,34.71
561,2016-04-14,408500,408500,400000,406000,146188,17.7,5.72,34.71
562,2016-04-15,400000,402000,395000,401000,103935,17.7,5.72,34.71
563,2016-04-18,405500,411500,402500,407000,119497,17.7,5.72,34.71
564,2016-04-19,409500,410000,403500,406500,67015,17.7,5.72,34.71
565,2016-04-20,404000,406000,397500,398500,114959,17.7,5.72,34.71
566,2016-04-21,400000,406500,399500,406500,103496,17.7,5.72,34.71
567,2016-04-22,400000,408000,400000,408000,49295,17.7,5.72,34.71
568,2016-04-25,405000,415500,405000,413500,85797,17.7,5.72,34.71
569,2016-04-26,416500,416500,403500,410000,87091,17.7,5.72,34.71
570,2016-04-27,415000,416500,407000,414500,99254,17.7,5.72,34.71
571,2016-04-28,411500,415000,403500,404000,124680,17.7,5.72,34.71
572,2016-04-29,405500,409000,401500,407500,66820,17.7,5.72,34.71
573,2016-05-02,407000,414000,404000,411000,92585,17.7,5.72,34.71
574,2016-05-03,414000,423000,412500,416000,156652,17.7,5.72,34.71
575,2016-05-04,411000,426000,411000,425500,163688,17.7,5.72,34.71
576,2016-05-09,430500,438500,424000,431000,143164,17.7,5.72,34.71
577,2016-05-10,431000,432000,421000,430000,110427,17.7,5.72,34.71
578,2016-05-11,430000,430500,419500,420500,107831,17.7,5.72,34.71
579,2016-05-12,420500,427000,420000,425500,63169,17.7,5.72,34.71
580,2016-05-13,426500,430000,423500,425500,86620,17.7,5.72,34.71
581,2016-05-16,425500,435000,422500,431000,82403,17.7,5.72,34.71
582,2016-05-17,431000,431500,425000,428000,48824,17.7,5.72,34.71
583,2016-05-18,425000,427000,417500,420500,74377,17.7,5.72,34.71
584,2016-05-19,417000,420500,409500,416000,91563,17.7,5.72,34.71
585,2016-05-20,418500,418500,411500,414500,64035,17.7,5.72,34.71
586,2016-05-23,418000,418000,408500,414000,62835,17.7,5.72,34.71
587,2016-05-24,411500,416000,407000,407500,68167,17.7,5.72,34.71
588,2016-05-25,411000,423500,407500,421500,102395,17.7,5.72,34.71
589,2016-05-26,417000,421500,408000,410500,73098,17.7,5.72,34.71
590,2016-05-27,410500,413500,408500,413000,43793,17.7,5.72,34.71
591,2016-05-30,410000,419000,408500,418000,65993,17.7,5.72,34.71
592,2016-05-31,413000,420500,412500,417500,134883,17.7,5.72,34.71
593,2016-06-01,412000,420000,412000,418500,73881,17.7,5.72,34.71
594,2016-06-02,414500,428500,414500,426000,96491,17.7,5.72,34.71
595,2016-06-03,426000,428000,419500,423000,65401,17.7,5.72,34.71
596,2016-06-07,423000,430000,422000,425000,92140,17.7,5.72,34.71
597,2016-06-08,423000,435000,422500,435000,101074,17.7,5.72,34.71
598,2016-06-09,433000,437000,430500,436000,148947,17.7,5.72,34.71
599,2016-06-10,434500,434500,417500,421500,121331,17.7,5.72,34.71
600,2016-06-13,419500,420000,407500,410000,130247,17.7,5.72,34.71
601,2016-06-14,410000,416000,402000,410500,89897,17.7,5.72,34.71
602,2016-06-15,408500,413500,406000,409000,59450,17.7,5.72,34.71
603,2016-06-16,412500,415000,409500,412500,58994,17.7,5.72,34.71
604,2016-06-17,414000,417500,409500,412000,61657,17.7,5.72,34.71
605,2016-06-20,417000,417000,409500,412500,59107,17.7,5.72,34.71
606,2016-06-21,416000,421000,413000,419000,57022,17.7,5.72,34.71
607,2016-06-22,421500,424000,414000,418000,64400,17.7,5.72,34.71
608,2016-06-23,416000,422000,416000,418000,53369,17.7,5.72,34.71
609,2016-06-24,417000,423000,405000,414000,111071,17.7,5.72,34.71
610,2016-06-27,413500,414500,405000,414500,67258,17.7,5.72,34.71
611,2016-06-28,409000,423500,409000,423500,78673,17.7,5.72,34.71
612,2016-06-29,421500,432000,421500,429000,101564,17.7,5.72,34.71
613,2016-06-30,431000,435000,426500,431500,84492,17.7,5.72,34.71
614,2016-07-01,435000,439000,434000,434000,99366,17.7,5.72,34.71
615,2016-07-04,438000,440000,435500,439000,64836,17.7,5.72,34.71
616,2016-07-05,435500,438000,433000,436000,62064,17.7,5.72,34.71
617,2016-07-06,436500,439500,431000,439500,80648,17.7,5.72,34.71
618,2016-07-07,440000,443000,437500,441000,55384,17.7,5.72,34.71
619,2016-07-08,437500,442000,415500,421500,256012,17.7,5.72,34.71
620,2016-07-11,420000,427500,413500,421500,188207,17.7,5.72,34.71
621,2016-07-12,422000,424500,420000,423500,76123,17.7,5.72,34.71
622,2016-07-13,423500,429500,422500,426000,108332,17.7,5.72,34.71
623,2016-07-14,426000,427500,420500,424000,81498,17.7,5.72,34.71
624,2016-07-15,427000,429000,420000,424000,70417,17.7,5.72,34.71
625,2016-07-18,424500,427000,420000,423000,65878,17.7,5.72,34.71
626,2016-07-19,424000,425000,418500,420000,76916,17.7,5.72,34.71
627,2016-07-20,417500,422000,416000,422000,86357,17.7,5.72,34.71
628,2016-07-21,420500,421000,410000,413000,164554,17.7,5.72,34.71
629,2016-07-22,414500,418000,410000,414500,131494,17.7,5.72,34.71
630,2016-07-25,416000,417500,401000,403500,164199,17.7,5.72,34.71
631,2016-07-26,405000,410500,402000,406500,90319,17.7,5.72,34.71
632,2016-07-27,408500,408500,389000,400500,311584,17.7,5.72,34.71
633,2016-07-28,400000,402000,394500,400000,164224,17.7,5.72,34.71
634,2016-07-29,401500,401500,380000,388000,351338,17.7,5.72,34.71
635,2016-08-01,384500,384500,373500,380000,395967,17.7,5.72,34.71
636,2016-08-02,380000,386000,375500,379500,266858,17.7,5.72,34.71
637,2016-08-03,371500,378000,364000,369000,265676,17.7,5.72,34.71
638,2016-08-04,369000,377000,368500,373000,178215,17.7,5.72,34.71
639,2016-08-05,373000,373000,359500,363000,380494,17.7,5.72,34.71
640,2016-08-08,365000,380000,360000,379500,344886,17.7,5.72,34.71
641,2016-08-09,383500,389000,373000,377000,215975,17.7,5.72,34.71
642,2016-08-10,378500,396000,378500,394500,306998,17.7,5.72,34.71
643,2016-08-11,398000,398500,386500,396500,134655,17.7,5.72,34.71
644,2016-08-12,396500,396500,387500,389000,141749,17.7,5.72,34.71
645,2016-08-16,390000,395000,389000,389000,98027,17.7,5.72,34.71
646,2016-08-17,392000,396500,387000,391000,92932,17.7,5.72,34.71
647,2016-08-18,394000,395500,383000,384000,101953,17.7,5.72,34.71
648,2016-08-19,381000,384500,373000,375000,155191,17.7,5.72,34.71
649,2016-08-22,375500,380500,372000,377000,88321,17.7,5.72,34.71
650,2016-08-23,375000,390000,375000,387500,135734,17.7,5.72,34.71
651,2016-08-24,394000,394000,384500,384500,101438,17.7,5.72,34.71
652,2016-08-25,389000,389000,376000,377000,114578,17.7,5.72,34.71
653,2016-08-26,380500,385000,375000,381000,99235,17.7,5.72,34.71
654,2016-08-29,384000,390000,382500,387000,114079,17.7,5.72,34.71
655,2016-08-30,389000,391500,384000,388000,90985,17.7,5.72,34.71
656,2016-08-31,389500,390000,384000,386000,122939,17.7,5.72,34.71
657,2016-09-01,388000,395500,388000,395500,157740,17.7,5.72,34.71
658,2016-09-02,399500,407500,398500,406000,153804,17.7,5.72,34.71
659,2016-09-05,410000,412000,394000,396000,127978,17.7,5.72,34.71
660,2016-09-06,399500,400500,396500,398000,71612,17.7,5.72,34.71
661,2016-09-07,397000,400500,390000,391000,80392,17.7,5.72,34.71
662,2016-09-08,390000,399000,389000,399000,111682,17.7,5.72,34.71
663,2016-09-09,396500,396500,388000,390000,57117,17.7,5.72,34.71
664,2016-09-12,393500,393500,382500,383500,81926,17.7,5.72,34.71
665,2016-09-13,383000,386000,377500,378000,106986,17.7,5.72,34.71
666,2016-09-19,385000,390000,380000,389000,124466,17.7,5.72,34.71
667,2016-09-20,385000,391000,382500,390000,99564,17.7,5.72,34.71
668,2016-09-21,384500,389000,383500,386000,98676,17.7,5.72,34.71
669,2016-09-22,393500,395500,390000,394000,87511,17.7,5.72,34.71
670,2016-09-23,399000,399000,395000,399000,72563,17.7,5.72,34.71
671,2016-09-26,402000,406500,396000,399000,93865,17.7,5.72,34.71
672,2016-09-27,389000,403000,385000,400000,107817,17.7,5.72,34.71
673,2016-09-28,397000,400000,395500,396000,58512,17.7,5.72,34.71
674,2016-09-29,396000,399000,389000,390000,89536,17.7,5.72,34.71
675,2016-09-30,385500,392500,385000,389000,88624,17.7,5.72,34.71
676,2016-10-04,394000,395000,392000,394500,74963,17.7,5.72,34.71
677,2016-10-05,389500,393000,388500,389000,70994,17.7,5.72,34.71
678,2016-10-06,385500,389000,378000,381000,133928,17.7,5.72,34.71
679,2016-10-07,380000,381000,358000,359500,248561,17.7,5.72,34.71
680,2016-10-10,365000,371500,364500,367000,188495,17.7,5.72,34.71
681,2016-10-11,368000,372500,368000,371000,186105,17.7,5.72,34.71
682,2016-10-12,373500,374500,369000,371000,144037,17.7,5.72,34.71
683,2016-10-13,368000,373500,366500,373500,153881,17.7,5.72,34.71
684,2016-10-14,374500,375000,367000,368000,118947,17.7,5.72,34.71
685,2016-10-17,371500,373500,367000,370000,98864,17.7,5.72,34.71
686,2016-10-18,370000,372500,368500,372000,118212,17.7,5.72,34.71
687,2016-10-19,370000,372500,366500,370500,127290,17.7,5.72,34.71
688,2016-10-20,368500,370500,367500,370500,74483,17.7,5.72,34.71
689,2016-10-21,372000,375000,370000,370000,57115,17.7,5.72,34.71
690,2016-10-24,370000,374000,370000,372000,71470,17.7,5.72,34.71
691,2016-10-25,350000,356000,331000,345500,762672,17.7,5.72,34.71
692,2016-10-26,341000,358000,341000,357000,365415,17.7,5.72,34.71
693,2016-10-27,363000,368000,360500,364000,133231,17.7,5.72,34.71
694,2016-10-28,360500,367000,360000,360000,77192,17.7,5.72,34.71
695,2016-10-31,358000,363000,355000,359000,143215,17.7,5.72,34.71
696,2016-11-01,350000,362000,339000,360500,305825,17.7,5.72,34.71
697,2016-11-02,360000,360000,350000,350000,231247,17.7,5.72,34.71
698,2016-11-03,349000,359500,348000,357000,130421,17.7,5.72,34.71
699,2016-11-04,358000,361000,353500,357500,166192,17.7,5.72,34.71
700,2016-11-07,365000,365000,354000,357500,89461,17.7,5.72,34.71
701,2016-11-08,357500,358500,353000,358000,91130,17.7,5.72,34.71
702,2016-11-09,361000,370500,355000,362000,251545,17.7,5.72,34.71
703,2016-11-10,368000,380000,367500,380000,202326,17.7,5.72,34.71
704,2016-11-11,372500,378000,363000,366000,175002,17.7,5.72,34.71
705,2016-11-14,362500,364500,356000,356000,191612,17.7,5.72,34.71
706,2016-11-15,356500,358000,350000,353000,158177,17.7,5.72,34.71
707,2016-11-16,353500,355500,353000,353000,86225,17.7,5.72,34.71
708,2016-11-17,350500,353500,349000,352000,63135,17.7,5.72,34.71
709,2016-11-18,351000,351000,343500,346000,229474,17.7,5.72,34.71
710,2016-11-21,343000,343000,332500,333000,301199,17.7,5.72,34.71
711,2016-11-22,330000,335000,327000,334000,360181,17.7,5.72,34.71
712,2016-11-23,327500,333500,327000,328500,218069,17.7,5.72,34.71
713,2016-11-24,327000,329000,316000,321000,204267,17.7,5.72,34.71
714,2016-11-25,319500,335500,319500,324500,130642,17.7,5.72,34.71
715,2016-11-28,326000,327500,322000,323500,90979,17.7,5.72,34.71
716,2016-11-29,319500,341500,319500,341500,196781,17.7,5.72,34.71
717,2016-11-30,340500,341000,323500,328000,280469,17.7,5.72,34.71
718,2016-12-01,328000,328000,318000,319000,171276,17.7,5.72,34.71
719,2016-12-02,321000,323000,307000,307500,201383,17.7,5.72,34.71
720,2016-12-05,309000,314000,309000,313000,125260,17.7,5.72,34.71
721,2016-12-06,315000,317500,302500,312000,184986,17.7,5.72,34.71
722,2016-12-07,315000,319500,309000,313000,128392,17.7,5.72,34.71
723,2016-12-08,313000,317000,309000,317000,143041,17.7,5.72,34.71
724,2016-12-09,313500,326000,313500,318500,147838,17.7,5.72,34.71
725,2016-12-12,326000,328000,320500,324500,114702,17.7,5.72,34.71
726,2016-12-13,328000,330000,320500,321500,62792,17.7,5.72,34.71
727,2016-12-14,324000,327500,323000,325000,86061,17.7,5.72,34.71
728,2016-12-15,325000,327500,324000,325000,60920,17.7,5.72,34.71
729,2016-12-16,327000,328500,324500,325500,77082,17.7,5.72,34.71
730,2016-12-19,325000,325500,322500,325000,70614,17.7,5.72,34.71
731,2016-12-20,326000,326500,320500,321500,75042,17.7,5.72,34.71
732,2016-12-21,321500,323000,316000,318000,121534,17.7,5.72,34.71
733,2016-12-22,317500,320000,315000,317000,101909,17.7,5.72,34.71
734,2016-12-23,318000,326000,315500,322500,78349,17.7,5.72,34.71
735,2016-12-26,321000,325000,321000,322500,27632,17.7,5.72,34.71
736,2016-12-27,323000,325000,319000,323500,59039,17.7,5.72,34.71
737,2016-12-28,318000,322500,316000,316500,87884,17.7,5.72,34.71
738,2016-12-29,317000,325500,315000,321500,92971,17.7,5.72,34.71
739,2017-01-02,315500,315500,305000,305500,94147,9.81,5.06,53.34
740,2017-01-03,308000,314000,305500,312500,81566,9.81,5.06,53.34
741,2017-01-04,312000,312500,307500,311000,114746,9.81,5.06,53.34
742,2017-01-05,312500,314000,309500,310000,81521,9.81,5.06,53.34
743,2017-01-06,311000,311000,304000,305000,132518,9.81,5.06,53.34
744,2017-01-09,303000,304000,293500,298500,136116,9.81,5.06,53.34
745,2017-01-10,295000,298500,292000,293500,117116,9.81,5.06,53.34
746,2017-01-11,291500,301500,291500,300000,110278,9.81,5.06,53.34
747,2017-01-12,300000,303500,299000,302000,101156,9.81,5.06,53.34
748,2017-01-13,304500,317500,303500,314500,192048,9.81,5.06,53.34
749,2017-01-16,317500,322500,313000,321500,157233,9.81,5.06,53.34
750,2017-01-17,321500,321500,314000,320500,109333,9.81,5.06,53.34
751,2017-01-18,320500,321000,312500,316000,114833,9.81,5.06,53.34
752,2017-01-19,313000,317500,311000,311000,111457,9.81,5.06,53.34
753,2017-01-20,310500,319500,310500,319000,77863,9.81,5.06,53.34
754,2017-01-23,321000,322000,314500,315000,51013,9.81,5.06,53.34
755,2017-01-24,318000,327000,317000,325000,203035,9.81,5.06,53.34
756,2017-01-25,329000,333000,320000,325000,117739,9.81,5.06,53.34
757,2017-01-26,326000,326500,317500,318500,69536,9.81,5.06,53.34
758,2017-01-31,319000,328000,317000,317000,136706,9.81,5.06,53.34
759,2017-02-01,318500,319000,310500,315500,187240,9.81,5.06,53.34
760,2017-02-02,316000,321000,295500,301000,488349,9.81,5.06,53.34
761,2017-02-03,299000,307500,291500,301500,499293,9.81,5.06,53.34
762,2017-02-06,305500,305500,292000,292500,231856,9.81,5.06,53.34
763,2017-02-07,292500,296500,291500,293000,176261,9.81,5.06,53.34
764,2017-02-08,293000,294500,278500,281500,432359,9.81,5.06,53.34
765,2017-02-09,281500,283500,278500,281000,183543,9.81,5.06,53.34
766,2017-02-10,281000,283500,277000,277500,191491,9.81,5.06,53.34
767,2017-02-13,277500,284500,277500,284000,120845,9.81,5.06,53.34
768,2017-02-14,285500,291000,281000,287000,132735,9.81,5.06,53.34
769,2017-02-15,287000,293000,287000,290000,104259,9.81,5.06,53.34
770,2017-02-16,292000,292500,286500,288000,73914,9.81,5.06,53.34
771,2017-02-17,288500,292000,286000,288500,99613,9.81,5.06,53.34
772,2017-02-20,290500,292500,289000,291500,81163,9.81,5.06,53.34
773,2017-02-21,291500,293000,290500,292000,64462,9.81,5.06,53.34
774,2017-02-22,292000,292500,290000,291500,85716,9.81,5.06,53.34
775,2017-02-23,293500,293500,285500,289000,161495,9.81,5.06,53.34
776,2017-02-24,289000,307500,287000,307500,306334,9.81,5.06,53.34
777,2017-02-27,307500,312500,303000,306000,103259,9.81,5.06,53.34
778,2017-02-28,303000,304000,297000,301000,147559,9.81,5.06,53.34
779,2017-03-02,300000,300000,284500,288000,331092,9.81,5.06,53.34
780,2017-03-03,280000,280000,249000,251500,1060753,9.81,5.06,53.34
781,2017-03-06,251500,265500,243000,260000,831520,9.81,5.06,53.34
782,2017-03-07,261500,266000,259500,264500,394630,9.81,5.06,53.34
783,2017-03-08,265500,273000,264000,272500,279005,9.81,5.06,53.34
784,2017-03-09,274000,280000,272500,273000,186833,9.81,5.06,53.34
785,2017-03-10,278000,279000,269500,272500,366316,9.81,5.06,53.34
786,2017-03-13,277500,288000,275500,277500,190576,9.81,5.06,53.34
787,2017-03-14,281000,283000,274000,277000,246118,9.81,5.06,53.34
788,2017-03-15,277000,280500,274500,278000,131608,9.81,5.06,53.34
789,2017-03-16,281500,283000,272000,274000,165437,9.81,5.06,53.34
790,2017-03-17,275000,285000,275000,283000,196190,9.81,5.06,53.34
791,2017-03-20,283500,284500,277000,280000,114173,9.81,5.06,53.34
792,2017-03-21,284000,284000,279500,282000,88249,9.81,5.06,53.34
793,2017-03-22,282500,282500,279000,282000,132829,9.81,5.06,53.34
794,2017-03-23,283000,284500,280000,282000,162184,9.81,5.06,53.34
795,2017-03-24,287000,292000,284000,288000,214283,9.81,5.06,53.34
796,2017-03-27,288500,288500,281000,286000,234530,9.81,5.06,53.34
797,2017-03-28,288000,292000,286500,290500,227395,9.81,5.06,53.34
798,2017-03-29,291000,293500,289500,290000,769030,9.81,5.06,53.34
799,2017-03-30,290000,290000,281000,283000,600885,9.81,5.06,53.34
800,2017-03-31,282000,283000,277500,280500,294395,9.81,5.06,53.34
801,2017-04-03,280500,283000,278500,280000,384705,9.81,5.06,53.34
802,2017-04-04,281000,284500,279500,283000,176473,9.81,5.06,53.34
803,2017-04-05,284500,288000,277000,277500,170852,9.81,5.06,53.34
804,2017-04-06,277500,278000,273000,276000,155636,9.81,5.06,53.34
805,2017-04-07,277000,277500,272500,274000,190053,9.81,5.06,53.34
806,2017-04-10,272000,272500,269000,270500,238276,9.81,5.06,53.34
807,2017-04-11,270000,272500,269000,270000,140914,9.81,5.06,53.34
808,2017-04-12,270000,271000,268000,270500,85835,9.81,5.06,53.34
809,2017-04-13,270500,272500,270000,272500,149653,9.81,5.06,53.34
810,2017-04-14,271500,274500,270000,271000,62233,9.81,5.06,53.34
811,2017-04-17,275500,287500,275500,285500,309494,9.81,5.06,53.34
812,2017-04-18,287000,288500,283500,285500,118957,9.81,5.06,53.34
813,2017-04-19,286000,298000,284000,296000,231643,9.81,5.06,53.34
814,2017-04-20,295000,307500,293000,306500,285834,9.81,5.06,53.34
815,2017-04-21,310500,320000,306500,317500,419789,9.81,5.06,53.34
816,2017-04-24,319000,319500,305000,307000,307071,9.81,5.06,53.34
817,2017-04-25,301000,301500,291000,293500,305126,9.81,5.06,53.34
818,2017-04-26,293000,298500,290000,290500,245296,9.81,5.06,53.34
819,2017-04-27,288500,294500,286000,291500,169036,9.81,5.06,53.34
820,2017-04-28,289500,293000,288000,292000,182087,9.81,5.06,53.34
821,2017-05-02,292000,294000,289000,289500,117883,9.81,5.06,53.34
822,2017-05-04,290000,315000,290000,313000,338626,9.81,5.06,53.34
823,2017-05-08,314000,334000,313500,333000,504682,9.81,5.06,53.34
824,2017-05-10,350000,351000,328500,344500,665184,9.81,5.06,53.34
825,2017-05-11,349000,361000,345000,361000,437736,9.81,5.06,53.34
826,2017-05-12,360500,360500,342000,345000,337452,9.81,5.06,53.34
827,2017-05-15,349500,354500,343500,346000,151608,9.81,5.06,53.34
828,2017-05-16,348000,354500,341500,351500,158751,9.81,5.06,53.34
829,2017-05-17,357000,365500,355000,357500,226603,9.81,5.06,53.34
830,2017-05-18,357500,358500,347500,355000,187364,9.81,5.06,53.34
831,2017-05-19,356000,360500,352000,359500,140849,9.81,5.06,53.34
832,2017-05-22,361000,367000,358500,359000,163606,9.81,5.06,53.34
833,2017-05-23,354000,357000,350500,350500,241976,9.81,5.06,53.34
834,2017-05-24,346500,356500,346000,350500,133271,9.81,5.06,53.34
835,2017-05-25,353000,354000,349000,350000,126867,9.81,5.06,53.34
836,2017-05-26,349000,352500,348000,351500,103616,9.81,5.06,53.34
837,2017-05-29,351500,352500,348000,348500,79812,9.81,5.06,53.34
838,2017-05-30,346000,350500,344000,344000,111463,9.81,5.06,53.34
839,2017-05-31,344000,348500,339000,343000,173978,9.81,5.06,53.34
840,2017-06-01,340000,342000,336500,337500,170532,9.81,5.06,53.34
841,2017-06-02,337500,340500,337000,340500,114906,9.81,5.06,53.34
842,2017-06-05,340500,341000,337500,339500,68954,9.81,5.06,53.34
843,2017-06-07,338000,338500,333500,336000,186937,9.81,5.06,53.34
844,2017-06-08,331500,334000,326000,329500,232729,9.81,5.06,53.34
845,2017-06-09,328000,332500,326500,326500,117992,9.81,5.06,53.34
846,2017-06-12,326500,327000,318000,322500,117203,9.81,5.06,53.34
847,2017-06-13,322000,330500,319500,320500,157609,9.81,5.06,53.34
848,2017-06-14,320500,324000,315000,319000,164745,9.81,5.06,53.34
849,2017-06-15,321000,329500,317000,319000,168293,9.81,5.06,53.34
850,2017-06-16,319500,321500,316000,319000,92597,9.81,5.06,53.34
851,2017-06-19,318000,319000,307000,307000,203404,9.81,5.06,53.34
852,2017-06-20,304500,305500,299500,300500,167959,9.81,5.06,53.34
853,2017-06-21,302000,307000,301000,305000,129925,9.81,5.06,53.34
854,2017-06-22,308500,308500,302000,308000,113216,9.81,5.06,53.34
855,2017-06-23,311500,321500,311000,318500,222904,9.81,5.06,53.34
856,2017-06-26,318000,318000,309000,309000,101794,9.81,5.06,53.34
857,2017-06-27,309500,321000,309000,314500,150648,9.81,5.06,53.34
858,2017-06-28,314000,318500,310000,311000,77160,9.81,5.06,53.34
859,2017-06-29,310000,310000,301500,302500,178730,9.81,5.06,53.34
860,2017-06-30,303500,309000,303000,304000,130839,9.81,5.06,53.34
861,2017-07-03,307000,311500,306000,311500,88170,9.81,5.06,53.34
862,2017-07-04,309500,313500,307000,308500,75142,9.81,5.06,53.34
863,2017-07-05,304500,306500,298500,299500,194425,9.81,5.06,53.34
864,2017-07-06,300000,301000,294000,295500,180608,9.81,5.06,53.34
865,2017-07-07,291000,292000,286000,288000,161737,9.81,5.06,53.34
866,2017-07-10,284000,286000,279000,281500,163314,9.81,5.06,53.34
867,2017-07-11,281500,289000,280500,283000,200552,9.81,5.06,53.34
868,2017-07-12,284000,292000,283000,287500,138990,9.81,5.06,53.34
869,2017-07-13,291000,292000,288000,289000,131364,9.81,5.06,53.34
870,2017-07-14,291000,294500,286500,294500,231111,9.81,5.06,53.34
871,2017-07-17,299000,301500,290500,291500,116052,9.81,5.06,53.34
872,2017-07-18,293500,297000,291500,296000,102248,9.81,5.06,53.34
873,2017-07-19,296500,304000,294500,303500,145101,9.81,5.06,53.34
874,2017-07-20,304500,305000,299500,300000,83292,9.81,5.06,53.34
875,2017-07-21,299000,299500,293000,293500,137082,9.81,5.06,53.34
876,2017-07-24,294000,296000,289500,290500,184827,9.81,5.06,53.34
877,2017-07-25,285500,290000,284500,287500,301158,9.81,5.06,53.34
878,2017-07-26,284000,297000,283000,284000,424446,9.81,5.06,53.34
879,2017-07-27,285000,293500,282500,291500,160416,9.81,5.06,53.34
880,2017-07-28,290000,296500,289000,291000,144136,9.81,5.06,53.34
881,2017-07-31,287000,288500,281000,283500,138470,9.81,5.06,53.34
882,2017-08-01,281500,285000,278500,280500,143446,9.81,5.06,53.34
883,2017-08-02,281000,288500,280000,287000,162189,9.81,5.06,53.34
884,2017-08-03,287500,288000,281500,283500,110465,9.81,5.06,53.34
885,2017-08-04,281500,286000,279500,279500,123450,9.81,5.06,53.34
886,2017-08-07,280500,283500,279500,282000,59173,9.81,5.06,53.34
887,2017-08-08,281000,283500,280000,280000,50480,9.81,5.06,53.34
888,2017-08-09,279500,282000,277000,282000,64576,9.81,5.06,53.34
889,2017-08-10,280000,287000,279500,280500,129383,9.81,5.06,53.34
890,2017-08-11,279000,281000,278000,280000,90645,9.81,5.06,53.34
891,2017-08-14,282000,282500,278500,280000,50721,9.81,5.06,53.34
892,2017-08-16,280000,281500,279000,280500,119603,9.81,5.06,53.34
893,2017-08-17,280000,281500,279000,280000,59299,9.81,5.06,53.34
894,2017-08-18,280000,284000,279000,280000,55374,9.81,5.06,53.34
895,2017-08-21,282500,282500,279000,280000,49735,9.81,5.06,53.34
896,2017-08-22,280000,282000,279500,280000,55902,9.81,5.06,53.34
897,2017-08-23,280000,281500,279500,280500,61080,9.81,5.06,53.34
898,2017-08-24,281000,297500,280500,295000,305933,9.81,5.06,53.34
899,2017-08-25,294500,294500,287500,291000,128258,9.81,5.06,53.34
900,2017-08-28,290000,296000,288500,295500,102936,9.81,5.06,53.34
901,2017-08-29,295000,298500,291500,294000,172830,9.81,5.06,53.34
902,2017-08-30,292000,292500,286000,288000,202018,9.81,5.06,53.34
903,2017-08-31,289500,292000,287000,288000,109129,9.81,5.06,53.34
904,2017-09-01,289500,293000,288500,289000,151592,9.81,5.06,53.34
905,2017-09-04,284000,289000,282500,287000,97526,9.81,5.06,53.34
906,2017-09-05,287000,287000,282500,284500,131056,9.81,5.06,53.34
907,2017-09-06,285000,287000,283000,283000,118131,9.81,5.06,53.34
908,2017-09-07,283500,284000,280000,280500,127000,9.81,5.06,53.34
909,2017-09-08,278000,278500,267000,267500,446767,9.81,5.06,53.34
910,2017-09-11,265000,268500,260500,262500,280669,9.81,5.06,53.34
911,2017-09-12,265000,268500,264000,266000,180267,9.81,5.06,53.34
912,2017-09-13,265500,266500,257000,258000,209372,9.81,5.06,53.34
913,2017-09-14,256500,265000,255500,260000,246784,9.81,5.06,53.34
914,2017-09-15,259000,259000,248500,250000,835265,9.81,5.06,53.34
915,2017-09-18,249500,254500,249000,251000,219900,9.81,5.06,53.34
916,2017-09-19,251000,255500,249500,253000,187991,9.81,5.06,53.34
917,2017-09-20,253500,255500,250500,251000,171917,9.81,5.06,53.34
918,2017-09-21,250500,255000,249000,249000,675020,9.81,5.06,53.34
919,2017-09-22,250000,251000,243000,244000,207447,9.81,5.06,53.34
920,2017-09-25,244000,247500,239000,239500,116151,9.81,5.06,53.34
921,2017-09-26,239500,243000,236500,240500,240205,9.81,5.06,53.34
922,2017-09-27,238500,247500,238000,243000,348695,9.81,5.06,53.34
923,2017-09-28,246500,255500,245000,252000,542776,9.81,5.06,53.34
924,2017-09-29,254000,263000,252000,259500,302526,9.81,5.06,53.34
925,2017-10-10,259500,265000,256500,261500,553226,9.81,5.06,53.34
926,2017-10-11,259000,260500,256500,259000,249487,9.81,5.06,53.34
927,2017-10-12,258000,262000,254500,254500,179632,9.81,5.06,53.34
928,2017-10-13,256000,273000,253500,271000,681271,9.81,5.06,53.34
929,2017-10-16,273500,286000,271000,285000,581424,9.81,5.06,53.34
930,2017-10-17,287500,287500,276000,286500,268147,9.81,5.06,53.34
931,2017-10-18,286500,293000,281500,284500,273989,9.81,5.06,53.34
932,2017-10-19,290000,290500,281500,286500,149101,9.81,5.06,53.34
933,2017-10-20,286500,289500,279500,280500,105672,9.81,5.06,53.34
934,2017-10-23,276500,284000,276500,281000,121854,9.81,5.06,53.34
935,2017-10-24,281500,296000,280500,292000,249269,9.81,5.06,53.34
936,2017-10-25,296500,301000,292500,297000,250616,9.81,5.06,53.34
937,2017-10-26,303500,322000,299000,318500,720822,9.81,5.06,53.34
938,2017-10-27,325000,330000,313000,315000,495911,9.81,5.06,53.34
939,2017-10-30,323000,331500,315000,326500,556354,9.81,5.06,53.34
940,2017-10-31,328500,329000,314000,314000,584195,9.81,5.06,53.34
941,2017-11-01,316500,318500,305000,307500,419931,9.81,5.06,53.34
942,2017-11-02,308000,317500,308000,314500,241821,9.81,5.06,53.34
943,2017-11-03,319000,321000,316000,320500,190422,9.81,5.06,53.34
944,2017-11-06,321000,329000,320500,323000,263171,9.81,5.06,53.34
945,2017-11-07,316000,322500,316000,320000,169340,9.81,5.06,53.34
946,2017-11-08,321000,328500,320000,325500,205814,9.81,5.06,53.34
947,2017-11-09,329000,329500,322000,324000,148266,9.81,5.06,53.34
948,2017-11-10,323500,324000,318500,320500,118922,9.81,5.06,53.34
949,2017-11-13,328500,331000,320500,322500,278976,9.81,5.06,53.34
950,2017-11-14,326000,326000,314000,322000,204031,9.81,5.06,53.34
951,2017-11-15,322000,323500,316000,319500,157866,9.81,5.06,53.34
952,2017-11-16,317500,321500,314500,319500,142123,9.81,5.06,53.34
953,2017-11-17,319000,324500,315000,316000,145228,9.81,5.06,53.34
954,2017-11-20,316000,320500,312500,318000,189447,9.81,5.06,53.34
955,2017-11-21,319500,320500,308500,310000,200261,9.81,5.06,53.34
956,2017-11-22,310500,312500,305500,308500,102199,9.81,5.06,53.34
957,2017-11-23,309000,317000,308500,311500,107882,9.81,5.06,53.34
958,2017-11-24,309000,310000,303500,307000,149164,9.81,5.06,53.34
959,2017-11-27,308000,316500,307000,316000,222650,9.81,5.06,53.34
960,2017-11-28,316500,321000,310000,310500,259523,9.81,5.06,53.34
961,2017-11-29,312500,316500,311500,315000,133051,9.81,5.06,53.34
962,2017-11-30,318000,318000,308500,309000,198589,9.81,5.06,53.34
963,2017-12-01,310500,316000,305000,312500,98415,9.81,5.06,53.34
964,2017-12-04,316500,338500,316000,337000,606655,9.81,5.06,53.34
965,2017-12-05,338000,339500,332500,336500,244899,9.81,5.06,53.34
966,2017-12-06,338000,338500,329000,333000,157499,9.81,5.06,53.34
967,2017-12-07,335000,337000,320000,321500,218719,9.81,5.06,53.34
968,2017-12-08,322500,325000,318000,319000,129863,9.81,5.06,53.34
969,2017-12-11,322000,325000,317000,324500,97732,9.81,5.06,53.34
970,2017-12-12,320500,323500,303500,311500,334464,9.81,5.06,53.34
971,2017-12-13,312000,319500,311500,319500,172938,9.81,5.06,53.34
972,2017-12-14,319000,325000,317000,319500,254634,9.81,5.06,53.34
973,2017-12-15,322500,323000,312500,313500,140886,9.81,5.06,53.34
974,2017-12-18,321000,325000,317000,317000,106013,9.81,5.06,53.34
975,2017-12-19,320000,320500,308000,314500,118903,9.81,5.06,53.34
976,2017-12-20,308000,310500,303500,305500,240761,9.81,5.06,53.34
977,2017-12-21,306000,307000,299000,300500,139665,9.81,5.06,53.34
978,2017-12-22,299500,300500,287000,299000,164525,9.81,5.06,53.34
979,2017-12-26,299000,304000,297500,298000,99181,9.81,5.06,53.34
980,2017-12-27,292500,302000,292500,302000,82366,9.81,5.06,53.34
981,2017-12-28,302000,307000,300000,304500,81715,9.81,5.06,53.34
982,2018-01-02,312000,314000,310000,312500,96717,7.75,3.27,43.53
983,2018-01-03,307000,315500,306500,311500,110395,7.75,3.27,43.53
984,2018-01-04,314000,314000,299000,299000,199790,7.75,3.27,43.53
985,2018-01-05,299500,303500,299000,300000,118881,7.75,3.27,43.53
986,2018-01-08,300000,301500,295500,300000,116247,7.75,3.27,43.53
987,2018-01-09,299000,301000,297000,298000,185727,7.75,3.27,43.53
988,2018-01-10,299000,307500,299000,305500,311863,7.75,3.27,43.53
989,2018-01-11,307000,313000,306500,307500,203999,7.75,3.27,43.53
990,2018-01-12,309000,309500,299500,300000,171967,7.75,3.27,43.53
991,2018-01-15,300000,302000,298000,299000,138348,7.75,3.27,43.53
992,2018-01-16,299500,307500,299000,305000,142557,7.75,3.27,43.53
993,2018-01-17,303000,307000,301500,304000,139237,7.75,3.27,43.53
994,2018-01-18,305000,308000,302000,307500,123510,7.75,3.27,43.53
995,2018-01-19,305500,312000,304000,309500,229427,7.75,3.27,43.53
996,2018-01-22,314500,317500,311000,313000,173946,7.75,3.27,43.53
997,2018-01-23,313500,315000,309000,313000,180452,7.75,3.27,43.53
998,2018-01-24,312000,312500,302500,305500,213350,7.75,3.27,43.53
999,2018-01-25,303000,310500,302500,310000,118147,7.75,3.27,43.53
1000,2018-01-26,310000,314000,308000,312000,116354,7.75,3.27,43.53
1001,2018-01-29,312500,314000,309000,311500,128833,7.75,3.27,43.53
1002,2018-01-30,311500,313000,309000,309500,112114,7.75,3.27,43.53
1003,2018-01-31,306500,308500,295500,299500,319497,7.75,3.27,43.53
1004,2018-02-01,299500,302500,298500,300000,234176,7.75,3.27,43.53
1005,2018-02-02,302500,305500,300000,302000,193361,7.75,3.27,43.53
1006,2018-02-05,300500,300500,296000,299500,164903,7.75,3.27,43.53
1007,2018-02-06,293500,298500,285500,296000,228586,7.75,3.27,43.53
1008,2018-02-07,297500,298500,280000,281500,208904,7.75,3.27,43.53
1009,2018-02-08,281500,288000,278500,288000,192545,7.75,3.27,43.53
1010,2018-02-09,279500,283500,279500,281000,136733,7.75,3.27,43.53
1011,2018-02-12,279500,284000,273000,274500,216137,7.75,3.27,43.53
1012,2018-02-13,275000,276000,269000,271500,155474,7.75,3.27,43.53
1013,2018-02-14,273000,280000,271500,279500,113634,7.75,3.27,43.53
1014,2018-02-19,286000,286000,275000,277500,119729,7.75,3.27,43.53
1015,2018-02-20,277500,278500,272500,275500,77326,7.75,3.27,43.53
1016,2018-02-21,279500,297500,279000,294500,273540,7.75,3.27,43.53
1017,2018-02-22,291500,299000,288000,294000,161104,7.75,3.27,43.53
1018,2018-02-23,297000,299000,284000,292500,127679,7.75,3.27,43.53
1019,2018-02-26,294000,302000,291000,298000,166552,7.75,3.27,43.53
1020,2018-02-27,300000,301000,293000,293500,87509,7.75,3.27,43.53
1021,2018-02-28,293500,293500,281500,281500,191531,7.75,3.27,43.53
1022,2018-03-02,278500,281500,274000,275500,156038,7.75,3.27,43.53
1023,2018-03-05,276000,279500,274000,276500,125875,7.75,3.27,43.53
1024,2018-03-06,275500,279000,275500,278000,120242,7.75,3.27,43.53
1025,2018-03-07,275000,288000,273500,282500,200737,7.75,3.27,43.53
1026,2018-03-08,285000,294000,285000,289000,178430,7.75,3.27,43.53
1027,2018-03-09,294500,302000,292000,301000,563866,7.75,3.27,43.53
1028,2018-03-12,306000,310500,304000,308000,254144,7.75,3.27,43.53
1029,2018-03-13,308000,310500,304000,307500,190453,7.75,3.27,43.53
1030,2018-03-14,305000,309500,300000,301500,109281,7.75,3.27,43.53
1031,2018-03-15,302000,311000,299000,309000,171316,7.75,3.27,43.53
1032,2018-03-16,311000,312000,306000,309500,138752,7.75,3.27,43.53
1033,2018-03-19,310000,310500,304500,304500,83613,7.75,3.27,43.53
1034,2018-03-20,287000,302000,287000,300500,232860,7.75,3.27,43.53
1035,2018-03-21,297500,303000,297000,299500,79681,7.75,3.27,43.53
1036,2018-03-22,299500,304000,295000,297000,210316,7.75,3.27,43.53
1037,2018-03-23,292000,294500,288000,288500,164137,7.75,3.27,43.53
1038,2018-03-26,286000,297000,284000,296500,178811,7.75,3.27,43.53
1039,2018-03-27,299500,305500,297500,304500,200141,7.75,3.27,43.53
1040,2018-03-28,303500,308000,300500,304500,171783,7.75,3.27,43.53
1041,2018-03-29,308000,308000,304500,307000,141493,7.75,3.27,43.53
1042,2018-03-30,307500,318500,307500,317000,223979,7.75,3.27,43.53
1043,2018-04-02,327500,343500,327000,333000,489376,7.75,3.27,43.53
1044,2018-04-03,333000,346500,332500,345000,367905,7.75,3.27,43.53
1045,2018-04-04,345000,347500,334000,337500,245338,7.75,3.27,43.53
1046,2018-04-05,338000,338500,326500,333000,152898,7.75,3.27,43.53
1047,2018-04-06,327000,336500,325500,330000,123217,7.75,3.27,43.53
1048,2018-04-09,330000,339500,330000,337500,135521,7.75,3.27,43.53
1049,2018-04-10,337500,343000,333500,342000,170717,7.75,3.27,43.53
1050,2018-04-11,339000,339500,333500,335000,110145,7.75,3.27,43.53
1051,2018-04-12,333500,335000,323500,323500,169466,7.75,3.27,43.53
1052,2018-04-13,325000,335000,320000,335000,155129,7.75,3.27,43.53
1053,2018-04-16,341000,343500,336000,338000,246753,7.75,3.27,43.53
1054,2018-04-17,336000,341500,335500,338500,144298,7.75,3.27,43.53
1055,2018-04-18,338000,346500,336000,345500,223747,7.75,3.27,43.53
1056,2018-04-19,345000,347000,338000,341000,188602,7.75,3.27,43.53
1057,2018-04-20,343000,345500,336000,338000,75343,7.75,3.27,43.53
1058,2018-04-23,335500,336000,331000,333000,84623,7.75,3.27,43.53
1059,2018-04-24,336500,343000,333500,338500,175632,7.75,3.27,43.53
1060,2018-04-25,340000,340000,331500,334500,115297,7.75,3.27,43.53
1061,2018-04-26,334500,337500,330500,333500,114758,7.75,3.27,43.53
1062,2018-04-27,332500,337500,332000,334500,93220,7.75,3.27,43.53
1063,2018-04-30,337000,349500,335500,349000,202938,7.75,3.27,43.53
1064,2018-05-02,348500,355500,347000,351500,160226,7.75,3.27,43.53
1065,2018-05-03,351500,351500,338500,339500,149860,7.75,3.27,43.53
1066,2018-05-04,347000,351000,338500,350000,199236,7.75,3.27,43.53
1067,2018-05-08,351000,352500,342000,347500,210137,7.75,3.27,43.53
1068,2018-05-09,347500,354500,342500,350500,205478,7.75,3.27,43.53
1069,2018-05-10,352500,356000,341500,342500,255540,7.75,3.27,43.53
1070,2018-05-11,343000,348500,340000,342000,127105,7.75,3.27,43.53
1071,2018-05-14,345000,347000,326000,328500,263272,7.75,3.27,43.53
1072,2018-05-15,328500,332000,323000,323500,160051,7.75,3.27,43.53
1073,2018-05-16,324000,329500,320500,328500,127741,7.75,3.27,43.53
1074,2018-05-17,328000,328000,320500,322000,96730,7.75,3.27,43.53
1075,2018-05-18,322500,330000,322500,328500,108365,7.75,3.27,43.53
1076,2018-05-21,330500,333500,326000,329500,90138,7.75,3.27,43.53
1077,2018-05-23,324000,331500,321500,328500,102401,7.75,3.27,43.53
1078,2018-05-24,328000,337000,328000,336000,110437,7.75,3.27,43.53
1079,2018-05-25,334000,336000,329500,335000,85396,7.75,3.27,43.53
1080,2018-05-28,335000,336500,328500,329500,76739,7.75,3.27,43.53
1081,2018-05-29,333000,338500,330500,331500,67994,7.75,3.27,43.53
1082,2018-05-30,330000,335500,328000,330000,84665,7.75,3.27,43.53
1083,2018-05-31,333000,337500,330500,332500,239358,7.75,3.27,43.53
1084,2018-06-01,338000,338000,331000,336500,76460,7.75,3.27,43.53
1085,2018-06-04,338500,338500,329000,329500,112667,7.75,3.27,43.53
1086,2018-06-05,329500,338000,329500,337500,89241,7.75,3.27,43.53
1087,2018-06-07,337500,340000,334000,340000,95430,7.75,3.27,43.53
1088,2018-06-08,340000,340500,335500,338000,93611,7.75,3.27,43.53
1089,2018-06-11,335000,336000,327000,328500,195437,7.75,3.27,43.53
1090,2018-06-12,329000,331500,320000,324000,205253,7.75,3.27,43.53
1091,2018-06-14,323000,326000,319000,321000,156580,7.75,3.27,43.53
1092,2018-06-15,323500,323500,306000,308000,254526,7.75,3.27,43.53
1093,2018-06-18,309000,311500,299000,308000,215751,7.75,3.27,43.53
1094,2018-06-19,305000,308500,300500,301000,170878,7.75,3.27,43.53
1095,2018-06-20,301000,317000,300000,312000,213105,7.75,3.27,43.53
1096,2018-06-21,310000,316000,304000,306500,155393,7.75,3.27,43.53
1097,2018-06-22,303500,313500,301500,311500,169792,7.75,3.27,43.53
1098,2018-06-25,307500,310000,305000,308500,86939,7.75,3.27,43.53
1099,2018-06-26,309500,312000,306000,311000,106792,7.75,3.27,43.53
1100,2018-06-27,307500,314000,307000,309000,150414,7.75,3.27,43.53
1101,2018-06-28,314500,326500,313000,320000,366189,7.75,3.27,43.53
1102,2018-06-29,323500,326000,316000,322500,153973,7.75,3.27,43.53
1103,2018-07-02,323000,323500,311500,314500,124177,7.75,3.27,43.53
1104,2018-07-03,318500,318500,300000,309500,190712,7.75,3.27,43.53
1105,2018-07-04,305000,309000,296000,297000,155684,7.75,3.27,43.53
1106,2018-07-05,297000,299500,285500,291000,167545,7.75,3.27,43.53
1107,2018-07-06,292000,295500,287000,292000,116087,7.75,3.27,43.53
1108,2018-07-09,288000,296000,288000,292500,111722,7.75,3.27,43.53
1109,2018-07-10,292500,296000,291500,294000,127445,7.75,3.27,43.53
1110,2018-07-11,290500,297000,289000,295000,132221,7.75,3.27,43.53
1111,2018-07-12,298000,300000,296000,296500,163042,7.75,3.27,43.53
1112,2018-07-13,292500,297000,292500,293500,119621,7.75,3.27,43.53
1113,2018-07-16,292000,294500,288500,291500,126564,7.75,3.27,43.53
1114,2018-07-17,290500,291500,282500,283500,207908,7.75,3.27,43.53
1115,2018-07-18,283500,286000,279500,280500,158456,7.75,3.27,43.53
1116,2018-07-19,281000,281500,271500,273000,165352,7.75,3.27,43.53
1117,2018-07-20,270000,278000,270000,275500,123962,7.75,3.27,43.53
1118,2018-07-23,276500,282000,276000,279500,131798,7.75,3.27,43.53
1119,2018-07-24,280000,281000,275000,279500,135868,7.75,3.27,43.53
1120,2018-07-25,281000,281500,270500,279500,209132,7.75,3.27,43.53
1121,2018-07-26,282500,285000,266000,268000,403475,7.75,3.27,43.53
1122,2018-07-27,267500,267500,256000,264000,508111,7.75,3.27,43.53
1123,2018-07-30,264000,267500,261000,265000,123746,7.75,3.27,43.53
1124,2018-07-31,263000,268500,263000,267500,153242,7.75,3.27,43.53
1125,2018-08-01,270000,278500,268000,276500,230676,7.75,3.27,43.53
1126,2018-08-02,277000,278500,269000,270000,131840,7.75,3.27,43.53
1127,2018-08-03,270000,276000,269000,275500,108529,7.75,3.27,43.53
1128,2018-08-06,273000,280000,271500,272500,136486,7.75,3.27,43.53
1129,2018-08-07,271500,278000,270500,277000,106024,7.75,3.27,43.53
1130,2018-08-08,274500,275500,270000,270500,97830,7.75,3.27,43.53
1131,2018-08-09,271000,272000,266000,269000,143607,7.75,3.27,43.53
1132,2018-08-10,268000,268500,263000,264500,119245,7.75,3.27,43.53
1133,2018-08-13,261500,264500,254000,257000,199891,7.75,3.27,43.53
1134,2018-08-14,258000,262500,258000,260500,104266,7.75,3.27,43.53
1135,2018-08-16,260500,262500,256000,257500,114666,7.75,3.27,43.53
1136,2018-08-17,257500,260500,254500,260500,126370,7.75,3.27,43.53
1137,2018-08-20,262500,263500,255000,255000,110059,7.75,3.27,43.53
1138,2018-08-21,256000,259000,255000,258500,92698,7.75,3.27,43.53
1139,2018-08-22,258500,262000,256000,257000,100813,7.75,3.27,43.53
1140,2018-08-23,262500,273500,262500,271000,320901,7.75,3.27,43.53
1141,2018-08-24,270500,270500,264500,269500,113729,7.75,3.27,43.53
1142,2018-08-27,271500,272000,267000,269500,112660,7.75,3.27,43.53
1143,2018-08-28,269000,270000,259000,260000,232684,7.75,3.27,43.53
1144,2018-08-29,261500,262000,259500,261500,93685,7.75,3.27,43.53
1145,2018-08-30,269500,272000,264000,264500,199334,7.75,3.27,43.53
1146,2018-08-31,264000,264500,260500,263000,112315,7.75,3.27,43.53
1147,2018-09-03,264000,265000,258000,259500,129389,7.75,3.27,43.53
1148,2018-09-04,259500,261500,258500,260500,78221,7.75,3.27,43.53
1149,2018-09-05,263000,268500,259500,261000,151782,7.75,3.27,43.53
1150,2018-09-06,261000,263000,260000,261000,77846,7.75,3.27,43.53
1151,2018-09-07,264000,265000,260000,263000,125643,7.75,3.27,43.53
1152,2018-09-10,259500,261000,253500,257500,176595,7.75,3.27,43.53
1153,2018-09-11,257000,261000,255000,256500,107627,7.75,3.27,43.53
1154,2018-09-12,257500,259500,255000,257500,111683,7.75,3.27,43.53
1155,2018-09-13,259000,260500,257500,259000,130262,7.75,3.27,43.53
1156,2018-09-14,262000,268500,260000,268500,202783,7.75,3.27,43.53
1157,2018-09-17,268500,268500,261500,263500,127800,7.75,3.27,43.53
1158,2018-09-18,260000,262000,257500,259000,152483,7.75,3.27,43.53
1159,2018-09-19,260000,261000,255500,255500,165816,7.75,3.27,43.53
1160,2018-09-20,256000,257500,251000,252000,227567,7.75,3.27,43.53
1161,2018-09-21,254500,255500,246500,249000,275925,7.75,3.27,43.53
1162,2018-09-27,253500,256500,251500,255000,194442,7.75,3.27,43.53
1163,2018-09-28,256000,262000,255500,261000,225215,7.75,3.27,43.53
1164,2018-10-01,264000,272000,263500,269500,306889,7.75,3.27,43.53
1165,2018-10-02,271000,271500,263500,264500,117956,7.75,3.27,43.53
1166,2018-10-04,264500,265000,224500,227500,994561,7.75,3.27,43.53
1167,2018-10-05,224500,228500,217500,225000,357435,7.75,3.27,43.53
1168,2018-10-08,224000,224500,218500,223000,232645,7.75,3.27,43.53
1169,2018-10-10,221000,224000,208500,212000,349662,7.75,3.27,43.53
1170,2018-10-11,202000,204500,197000,197500,464105,7.75,3.27,43.53
1171,2018-10-12,197500,209500,197500,207500,248467,7.75,3.27,43.53
1172,2018-10-15,205500,206000,197500,198000,267688,7.75,3.27,43.53
1173,2018-10-16,200000,204000,195500,197500,205087,7.75,3.27,43.53
1174,2018-10-17,201500,203500,197000,198000,173204,7.75,3.27,43.53
1175,2018-10-18,199000,201000,189000,190500,264196,7.75,3.27,43.53
1176,2018-10-19,189500,190500,183500,190500,318957,7.75,3.27,43.53
1177,2018-10-22,192500,199500,192000,196500,252716,7.75,3.27,43.53
1178,2018-10-23,195500,196000,186500,189000,227594,7.75,3.27,43.53
1179,2018-10-24,190500,196500,189000,190500,193984,7.75,3.27,43.53
1180,2018-10-25,185500,191500,182500,191500,244870,7.75,3.27,43.53
1181,2018-10-26,192000,192500,180000,183500,272386,7.75,3.27,43.53
1182,2018-10-29,182500,184500,158500,160000,765730,7.75,3.27,43.53
1183,2018-10-30,155500,159500,147000,156500,894144,7.75,3.27,43.53
1184,2018-10-31,158000,159500,152000,153000,346956,7.75,3.27,43.53
1185,2018-11-01,156500,165000,156000,165000,474875,7.75,3.27,43.53
1186,2018-11-02,169000,176000,168000,175000,474916,7.75,3.27,43.53
1187,2018-11-05,174000,176000,170500,173500,212608,7.75,3.27,43.53
1188,2018-11-06,176500,177000,172500,174000,150207,7.75,3.27,43.53
1189,2018-11-07,176000,176000,166500,168000,299771,7.75,3.27,43.53
1190,2018-11-08,172000,173000,161500,162000,421435,7.75,3.27,43.53
1191,2018-11-09,162500,163000,155000,157000,363497,7.75,3.27,43.53
1192,2018-11-12,159500,162500,155500,157000,344268,7.75,3.27,43.53
1193,2018-11-13,154500,156500,150000,153000,305109,7.75,3.27,43.53
1194,2018-11-14,154000,155000,151000,153000,255421,7.75,3.27,43.53
1195,2018-11-15,157000,161500,155500,161500,1820365,7.75,3.27,43.53
1196,2018-11-16,164000,167500,160000,161000,451022,7.75,3.27,43.53
1197,2018-11-19,162500,162500,156500,158000,455582,7.75,3.27,43.53
1198,2018-11-20,155000,156000,149000,150000,532991,7.75,3.27,43.53
1199,2018-11-21,147500,157000,145500,155000,692204,7.75,3.27,43.53
1200,2018-11-22,155500,160500,155000,157500,1137112,7.75,3.27,43.53
1201,2018-11-23,159000,159000,152000,153000,338372,7.75,3.27,43.53
1202,2018-11-26,154000,156500,151500,155000,303010,7.75,3.27,43.53
1203,2018-11-27,156500,163000,155500,161500,735347,7.75,3.27,43.53
1204,2018-11-28,164000,170000,163000,169500,664561,7.75,3.27,43.53
1205,2018-11-29,172500,174000,165500,166500,388729,7.75,3.27,43.53
1206,2018-11-30,167000,174500,165000,172500,511618,7.75,3.27,43.53
1207,2018-12-03,177000,177500,173000,175500,476682,7.75,3.27,43.53
1208,2018-12-04,176000,176500,172000,174000,241516,7.75,3.27,43.53
1209,2018-12-05,168500,171000,167000,170000,244077,7.75,3.27,43.53
1210,2018-12-06,171500,172000,161000,161000,315289,7.75,3.27,43.53
1211,2018-12-07,163000,170500,163000,169500,329600,7.75,3.27,43.53
1212,2018-12-10,166500,175500,166000,174000,343276,7.75,3.27,43.53
1213,2018-12-11,174000,175500,170500,174500,306163,7.75,3.27,43.53
1214,2018-12-12,176000,189000,176000,188500,673079,7.75,3.27,43.53
1215,2018-12-13,189000,193500,185000,193500,671015,7.75,3.27,43.53
1216,2018-12-14,194500,195000,187000,187500,334943,7.75,3.27,43.53
1217,2018-12-17,187500,191500,182500,190000,349909,7.75,3.27,43.53
1218,2018-12-18,188500,200500,188000,200500,434394,7.75,3.27,43.53
1219,2018-12-19,201000,206500,199500,206000,310745,7.75,3.27,43.53
1220,2018-12-20,206000,208500,198500,206000,335722,7.75,3.27,43.53
1221,2018-12-21,206500,206500,200000,204000,267214,7.75,3.27,43.53
1222,2018-12-24,202500,202500,199000,200500,163942,7.75,3.27,43.53
1223,2018-12-26,194000,201500,194000,200000,162311,7.75,3.27,43.53
1224,2018-12-27,201000,210500,201000,209500,243557,7.75,3.27,43.53
1225,2018-12-28,209500,215500,208500,209500,206844,7.75,3.27,43.53
1226,2019-01-02,208000,211000,192000,193500,404377,5.36,3.05,57.8
1227,2019-01-03,195500,199500,192000,194500,250816,5.36,3.05,57.8
1228,2019-01-04,192500,193000,180000,186000,553488,5.36,3.05,57.8
1229,2019-01-07,187000,194000,183000,186000,353003,5.36,3.05,57.8
1230,2019-01-08,188500,192500,185500,188000,214280,5.36,3.05,57.8
1231,2019-01-09,188000,188000,180000,184000,375595,5.36,3.05,57.8
1232,2019-01-10,184000,187000,183000,184500,207021,5.36,3.05,57.8
1233,2019-01-11,183500,184000,180000,182000,248033,5.36,3.05,57.8
1234,2019-01-14,179500,190000,179500,185500,334776,5.36,3.05,57.8
1235,2019-01-15,188000,191000,186500,189500,187333,5.36,3.05,57.8
1236,2019-01-16,190500,190500,183000,183000,259797,5.36,3.05,57.8
1237,2019-01-17,182500,183000,174000,174500,446966,5.36,3.05,57.8
1238,2019-01-18,175500,178000,171000,172500,291240,5.36,3.05,57.8
1239,2019-01-21,174000,175000,172000,173500,209565,5.36,3.05,57.8
1240,2019-01-22,174000,178500,173000,175000,272796,5.36,3.05,57.8
1241,2019-01-23,174000,180000,174000,178000,211497,5.36,3.05,57.8
1242,2019-01-24,178500,181000,177000,178500,226410,5.36,3.05,57.8
1243,2019-01-25,178500,181500,178000,181000,262170,5.36,3.05,57.8
1244,2019-01-28,181500,182500,177500,180000,201988,5.36,3.05,57.8
1245,2019-01-29,178000,180500,176500,177000,157747,5.36,3.05,57.8
1246,2019-01-30,177000,179500,176000,178500,173990,5.36,3.05,57.8
1247,2019-01-31,179500,184500,176500,181500,404998,5.36,3.05,57.8
1248,2019-02-01,181500,187000,181500,182500,371918,5.36,3.05,57.8
1249,2019-02-07,182500,183000,175500,177500,316755,5.36,3.05,57.8
1250,2019-02-08,175500,177000,169000,170000,352057,5.36,3.05,57.8
1251,2019-02-11,170500,172000,169500,171500,199315,5.36,3.05,57.8
1252,2019-02-12,171500,172500,169500,170000,163002,5.36,3.05,57.8
1253,2019-02-13,170500,172500,170000,170000,184111,5.36,3.05,57.8
1254,2019-02-14,170500,174500,170000,172500,254451,5.36,3.05,57.8
1255,2019-02-15,172500,180000,172000,179500,297262,5.36,3.05,57.8
1256,2019-02-18,182000,187000,181000,185000,268841,5.36,3.05,57.8
1257,2019-02-20,187000,204500,184000,202000,808568,5.36,3.05,57.8
1258,2019-02-21,202000,206500,199000,201000,389787,5.36,3.05,57.8
1259,2019-02-22,202000,206000,195500,201000,288846,5.36,3.05,57.8
1260,2019-02-25,203000,206500,199000,206000,215961,5.36,3.05,57.8
1261,2019-02-26,205500,210000,204000,205000,265797,5.36,3.05,57.8
1262,2019-02-27,204000,205500,198000,203500,178961,5.36,3.05,57.8
1263,2019-02-28,203500,205000,200000,200000,195931,5.36,3.05,57.8
1264,2019-03-04,201500,205000,195000,195000,297559,5.36,3.05,57.8
1265,2019-03-05,196500,198500,194500,197500,131176,5.36,3.05,57.8
1266,2019-03-06,198500,199500,193500,194000,130417,5.36,3.05,57.8
1267,2019-03-07,194000,199000,192000,196500,152402,5.36,3.05,57.8
1268,2019-03-08,195000,203000,195000,197500,257567,5.36,3.05,57.8
1269,2019-03-11,198500,198500,186500,188500,285609,5.36,3.05,57.8
1270,2019-03-12,190000,191000,181000,182500,327847,5.36,3.05,57.8
1271,2019-03-13,182500,186000,181000,184500,217726,5.36,3.05,57.8
1272,2019-03-14,184500,188500,182500,186500,218710,5.36,3.05,57.8
1273,2019-03-15,186000,197000,185500,196000,280392,5.36,3.05,57.8
1274,2019-03-18,201000,206000,200000,204000,355270,5.36,3.05,57.8
1275,2019-03-19,205000,207000,200000,200000,224220,5.36,3.05,57.8
1276,2019-03-20,199000,201500,192000,198000,235195,5.36,3.05,57.8
1277,2019-03-21,197000,200000,192500,193000,186882,5.36,3.05,57.8
1278,2019-03-22,193000,197000,191000,193000,101623,5.36,3.05,57.8
1279,2019-03-25,190000,192000,187500,188000,117489,5.36,3.05,57.8
1280,2019-03-26,189500,195500,189500,192500,116153,5.36,3.05,57.8
1281,2019-03-27,194000,196500,188500,190000,114165,5.36,3.05,57.8
1282,2019-03-28,189000,189500,184000,185500,166344,5.36,3.05,57.8
1283,2019-03-29,187500,189000,181500,188500,239779,5.36,3.05,57.8
1284,2019-04-01,189500,195500,187500,195000,151378,5.36,3.05,57.8
1285,2019-04-02,195500,197000,192000,192500,96460,5.36,3.05,57.8
1286,2019-04-03,192000,196000,191000,195000,144406,5.36,3.05,57.8
1287,2019-04-04,196000,199500,194000,198000,179906,5.36,3.05,57.8
1288,2019-04-05,199500,200000,197000,198000,110413,5.36,3.05,57.8
1289,2019-04-08,200000,204000,198000,200500,201015,5.36,3.05,57.8
1290,2019-04-09,200500,207500,198000,207000,264193,5.36,3.05,57.8
1291,2019-04-10,206000,206000,200500,201500,163084,5.36,3.05,57.8
1292,2019-04-11,203500,204500,201500,204500,209044,5.36,3.05,57.8
1293,2019-04-12,203500,219000,201500,218000,506191,5.36,3.05,57.8
1294,2019-04-15,222500,235500,221000,234500,827285,5.36,3.05,57.8
1295,2019-04-16,232000,232500,226000,227000,247963,5.36,3.05,57.8
1296,2019-04-17,229500,234500,229000,232000,314838,5.36,3.05,57.8
1297,2019-04-18,230500,231500,225500,226000,192380,5.36,3.05,57.8
1298,2019-04-19,227000,240500,227000,233000,359142,5.36,3.05,57.8
1299,2019-04-22,233500,235500,229000,233000,182927,5.36,3.05,57.8
1300,2019-04-23,233500,240000,233500,235500,187454,5.36,3.05,57.8
1301,2019-04-24,236000,238000,230500,232500,197175,5.36,3.05,57.8
1302,2019-04-25,232500,234500,225000,227000,179762,5.36,3.05,57.8
1303,2019-04-26,227000,232000,224500,226500,233210,5.36,3.05,57.8
1304,2019-04-29,220500,223000,218500,221000,363153,5.36,3.05,57.8
1305,2019-04-30,219500,220000,206000,208000,536054,5.36,3.05,57.8
1306,2019-05-02,205500,214500,205000,212500,265520,5.36,3.05,57.8
1307,2019-05-03,211500,220500,210500,216500,219904,5.36,3.05,57.8
1308,2019-05-07,211000,214500,206500,212000,161305,5.36,3.05,57.8
1309,2019-05-08,207000,213000,207000,209500,96783,5.36,3.05,57.8
1310,2019-05-09,209500,213000,202000,202000,203000,5.36,3.05,57.8
1311,2019-05-10,201500,209500,200500,203500,179188,5.36,3.05,57.8
1312,2019-05-13,201000,204000,194000,196500,197844,5.36,3.05,57.8
1313,2019-05-14,195000,199000,190500,197500,229813,5.36,3.05,57.8
1314,2019-05-15,198000,205000,195500,200000,174553,5.36,3.05,57.8
1315,2019-05-16,199500,203000,199000,200000,111840,5.36,3.05,57.8
1316,2019-05-17,201000,203000,196500,197500,121093,5.36,3.05,57.8
1317,2019-05-20,196500,203500,193500,195000,148114,5.36,3.05,57.8
1318,2019-05-21,193500,197000,189500,190500,158056,5.36,3.05,57.8
1319,2019-05-22,191500,194500,189500,190500,113957,5.36,3.05,57.8
1320,2019-05-23,190000,190500,180000,186500,268622,5.36,3.05,57.8
1321,2019-05-24,183000,185000,177500,179000,254547,5.36,3.05,57.8
1322,2019-05-27,179500,182500,177500,182500,138266,5.36,3.05,57.8
1323,2019-05-28,182500,186500,181500,181500,253244,5.36,3.05,57.8
1324,2019-05-29,183500,185000,179500,180000,109653,5.36,3.05,57.8
1325,2019-05-30,180000,181500,172000,176000,278621,5.36,3.05,57.8
1326,2019-04-19,227000,240500,227000,233000,359142,5.36,3.05,57.8
1327,2019-06-03,176500,182000,175500,180000,153750,5.36,3.05,57.8
1328,2019-06-04,180500,181000,177000,177500,116299,5.36,3.05,57.8
1329,2019-06-05,180000,180500,177000,179500,164310,5.36,3.05,57.8
1330,2019-06-07,179500,181000,177000,180000,162563,5.36,3.05,57.8
1331,2019-06-10,180000,180500,176000,177000,156067,5.36,3.05,57.8
1332,2019-06-11,177000,179000,176000,177500,138598,5.36,3.05,57.8
1333,2019-06-12,177000,178000,174000,174500,171774,5.36,3.05,57.8
1334,2019-06-13,174000,175500,172500,175000,200398,5.36,3.05,57.8
1335,2019-06-14,174500,175000,167500,169000,258720,5.36,3.05,57.8
1336,2019-06-17,169500,171500,169500,170000,197354,5.36,3.05,57.8
1337,2019-06-18,170000,172500,169500,170500,150515,5.36,3.05,57.8
1338,2019-06-19,172000,175000,170500,171500,228879,5.36,3.05,57.8
1339,2019-06-20,171500,172500,170000,171000,121656,5.36,3.05,57.8
1340,2019-06-21,171500,172000,169500,171500,151251,5.36,3.05,57.8
1341,2019-06-24,171500,171500,168500,169500,122663,5.36,3.05,57.8
1342,2019-06-25,169000,172500,167000,167500,138968,5.36,3.05,57.8
1343,2019-06-26,168000,169000,162500,163500,239907,5.36,3.05,57.8
1344,2019-06-27,162500,167000,161500,166000,320374,5.36,3.05,57.8
1345,2019-06-28,166000,167000,163500,164500,130697,5.36,3.05,57.8
1346,2019-07-01,167500,170000,163500,164000,230858,5.36,3.05,57.8
1347,2019-07-02,164000,165000,159500,160000,212482,5.36,3.05,57.8
1348,2019-07-03,160500,161500,155500,157000,289630,5.36,3.05,57.8
1349,2019-07-04,157500,162000,155500,161500,182021,5.36,3.05,57.8
1350,2019-07-05,162000,170000,161000,169000,421907,5.36,3.05,57.8
1351,2019-07-08,168500,168500,161500,162000,237813,5.36,3.05,57.8
1352,2019-07-09,162000,163500,158000,159000,205161,5.36,3.05,57.8
1353,2019-07-10,159500,161000,158500,159000,150813,5.36,3.05,57.8
1354,2019-07-11,159000,167000,159000,165000,219312,5.36,3.05,57.8
1355,2019-07-12,165500,165500,160500,162000,168817,5.36,3.05,57.8
1356,2019-07-15,163000,164500,160000,161500,107389,5.36,3.05,57.8
1357,2019-07-16,160000,165500,160000,165000,168541,5.36,3.05,57.8
1358,2019-07-17,164000,164000,157000,159500,248282,5.36,3.05,57.8
1359,2019-07-18,159000,161000,157500,158500,152094,5.36,3.05,57.8
1360,2019-07-19,160000,161500,157500,159500,148986,5.36,3.05,57.8
1361,2019-07-22,159500,160000,158000,159500,77981,5.36,3.05,57.8
1362,2019-07-23,160000,161500,157500,158500,190831,5.36,3.05,57.8
1363,2019-07-24,160000,160500,156000,156500,118250,5.36,3.05,57.8
1364,2019-07-25,156000,157000,152500,153500,258551,5.36,3.05,57.8
1365,2019-07-26,153500,156000,153000,155000,220662,5.36,3.05,57.8
1366,2019-07-29,155500,157500,150500,151000,204746,5.36,3.05,57.8
1367,2019-07-30,151000,152000,148500,149000,208577,5.36,3.05,57.8
1368,2019-07-31,150000,151000,139000,140000,695519,5.36,3.05,57.8
1369,2019-08-01,137000,137500,131000,133500,710909,5.36,3.05,57.8
1370,2019-08-02,131000,134000,130000,130500,386411,5.36,3.05,57.8
1371,2019-08-05,130000,130500,124000,124000,452317,5.36,3.05,57.8
1372,2019-08-06,118500,124500,118000,123000,450070,5.36,3.05,57.8
1373,2019-08-07,124000,126000,122500,123000,352748,5.36,3.05,57.8
1374,2019-08-08,125000,129000,123000,125000,563433,5.36,3.05,57.8
1375,2019-08-09,126500,128000,124500,125000,222568,5.36,3.05,57.8
1376,2019-08-12,125500,127500,123500,125000,186686,5.36,3.05,57.8
1377,2019-08-13,124000,131000,123500,129000,285432,5.36,3.05,57.8
1378,2019-08-14,130500,131000,125500,126000,176198,5.36,3.05,57.8
1379,2019-08-16,125500,125500,122000,124000,137137,5.36,3.05,57.8
1380,2019-08-19,125000,127000,122500,123500,136112,5.36,3.05,57.8
1381,2019-08-20,124000,128000,122000,128000,283364,5.36,3.05,57.8
1382,2019-08-21,127500,127500,125000,126000,161763,5.36,3.05,57.8
1383,2019-08-22,126500,129000,125500,126000,196614,5.36,3.05,57.8
1384,2019-08-23,124000,126000,124000,124000,226745,5.36,3.05,57.8
1385,2019-08-26,121000,122500,120000,120500,151020,5.36,3.05,57.8
1386,2019-08-27,122000,123000,121000,122000,187623,5.36,3.05,57.8
1387,2019-08-28,121500,123500,121000,123500,135151,5.36,3.05,57.8
1388,2019-08-29,124000,127000,123500,124000,257442,5.36,3.05,57.8
1389,2019-08-30,126000,133000,125500,130000,517046,5.36,3.05,57.8
1390,2019-09-02,130500,134000,129500,131500,244664,5.36,3.05,57.8
1391,2019-09-03,132000,144000,132000,141500,838557,5.36,3.05,57.8
1392,2019-09-04,140000,141000,138500,139000,422264,5.36,3.05,57.8
1393,2019-09-05,140500,141500,138500,141000,591337,5.36,3.05,57.8
1394,2019-09-06,141000,141500,135500,136500,286999,5.36,3.05,57.8
1395,2019-09-09,138000,141000,137000,139500,332627,5.36,3.05,57.8
1396,2019-09-10,140000,141000,138500,139500,227670,5.36,3.05,57.8
1397,2019-09-11,141000,144000,139000,142000,392989,5.36,3.05,57.8
1398,2019-09-16,144500,145500,142000,143500,306013,5.36,3.05,57.8
1399,2019-09-17,144000,144000,137500,138500,315479,5.36,3.05,57.8
1400,2019-09-18,138000,139500,137500,138500,141334,5.36,3.05,57.8
1401,2019-09-19,139000,139500,137500,138500,181118,5.36,3.05,57.8
1402,2019-09-20,139000,140000,133000,139500,512387,5.36,3.05,57.8
1403,2019-09-23,139000,139500,137500,137500,114319,5.36,3.05,57.8
1404,2019-09-24,141500,141500,138500,140500,198588,5.36,3.05,57.8
1405,2019-09-25,140500,141500,138500,139000,212045,5.36,3.05,57.8
1406,2019-09-26,139500,140500,137000,138000,151541,5.36,3.05,57.8
1407,2019-09-27,139000,148500,138500,145000,547888,5.36,3.05,57.8
1408,2019-09-30,145000,147500,140000,140500,295326,5.36,3.05,57.8
1409,2019-10-01,140500,144000,139500,143500,194949,5.36,3.05,57.8
1410,2019-10-02,141500,145000,141000,144000,283990,5.36,3.05,57.8
1411,2019-10-04,143000,148000,143000,144500,356898,5.36,3.05,57.8
1412,2019-10-07,147500,148500,145000,146000,185641,5.36,3.05,57.8
1413,2019-10-08,147500,153000,146000,150000,341789,5.36,3.05,57.8
1414,2019-10-10,148000,149500,144000,145000,386566,5.36,3.05,57.8
1415,2019-10-11,150500,152000,148000,149500,274888,5.36,3.05,57.8
1416,2019-10-14,150500,153500,149000,152500,229765,5.36,3.05,57.8
1417,2019-10-15,151000,152000,150000,150000,170489,5.36,3.05,57.8
1418,2019-10-16,151000,155000,150000,154500,197612,5.36,3.05,57.8
1419,2019-10-17,155500,156500,152500,153000,129029,5.36,3.05,57.8
1420,2019-10-18,154500,159000,154000,155500,317277,5.36,3.05,57.8
1421,2019-10-21,155000,156500,150500,153000,186612,5.36,3.05,57.8
1422,2019-10-22,156000,158500,154500,158000,189512,5.36,3.05,57.8
1423,2019-10-23,158000,159000,157000,158500,115283,5.36,3.05,57.8
1424,2019-10-24,157500,159000,156500,158500,152654,5.36,3.05,57.8
1425,2019-10-25,158500,159500,156500,157000,119034,5.36,3.05,57.8
1426,2019-10-28,158500,158500,151500,155500,210407,5.36,3.05,57.8
1427,2019-10-29,157000,161000,156500,161000,298958,5.36,3.05,57.8
1428,2019-10-30,163000,185500,159500,184000,1310133,5.36,3.05,57.8
1429,2019-10-31,187500,199000,184000,192000,1116590,5.36,3.05,57.8
1430,2019-11-01,192000,197000,190000,196000,387009,5.36,3.05,57.8
1431,2019-11-04,196000,198000,193500,196000,227870,5.36,3.05,57.8
1432,2019-11-05,197000,203000,194000,202000,386055,5.36,3.05,57.8
1433,2019-11-06,203000,208500,202000,207500,394839,5.36,3.05,57.8
1434,2019-11-07,206500,210000,202500,204500,395396,5.36,3.05,57.8
1435,2019-11-08,208000,208000,190500,191500,731956,5.36,3.05,57.8
1436,2019-11-11,192000,194000,185500,188000,364946,5.36,3.05,57.8
1437,2019-11-12,190000,190000,184000,189000,346179,5.36,3.05,57.8
1438,2019-11-13,187000,188000,181500,182000,260107,5.36,3.05,57.8
1439,2019-11-14,182000,186500,179500,185500,290685,5.36,3.05,57.8
1440,2019-11-15,187500,190500,184500,189000,218392,5.36,3.05,57.8
1441,2019-11-18,189000,189500,183000,183500,220422,5.36,3.05,57.8
1442,2019-11-19,182500,184000,180500,182000,273350,5.36,3.05,57.8
1443,2019-11-20,181000,183000,176500,181000,335271,5.36,3.05,57.8
1444,2019-11-21,181000,185500,181000,184000,284521,5.36,3.05,57.8
1445,2019-11-22,183000,186000,181000,184500,148962,5.36,3.05,57.8
1446,2019-11-25,185000,191000,185000,186500,238255,5.36,3.05,57.8
1447,2019-11-26,187500,188500,180500,180500,437215,5.36,3.05,57.8
1448,2019-11-27,182500,188000,181500,185500,295615,5.36,3.05,57.8
1449,2019-11-28,184000,194000,183500,191500,389658,5.36,3.05,57.8
1450,2019-11-29,195500,199500,188500,189000,437398,5.36,3.05,57.8
1451,2019-12-02,189000,194500,189000,192500,151242,5.36,3.05,57.8
1452,2019-12-03,191500,195000,187000,194000,224897,5.36,3.05,57.8
1453,2019-12-04,190500,192000,188000,190500,163372,5.36,3.05,57.8
1454,2019-12-05,191000,192500,182500,186000,281644,5.36,3.05,57.8
1455,2019-12-06,185500,189000,185500,188500,129620,5.36,3.05,57.8
1456,2019-12-09,187000,189000,183000,186000,138776,5.36,3.05,57.8
1457,2019-12-10,186000,193000,186000,192500,184479,5.36,3.05,57.8
1458,2019-12-11,193000,194500,190000,193000,167907,5.36,3.05,57.8
1459,2019-12-12,194500,195500,191000,194500,222499,5.36,3.05,57.8
1460,2019-12-13,196500,200000,195000,195500,183187,5.36,3.05,57.8
1461,2019-12-16,195000,196500,192000,192500,102410,5.36,3.05,57.8
1462,2019-12-17,192000,195000,192000,194000,107457,5.36,3.05,57.8
1463,2019-12-18,193500,199000,193500,198000,144815,5.36,3.05,57.8
1464,2019-12-19,197500,200500,196000,200000,213728,5.36,3.05,57.8
1465,2019-12-20,201500,203500,199500,201500,295415,5.36,3.05,57.8
1466,2019-12-23,202500,203000,196500,196500,224884,5.36,3.05,57.8
1467,2019-12-24,196500,199000,195000,198000,95794,5.36,3.05,57.8
1468,2019-12-26,199500,199500,193500,196500,158943,5.36,3.05,57.8
1469,2019-12-27,194000,199000,193500,195000,133224,5.36,3.05,57.8
1470,2019-12-30,195500,200000,195500,200000,138099,5.36,3.05,57.8