,Date,Open,High,Low,Close,Volume,ROE,PBR,PER 
0,2014-01-02,268000,273000,266500,270000,92523,4.3,0.9,19.5
1,2014-01-03,269000,272500,256500,258000,79640,4.3,0.9,19.5
2,2014-01-06,260500,262000,255000,258500,76791,4.3,0.9,19.5
3,2014-01-07,258000,268500,257000,268500,91734,4.3,0.9,19.5
4,2014-01-08,265500,272000,262000,267500,102796,4.3,0.9,19.5
5,2014-01-09,270000,272000,266500,269000,95466,4.3,0.9,19.5
6,2014-01-10,268000,271000,256000,256000,70178,4.3,0.9,19.5
7,2014-01-13,257000,261000,256000,258500,54818,4.3,0.9,19.5
8,2014-01-14,256500,262500,256000,261000,40130,4.3,0.9,19.5
9,2014-01-15,260500,263500,257500,261500,37052,4.3,0.9,19.5
10,2014-01-16,260000,266000,260000,265000,35977,4.3,0.9,19.5
11,2014-01-17,263500,267000,253000,253000,61293,4.3,0.9,19.5
12,2014-01-20,253500,257500,252000,252500,46724,4.3,0.9,19.5
13,2014-01-21,252500,256500,247000,252500,50562,4.3,0.9,19.5
14,2014-01-22,253500,256500,251000,253000,48305,4.3,0.9,19.5
15,2014-01-23,252500,253000,242000,245500,115790,4.3,0.9,19.5
16,2014-01-24,242500,250000,242000,244000,51761,4.3,0.9,19.5
17,2014-01-27,241500,250000,236500,247000,55653,4.3,0.9,19.5
18,2014-01-28,254000,259000,250000,259000,73144,4.3,0.9,19.5
19,2014-01-29,263000,263000,257500,260000,95079,4.3,0.9,19.5
20,2014-02-03,254500,260500,251000,258500,61404,4.3,0.9,19.5
21,2014-02-04,257500,261500,252000,253000,85726,4.3,0.9,19.5
22,2014-02-05,260000,261500,259500,261500,61325,4.3,0.9,19.5
23,2014-02-06,265000,272000,262000,264000,108564,4.3,0.9,19.5
24,2014-02-07,267000,268500,260500,262500,104960,4.3,0.9,19.5
25,2014-02-10,264500,270000,261500,265500,39017,4.3,0.9,19.5
26,2014-02-11,263000,267000,259500,262500,54737,4.3,0.9,19.5
27,2014-02-12,260500,264500,260000,264500,75245,4.3,0.9,19.5
28,2014-02-13,262500,264000,256000,258500,48454,4.3,0.9,19.5
29,2014-02-14,257500,262000,257000,260000,39910,4.3,0.9,19.5
30,2014-02-17,263000,263000,258000,260000,13590,4.3,0.9,19.5
31,2014-02-18,258500,260000,255500,257500,28954,4.3,0.9,19.5
32,2014-02-19,256000,259000,255500,258000,30553,4.3,0.9,19.5
33,2014-02-20,257000,259000,253000,254500,38894,4.3,0.9,19.5
34,2014-02-21,255000,258500,253500,254500,36633,4.3,0.9,19.5
35,2014-02-24,254000,257000,251000,252000,36016,4.3,0.9,19.5
36,2014-02-25,253000,255000,249500,250000,82361,4.3,0.9,19.5
37,2014-02-26,253000,262000,248500,260000,175281,4.3,0.9,19.5
38,2014-02-27,260000,265000,259000,264500,55401,4.3,0.9,19.5
39,2014-02-28,261500,262000,253500,254000,83274,4.3,0.9,19.5
40,2014-03-03,253000,258500,251000,254500,43547,4.3,0.9,19.5
41,2014-03-04,253000,258000,252500,257500,41314,4.3,0.9,19.5
42,2014-03-05,257500,258500,249500,251000,91209,4.3,0.9,19.5
43,2014-03-06,253000,254000,251000,253000,69686,4.3,0.9,19.5
44,2014-03-07,253500,254000,242500,245000,129525,4.3,0.9,19.5
45,2014-03-10,246500,250000,243000,250000,81196,4.3,0.9,19.5
46,2014-03-11,251000,254500,249500,254500,50146,4.3,0.9,19.5
47,2014-03-12,251500,254000,246500,247500,37233,4.3,0.9,19.5
48,2014-03-13,246000,247500,243000,243000,66872,4.3,0.9,19.5
49,2014-03-14,244000,245500,240000,242500,74659,4.3,0.9,19.5
50,2014-03-17,243500,254000,242500,248500,51154,4.3,0.9,19.5
51,2014-03-18,249000,252000,248000,250000,27978,4.3,0.9,19.5
52,2014-03-19,250500,250500,234000,234000,210953,4.3,0.9,19.5
53,2014-03-20,233500,237000,231500,235000,35029,4.3,0.9,19.5
54,2014-03-21,237000,239500,236000,238000,53737,4.3,0.9,19.5
55,2014-03-24,238500,240000,237000,239500,26436,4.3,0.9,19.5
56,2014-03-25,239000,242500,235500,242500,51169,4.3,0.9,19.5
57,2014-03-26,244000,247000,242500,245500,52056,4.3,0.9,19.5
58,2014-03-27,247000,253000,244000,249000,51714,4.3,0.9,19.5
59,2014-03-28,249000,252000,242500,250500,58741,4.3,0.9,19.5
60,2014-03-31,247500,250000,241500,244000,49330,4.3,0.9,19.5
61,2014-04-01,240500,246000,240000,240000,86481,4.3,0.9,19.5
62,2014-04-02,241000,249500,240000,248500,94845,4.3,0.9,19.5
63,2014-04-03,256000,256000,240000,240000,65799,4.3,0.9,19.5
64,2014-04-04,242500,245500,240500,243500,71861,4.3,0.9,19.5
65,2014-04-07,243500,246000,241500,246000,28552,4.3,0.9,19.5
66,2014-04-08,244000,247000,243000,244500,29101,4.3,0.9,19.5
67,2014-04-09,244500,251500,244500,251000,42405,4.3,0.9,19.5
68,2014-04-10,249500,251000,246500,248000,66903,4.3,0.9,19.5
69,2014-04-11,244500,247500,242500,244000,44145,4.3,0.9,19.5
70,2014-04-14,243000,249500,242000,248000,31447,4.3,0.9,19.5
71,2014-04-15,253000,258000,248500,256000,91455,4.3,0.9,19.5
72,2014-04-16,252000,254000,243500,245000,75050,4.3,0.9,19.5
73,2014-04-17,246500,249500,243500,248000,44082,4.3,0.9,19.5
74,2014-04-18,248000,253000,246000,252500,28909,4.3,0.9,19.5
75,2014-04-21,250000,252500,248500,250000,9559,4.3,0.9,19.5
76,2014-04-22,248500,249500,245500,247000,31866,4.3,0.9,19.5
77,2014-04-23,252500,256500,243500,243500,48881,4.3,0.9,19.5
78,2014-04-24,244000,246000,240500,243000,40099,4.3,0.9,19.5
79,2014-04-25,241000,243000,235000,238500,69481,4.3,0.9,19.5
80,2014-04-28,238500,242000,237000,238500,29842,4.3,0.9,19.5
81,2014-04-29,239500,242000,237000,237500,35392,4.3,0.9,19.5
82,2014-04-30,237500,240000,235500,236000,92719,4.3,0.9,19.5
83,2014-05-02,236500,240000,236000,238000,43182,4.3,0.9,19.5
84,2014-05-07,240500,246000,237500,237500,87436,4.3,0.9,19.5
85,2014-05-08,241500,244500,235000,236000,58514,4.3,0.9,19.5
86,2014-05-09,236000,238000,234000,236000,45111,4.3,0.9,19.5
87,2014-05-12,236000,237000,230000,234000,82045,4.3,0.9,19.5
88,2014-05-13,232500,234500,226000,228500,111001,4.3,0.9,19.5
89,2014-05-14,230500,233500,229000,233500,122724,4.3,0.9,19.5
90,2014-05-15,233000,235000,232000,233500,43722,4.3,0.9,19.5
91,2014-05-16,233500,235000,232000,235000,61258,4.3,0.9,19.5
92,2014-05-19,233500,235500,233000,234500,29468,4.3,0.9,19.5
93,2014-05-20,233500,235000,230500,233500,49908,4.3,0.9,19.5
94,2014-05-21,232500,232500,225500,230500,137928,4.3,0.9,19.5
95,2014-05-22,229000,232500,227500,229000,58879,4.3,0.9,19.5
96,2014-05-23,230000,236500,229000,236000,74518,4.3,0.9,19.5
97,2014-05-26,236000,239000,234500,236000,27240,4.3,0.9,19.5
98,2014-05-27,238000,238000,235000,235500,33329,4.3,0.9,19.5
99,2014-05-28,234000,242000,234000,238500,64508,4.3,0.9,19.5
100,2014-05-29,239000,240500,234000,236000,39981,4.3,0.9,19.5
101,2014-05-30,235000,237500,230500,234000,56855,4.3,0.9,19.5
102,2014-06-02,234000,236500,233500,234000,27426,4.3,0.9,19.5
103,2014-06-03,231000,235000,225000,235000,83930,4.3,0.9,19.5
104,2014-06-05,235500,235500,226000,228000,92030,4.3,0.9,19.5
105,2014-06-09,234000,239500,232000,238000,59576,4.3,0.9,19.5
106,2014-06-10,238500,242000,237000,241500,40001,4.3,0.9,19.5
107,2014-06-11,240000,250500,240000,249500,73390,4.3,0.9,19.5
108,2014-06-12,246000,247000,243000,247000,63479,4.3,0.9,19.5
109,2014-06-13,243500,244000,235500,236000,87662,4.3,0.9,19.5
110,2014-06-16,236000,238500,232000,235500,46101,4.3,0.9,19.5
111,2014-06-17,236000,240000,233500,237000,45659,4.3,0.9,19.5
112,2014-06-18,239000,240000,232500,233500,55305,4.3,0.9,19.5
113,2014-06-19,237000,238500,233500,235000,34946,4.3,0.9,19.5
114,2014-06-20,236500,239500,231000,231000,73987,4.3,0.9,19.5
115,2014-06-23,231000,233500,228500,228500,59926,4.3,0.9,19.5
116,2014-06-24,228500,230000,226500,228500,92653,4.3,0.9,19.5
117,2014-06-25,229500,231000,228000,228500,42641,4.3,0.9,19.5
118,2014-06-26,231500,236000,230000,233000,75475,4.3,0.9,19.5
119,2014-06-27,233000,234000,229500,230000,50669,4.3,0.9,19.5
120,2014-06-30,232500,233000,230000,232000,51806,4.3,0.9,19.5
121,2014-07-01,231500,235500,228000,235500,82343,4.3,0.9,19.5
122,2014-07-02,234500,235500,232000,235500,54319,4.3,0.9,19.5
123,2014-07-03,234000,238500,234000,236500,44889,4.3,0.9,19.5
124,2014-07-04,237000,242500,236500,239000,69753,4.3,0.9,19.5
125,2014-07-07,240000,240000,236000,239000,39501,4.3,0.9,19.5
126,2014-07-08,239500,241000,236500,239500,44453,4.3,0.9,19.5
127,2014-07-09,238000,240000,236500,239000,42201,4.3,0.9,19.5
128,2014-07-10,239500,239500,234500,236500,35182,4.3,0.9,19.5
129,2014-07-11,235000,236500,233500,234000,31528,4.3,0.9,19.5
130,2014-07-14,234500,236500,230500,231000,62143,4.3,0.9,19.5
131,2014-07-15,230000,232000,228000,228500,67175,4.3,0.9,19.5
132,2014-07-16,228500,231000,227000,228500,57113,4.3,0.9,19.5
133,2014-07-17,227500,230000,227500,229000,43556,4.3,0.9,19.5
134,2014-07-18,228500,229500,227000,228000,79254,4.3,0.9,19.5
135,2014-07-21,228000,234000,226500,232500,85720,4.3,0.9,19.5
136,2014-07-22,230500,237500,230000,236500,56240,4.3,0.9,19.5
137,2014-07-23,235500,243500,235000,241500,147052,4.3,0.9,19.5
138,2014-07-24,237500,239500,229000,229000,167126,4.3,0.9,19.5
139,2014-07-25,230000,232500,226000,228000,145044,4.3,0.9,19.5
140,2014-07-28,228500,233000,228000,231000,99468,4.3,0.9,19.5
141,2014-07-29,233000,234000,232000,232000,55790,4.3,0.9,19.5
142,2014-07-30,233000,234500,231000,231000,100033,4.3,0.9,19.5
143,2014-07-31,231000,234500,231000,232500,131031,4.3,0.9,19.5
144,2014-08-01,235000,242000,232500,239500,100146,4.3,0.9,19.5
145,2014-08-04,238500,241500,238500,240500,45236,4.3,0.9,19.5
146,2014-08-05,240500,241500,238500,240500,45525,4.3,0.9,19.5
147,2014-08-06,241500,241500,238000,238500,38382,4.3,0.9,19.5
148,2014-08-07,237500,238500,234000,236000,77387,4.3,0.9,19.5
149,2014-08-08,236000,237000,233500,235500,44555,4.3,0.9,19.5
150,2014-08-11,235000,239500,233500,239000,36645,4.3,0.9,19.5
151,2014-08-12,238000,241000,235500,236500,39024,4.3,0.9,19.5
152,2014-08-13,238000,243000,236500,242500,52130,4.3,0.9,19.5
153,2014-08-14,241000,250000,241000,247500,71753,4.3,0.9,19.5
154,2014-08-18,242000,247500,240500,243000,50900,4.3,0.9,19.5
155,2014-08-19,241000,243000,240000,242000,60889,4.3,0.9,19.5
156,2014-08-20,241500,242000,235000,235500,115084,4.3,0.9,19.5
157,2014-08-21,236000,236000,230000,231500,123809,4.3,0.9,19.5
158,2014-08-22,231000,232000,230000,231500,118489,4.3,0.9,19.5
159,2014-08-25,232500,234500,231000,231500,48958,4.3,0.9,19.5
160,2014-08-26,233000,235500,232500,235500,25027,4.3,0.9,19.5
161,2014-08-27,236500,246500,236000,246500,130672,4.3,0.9,19.5
162,2014-08-28,245000,254000,245000,249500,100135,4.3,0.9,19.5
163,2014-08-29,249500,250500,242500,244000,47260,4.3,0.9,19.5
164,2014-09-01,242000,244000,239500,242000,21351,4.3,0.9,19.5
165,2014-09-02,240500,245000,239000,240500,25711,4.3,0.9,19.5
166,2014-09-03,238500,243000,238500,242500,35573,4.3,0.9,19.5
167,2014-09-04,243500,243500,240500,241500,49579,4.3,0.9,19.5
168,2014-09-05,240000,240500,234500,235000,68273,4.3,0.9,19.5
169,2014-09-11,237000,237500,231500,231500,82759,4.3,0.9,19.5
170,2014-09-12,232500,235500,231000,231500,40880,4.3,0.9,19.5
171,2014-09-15,232000,236500,232000,234500,29373,4.3,0.9,19.5
172,2014-09-16,236500,237000,233500,235000,29858,4.3,0.9,19.5
173,2014-09-17,234000,235500,232000,234000,36800,4.3,0.9,19.5
174,2014-09-18,234500,236500,232500,235000,45160,4.3,0.9,19.5
175,2014-09-19,235500,237000,233000,233000,61836,4.3,0.9,19.5
176,2014-09-22,234500,235000,232000,232500,30580,4.3,0.9,19.5
177,2014-09-23,233000,233000,228500,230500,89324,4.3,0.9,19.5
178,2014-09-24,230500,235000,229500,234500,33669,4.3,0.9,19.5
179,2014-09-25,235500,240000,233500,235000,57620,4.3,0.9,19.5
180,2014-09-26,234500,235500,231000,233000,26018,4.3,0.9,19.5
181,2014-09-29,232000,236500,232000,233000,48042,4.3,0.9,19.5
182,2014-09-30,233500,235000,229000,230500,51474,4.3,0.9,19.5
183,2014-10-01,229000,231500,229000,229500,33153,4.3,0.9,19.5
184,2014-10-02,230000,232000,215000,219000,124404,4.3,0.9,19.5
185,2014-10-06,221000,223000,214500,215000,81546,4.3,0.9,19.5
186,2014-10-07,215000,215000,209000,212500,106216,4.3,0.9,19.5
187,2014-10-08,211000,213000,209500,211000,45628,4.3,0.9,19.5
188,2014-10-10,213500,213500,209500,210500,73386,4.3,0.9,19.5
189,2014-10-13,210000,213500,204500,206500,49930,4.3,0.9,19.5
190,2014-10-14,207500,208000,200500,201000,84804,4.3,0.9,19.5
191,2014-10-15,201000,206500,201000,203500,104163,4.3,0.9,19.5
192,2014-10-16,202500,202500,197000,201500,144621,4.3,0.9,19.5
193,2014-10-17,197000,201000,197000,199000,113888,4.3,0.9,19.5
194,2014-10-20,201000,208000,200500,207000,60590,4.3,0.9,19.5
195,2014-10-21,204500,206000,202500,205000,58176,4.3,0.9,19.5
196,2014-10-22,206000,208000,203000,204500,55003,4.3,0.9,19.5
197,2014-10-23,203500,206000,202000,203000,49574,4.3,0.9,19.5
198,2014-10-24,204000,206000,203000,206000,48180,4.3,0.9,19.5
199,2014-10-27,208000,210500,205000,209000,43992,4.3,0.9,19.5
200,2014-10-28,208000,208500,199000,199000,63078,4.3,0.9,19.5
201,2014-10-29,200000,205000,197000,202500,75606,4.3,0.9,19.5
202,2014-10-30,203000,203500,198000,203000,44754,4.3,0.9,19.5
203,2014-10-31,203000,203000,198000,198000,69617,4.3,0.9,19.5
204,2014-11-03,196500,199000,195000,197500,57023,4.3,0.9,19.5
205,2014-11-04,204500,204500,200000,204000,83066,4.3,0.9,19.5
206,2014-11-05,205500,206000,201500,204500,52248,4.3,0.9,19.5
207,2014-11-06,203000,208500,202500,208000,49635,4.3,0.9,19.5
208,2014-11-07,205000,209000,202000,207500,63204,4.3,0.9,19.5
209,2014-11-10,206000,207000,200000,204000,66316,4.3,0.9,19.5
210,2014-11-11,206000,209500,202000,202000,65310,4.3,0.9,19.5
211,2014-11-12,201500,204500,200000,201500,49574,4.3,0.9,19.5
212,2014-11-13,201000,205500,200500,203000,28652,4.3,0.9,19.5
213,2014-11-14,207000,216000,205500,214500,141684,4.3,0.9,19.5
214,2014-11-17,215000,216000,210500,211500,69115,4.3,0.9,19.5
215,2014-11-18,212500,219000,211500,216500,61587,4.3,0.9,19.5
216,2014-11-19,218000,219000,210000,214500,64011,4.3,0.9,19.5
217,2014-11-20,214500,215000,211000,214000,36322,4.3,0.9,19.5
218,2014-11-21,215000,217500,213500,217000,35069,4.3,0.9,19.5
219,2014-11-24,216000,221500,215000,218000,53628,4.3,0.9,19.5
220,2014-11-25,219000,220500,216500,218500,45910,4.3,0.9,19.5
221,2014-11-26,219500,223000,216500,220500,41013,4.3,0.9,19.5
222,2014-11-27,218000,220500,215500,218500,16066,4.3,0.9,19.5
223,2014-11-28,216000,220500,216000,220000,23663,4.3,0.9,19.5
224,2014-12-01,215000,219000,214500,219000,28406,4.3,0.9,19.5
225,2014-12-02,216000,224500,216000,224500,65894,4.3,0.9,19.5
226,2014-12-03,221500,225000,219500,222000,57674,4.3,0.9,19.5
227,2014-12-04,220500,229500,220500,224000,60495,4.3,0.9,19.5
228,2014-12-05,226000,227500,221500,224000,28951,4.3,0.9,19.5
229,2014-12-08,221000,223500,217000,219000,29814,4.3,0.9,19.5
230,2014-12-09,221500,223500,219000,220000,34384,4.3,0.9,19.5
231,2014-12-10,219000,222000,214500,220500,30371,4.3,0.9,19.5
232,2014-12-11,216000,224000,215000,217500,76602,4.3,0.9,19.5
233,2014-12-12,219000,221000,215500,217500,26708,4.3,0.9,19.5
234,2014-12-15,224000,241500,222500,230000,174327,4.3,0.9,19.5
235,2014-12-16,231000,232000,218000,218500,106530,4.3,0.9,19.5
236,2014-12-17,219500,222500,218000,218500,113881,4.3,0.9,19.5
237,2014-12-18,222000,222000,216500,219500,57964,4.3,0.9,19.5
238,2014-12-19,218500,220000,212000,214000,76506,4.3,0.9,19.5
239,2014-12-22,212500,214500,211500,212500,55162,4.3,0.9,19.5
240,2014-12-23,212500,214500,211000,212000,33382,4.3,0.9,19.5
241,2014-12-24,212500,212500,208000,208500,44692,4.3,0.9,19.5
242,2014-12-26,207500,210500,207500,209500,30963,4.3,0.9,19.5
243,2014-12-29,208000,210500,205500,205500,13195,4.3,0.9,19.5
244,2014-12-30,204500,208000,202500,203000,31456,4.3,0.9,19.5
245,2015-01-02,203000,210000,202500,208500,43998,6.54,0.75,11.59
246,2015-01-05,205500,208000,199500,205500,49747,6.54,0.75,11.59
247,2015-01-06,203000,205500,200500,202000,28566,6.54,0.75,11.59
248,2015-01-07,202000,203000,199000,199500,25871,6.54,0.75,11.59
249,2015-01-08,202500,206000,201500,205500,39498,6.54,0.75,11.59
250,2015-01-09,207000,208000,203000,206000,23636,6.54,0.75,11.59
251,2015-01-12,204500,211000,204500,211000,25867,6.54,0.75,11.59
252,2015-01-13,211000,213500,207500,213000,43485,6.54,0.75,11.59
253,2015-01-14,211000,216000,209500,212000,34837,6.54,0.75,11.59
254,2015-01-15,210000,214000,208500,214000,23571,6.54,0.75,11.59
255,2015-01-16,210000,216500,210000,215500,41003,6.54,0.75,11.59
256,2015-01-19,216000,218000,214000,216000,15911,6.54,0.75,11.59
257,2015-01-20,217000,217000,213000,214000,18985,6.54,0.75,11.59
258,2015-01-21,212500,218500,212500,218500,28561,6.54,0.75,11.59
259,2015-01-22,218500,223000,216500,222500,52223,6.54,0.75,11.59
260,2015-01-23,220500,222000,213500,216500,52623,6.54,0.75,11.59
261,2015-01-26,217000,218000,213000,217000,38743,6.54,0.75,11.59
262,2015-01-27,220000,223500,218000,221000,43007,6.54,0.75,11.59
263,2015-01-28,216500,221000,215000,217500,52437,6.54,0.75,11.59
264,2015-01-29,215500,216000,211000,215000,65547,6.54,0.75,11.59
265,2015-01-30,215500,216000,208000,208000,82132,6.54,0.75,11.59
266,2015-02-02,205500,209500,205500,209500,44266,6.54,0.75,11.59
267,2015-02-03,209500,210000,200500,203500,95807,6.54,0.75,11.59
268,2015-02-04,206000,213000,204000,212000,85923,6.54,0.75,11.59
269,2015-02-05,208000,211500,206000,208500,47627,6.54,0.75,11.59
270,2015-02-06,207500,215000,206000,215000,42665,6.54,0.75,11.59
271,2015-02-09,216000,217500,212000,216500,38006,6.54,0.75,11.59
272,2015-02-10,217500,218000,212000,213500,64527,6.54,0.75,11.59
273,2015-02-11,215500,218500,214000,216500,63366,6.54,0.75,11.59
274,2015-02-12,219500,220500,211500,215000,53501,6.54,0.75,11.59
275,2015-02-13,215000,219500,214500,219000,30121,6.54,0.75,11.59
276,2015-02-16,217000,220000,216500,217000,46321,6.54,0.75,11.59
277,2015-02-17,215500,218500,215500,217000,12475,6.54,0.75,11.59
278,2015-02-23,216500,227000,216500,225000,43967,6.54,0.75,11.59
279,2015-02-24,223500,225000,221500,223000,45682,6.54,0.75,11.59
280,2015-02-25,221000,226000,219500,223500,44777,6.54,0.75,11.59
281,2015-02-26,223500,224500,217000,219000,55508,6.54,0.75,11.59
282,2015-02-27,215500,217000,212000,214500,60092,6.54,0.75,11.59
283,2015-03-02,212000,214000,208000,211000,63637,6.54,0.75,11.59
284,2015-03-03,211000,214000,206500,212000,90492,6.54,0.75,11.59
285,2015-03-04,211500,217000,210500,213000,69919,6.54,0.75,11.59
286,2015-03-05,211000,215000,211000,211500,37294,6.54,0.75,11.59
287,2015-03-06,211500,221000,211500,219000,66123,6.54,0.75,11.59
288,2015-03-09,213500,220500,213500,218500,50663,6.54,0.75,11.59
289,2015-03-10,216000,219500,216000,217500,40500,6.54,0.75,11.59
290,2015-03-11,216000,217500,214000,215000,67503,6.54,0.75,11.59
291,2015-03-12,213500,215500,210000,210000,81422,6.54,0.75,11.59
292,2015-03-13,212000,224000,211500,215500,103456,6.54,0.75,11.59
293,2015-03-16,217000,223000,216000,218500,91214,6.54,0.75,11.59
294,2015-03-17,220500,232500,220500,230500,152112,6.54,0.75,11.59
295,2015-03-18,231000,232000,227000,230000,180452,6.54,0.75,11.59
296,2015-03-19,229000,238000,229000,237500,102549,6.54,0.75,11.59
297,2015-03-20,235500,238000,232500,236000,66391,6.54,0.75,11.59
298,2015-03-23,236500,237500,233000,237500,48337,6.54,0.75,11.59
299,2015-03-24,239000,239500,234500,238000,62473,6.54,0.75,11.59
300,2015-03-25,236000,243500,236000,242500,78740,6.54,0.75,11.59
301,2015-03-26,244000,244000,240000,241500,58039,6.54,0.75,11.59
302,2015-03-27,240000,241500,238000,240500,54046,6.54,0.75,11.59
303,2015-03-30,244000,249500,234000,237500,71117,6.54,0.75,11.59
304,2015-03-31,236000,238000,231000,233000,95978,6.54,0.75,11.59
305,2015-04-01,230000,234500,230000,232000,75193,6.54,0.75,11.59
306,2015-04-02,229500,233000,228000,228500,60989,6.54,0.75,11.59
307,2015-04-03,228500,232500,228500,232500,30250,6.54,0.75,11.59
308,2015-04-06,231000,233000,230000,230500,22384,6.54,0.75,11.59
309,2015-04-07,229500,231500,226500,226500,30328,6.54,0.75,11.59
310,2015-04-08,225000,229000,223500,224000,45564,6.54,0.75,11.59
311,2015-04-09,223500,225000,221500,223000,54352,6.54,0.75,11.59
312,2015-04-10,222000,235500,222000,233000,77548,6.54,0.75,11.59
313,2015-04-13,231500,242500,231500,236500,75671,6.54,0.75,11.59
314,2015-04-14,234500,247000,234000,247000,75648,6.54,0.75,11.59
315,2015-04-15,241500,249000,239500,242000,65886,6.54,0.75,11.59
316,2015-04-16,246000,255500,242500,250000,109627,6.54,0.75,11.59
317,2015-04-17,245500,256000,241500,245000,77920,6.54,0.75,11.59
318,2015-04-20,248000,251500,244500,249500,40320,6.54,0.75,11.59
319,2015-04-21,247500,249000,232000,235000,215023,6.54,0.75,11.59
320,2015-04-22,234000,241000,233500,238000,108464,6.54,0.75,11.59
321,2015-04-23,237000,238000,233000,233000,63522,6.54,0.75,11.59
322,2015-04-24,233000,239000,228000,229000,131697,6.54,0.75,11.59
323,2015-04-27,230000,234000,230000,232000,50171,6.54,0.75,11.59
324,2015-04-28,232500,234000,228000,228000,52681,6.54,0.75,11.59
325,2015-04-29,229000,231000,225500,226000,61435,6.54,0.75,11.59
326,2015-04-30,223000,227500,219000,221500,102939,6.54,0.75,11.59
327,2015-05-04,224000,234500,224000,234000,138132,6.54,0.75,11.59
328,2015-05-06,231500,233000,225500,228000,61909,6.54,0.75,11.59
329,2015-05-07,228000,230000,226500,228500,42460,6.54,0.75,11.59
330,2015-05-08,228500,233000,228000,232000,58224,6.54,0.75,11.59
331,2015-05-11,233500,239500,230500,235000,80713,6.54,0.75,11.59
332,2015-05-12,235500,242000,235000,239500,101887,6.54,0.75,11.59
333,2015-05-13,237000,245000,236500,243500,62463,6.54,0.75,11.59
334,2015-05-14,243500,254000,242500,252500,155462,6.54,0.75,11.59
335,2015-05-15,253000,257000,250000,252500,77207,6.54,0.75,11.59
336,2015-05-18,250500,251000,246500,249500,70626,6.54,0.75,11.59
337,2015-05-19,250000,253500,248000,253000,50938,6.54,0.75,11.59
338,2015-05-20,247500,251000,242000,250000,48662,6.54,0.75,11.59
339,2015-05-21,246000,250000,241000,242500,38567,6.54,0.75,11.59
340,2015-05-22,240500,250000,240500,246500,54812,6.54,0.75,11.59
341,2015-05-26,244500,250500,241500,248500,42832,6.54,0.75,11.59
342,2015-05-27,243500,247000,238000,240500,63212,6.54,0.75,11.59
343,2015-05-28,239000,250000,238000,244000,50390,6.54,0.75,11.59
344,2015-05-29,241500,251000,241500,246500,63832,6.54,0.75,11.59
345,2015-06-01,249000,249000,236000,241500,57498,6.54,0.75,11.59
346,2015-06-02,238500,241500,233000,235000,49611,6.54,0.75,11.59
347,2015-06-03,237000,237000,231000,233000,70950,6.54,0.75,11.59
348,2015-06-04,227500,233000,225000,228000,91806,6.54,0.75,11.59
349,2015-06-05,229000,230000,226500,228000,69355,6.54,0.75,11.59
350,2015-06-08,226500,230000,222500,227500,46084,6.54,0.75,11.59
351,2015-06-09,228000,244500,226000,241500,174748,6.54,0.75,11.59
352,2015-06-10,242000,243000,235000,236000,112665,6.54,0.75,11.59
353,2015-06-11,236000,238000,231500,231500,80561,6.54,0.75,11.59
354,2015-06-12,230000,234000,230000,230500,64272,6.54,0.75,11.59
355,2015-06-15,232000,235000,227500,231500,39868,6.54,0.75,11.59
356,2015-06-16,228000,232000,225500,226000,80730,6.54,0.75,11.59
357,2015-06-17,227500,229000,224000,228500,83491,6.54,0.75,11.59
358,2015-06-18,230000,234000,228000,228000,70726,6.54,0.75,11.59
359,2015-06-19,229500,231500,226000,226000,65116,6.54,0.75,11.59
360,2015-06-22,231000,238000,230500,234000,184898,6.54,0.75,11.59
361,2015-06-23,237000,237000,231000,232500,121573,6.54,0.75,11.59
362,2015-06-24,235000,239500,233500,238000,101193,6.54,0.75,11.59
363,2015-06-25,238000,238000,234500,235500,66371,6.54,0.75,11.59
364,2015-06-26,233000,236000,227000,234500,84137,6.54,0.75,11.59
365,2015-06-29,231000,233000,228000,230000,60843,6.54,0.75,11.59
366,2015-06-30,230000,233500,228500,231000,67739,6.54,0.75,11.59
367,2015-07-01,231500,234500,229500,233000,67865,6.54,0.75,11.59
368,2015-07-02,232500,235000,231000,232000,52303,6.54,0.75,11.59
369,2015-07-03,232000,235500,231000,235000,50598,6.54,0.75,11.59
370,2015-07-06,233000,235000,230500,231500,49626,6.54,0.75,11.59
371,2015-07-07,233500,235000,230500,234000,59433,6.54,0.75,11.59
372,2015-07-08,238000,238000,226000,230000,62307,6.54,0.75,11.59
373,2015-07-09,230000,230500,224500,227000,63488,6.54,0.75,11.59
374,2015-07-10,228000,233500,227500,233000,41182,6.54,0.75,11.59
375,2015-07-13,233000,236000,233000,234000,43584,6.54,0.75,11.59
376,2015-07-14,234000,241000,232000,239000,54933,6.54,0.75,11.59
377,2015-07-15,238000,242500,237000,242500,63906,6.54,0.75,11.59
378,2015-07-16,242000,243000,238500,241500,42086,6.54,0.75,11.59
379,2015-07-17,240000,241000,234000,237000,52698,6.54,0.75,11.59
380,2015-07-20,238000,239500,236500,239500,23497,6.54,0.75,11.59
381,2015-07-21,238000,240000,232500,237000,32447,6.54,0.75,11.59
382,2015-07-22,234000,240500,231500,237500,50308,6.54,0.75,11.59
383,2015-07-23,238500,240000,235000,236500,24739,6.54,0.75,11.59
384,2015-07-24,235000,238500,233500,237000,38514,6.54,0.75,11.59
385,2015-07-27,236000,236000,227500,232000,66277,6.54,0.75,11.59
386,2015-07-28,231500,233000,225500,231000,71596,6.54,0.75,11.59
387,2015-07-29,229000,233000,229000,229500,79727,6.54,0.75,11.59
388,2015-07-30,232500,245000,231000,238500,116225,6.54,0.75,11.59
389,2015-07-31,241000,244000,236500,239000,62479,6.54,0.75,11.59
390,2015-08-03,240000,242500,237500,239000,57245,6.54,0.75,11.59
391,2015-08-04,242000,246000,239000,245000,74937,6.54,0.75,11.59
392,2015-08-05,244000,248500,235500,239500,97927,6.54,0.75,11.59
393,2015-08-06,239500,249000,238500,246500,109294,6.54,0.75,11.59
394,2015-08-07,247500,250500,245000,248500,64798,6.54,0.75,11.59
395,2015-08-10,242500,244000,233500,236000,105085,6.54,0.75,11.59
396,2015-08-11,237500,240000,234500,235000,44569,6.54,0.75,11.59
397,2015-08-12,235500,235500,227500,229500,76863,6.54,0.75,11.59
398,2015-08-13,229500,235000,227500,232000,54936,6.54,0.75,11.59
399,2015-08-17,235000,235500,232500,234500,30233,6.54,0.75,11.59
400,2015-08-18,234000,237000,230000,231500,64624,6.54,0.75,11.59
401,2015-08-19,229500,243000,229500,242000,102453,6.54,0.75,11.59
402,2015-08-20,245000,249000,238500,240000,92357,6.54,0.75,11.59
403,2015-08-21,243000,243000,233500,234500,82473,6.54,0.75,11.59
404,2015-08-24,234000,235500,223500,227500,98795,6.54,0.75,11.59
405,2015-08-25,229500,230000,222500,224000,133830,6.54,0.75,11.59
406,2015-08-26,224000,235500,222500,234000,144759,6.54,0.75,11.59
407,2015-08-27,232500,239000,230500,234500,118597,6.54,0.75,11.59
408,2015-08-28,235000,235500,229000,231000,140956,6.54,0.75,11.59
409,2015-08-31,229500,231500,227500,228500,92765,6.54,0.75,11.59
410,2015-09-01,227000,229000,226000,226500,92605,6.54,0.75,11.59
411,2015-09-02,226000,228000,224000,227500,60768,6.54,0.75,11.59
412,2015-09-03,227000,228000,225000,225000,71714,6.54,0.75,11.59
413,2015-09-04,224000,229000,224000,226000,68471,6.54,0.75,11.59
414,2015-09-07,226500,226500,220500,226000,63688,6.54,0.75,11.59
415,2015-09-08,228000,230000,226000,228500,119310,6.54,0.75,11.59
416,2015-09-09,230500,232000,228500,232000,79521,6.54,0.75,11.59
417,2015-09-10,231500,236000,229000,236000,78498,6.54,0.75,11.59
418,2015-09-11,233000,248500,232000,241000,103718,6.54,0.75,11.59
419,2015-09-14,238500,238500,227500,229000,107268,6.54,0.75,11.59
420,2015-09-15,230000,232000,229500,231500,70439,6.54,0.75,11.59
421,2015-09-16,233000,233500,231000,233500,62575,6.54,0.75,11.59
422,2015-09-17,234000,234000,230000,231500,64592,6.54,0.75,11.59
423,2015-09-18,232000,236000,230500,234500,75257,6.54,0.75,11.59
424,2015-09-21,234000,234000,228000,229500,44593,6.54,0.75,11.59
425,2015-09-22,231000,231500,229000,231500,35512,6.54,0.75,11.59
426,2015-09-23,229000,230500,225500,226000,49256,6.54,0.75,11.59
427,2015-09-24,227500,228000,224500,227000,62003,6.54,0.75,11.59
428,2015-09-25,226000,227000,223500,226000,70663,6.54,0.75,11.59
429,2015-09-30,222500,231500,222000,230500,100679,6.54,0.75,11.59
430,2015-10-01,228500,231000,228000,230000,37855,6.54,0.75,11.59
431,2015-10-02,231000,231000,226500,228500,54133,6.54,0.75,11.59
432,2015-10-05,230000,230500,225000,226000,60077,6.54,0.75,11.59
433,2015-10-06,228000,228000,224000,225000,106222,6.54,0.75,11.59
434,2015-10-07,224500,226000,222500,224000,85086,6.54,0.75,11.59
435,2015-10-08,223500,226500,223500,226000,75338,6.54,0.75,11.59
436,2015-10-12,225500,226500,223000,226500,69938,6.54,0.75,11.59
437,2015-10-13,224000,224500,220500,220500,109079,6.54,0.75,11.59
438,2015-10-14,221000,224000,221000,222000,43822,6.54,0.75,11.59
439,2015-10-15,221500,224500,220500,222500,52639,6.54,0.75,11.59
440,2015-10-16,222500,222500,218000,219500,68148,6.54,0.75,11.59
441,2015-10-19,219000,220500,217000,220500,49762,6.54,0.75,11.59
442,2015-10-20,219500,219500,213000,213500,128551,6.54,0.75,11.59
443,2015-10-21,214500,217000,213000,214000,80569,6.54,0.75,11.59
444,2015-10-22,213000,213500,206500,207000,130978,6.54,0.75,11.59
445,2015-10-23,209500,212000,208500,210000,85070,6.54,0.75,11.59
446,2015-10-26,212000,215000,210500,215000,53205,6.54,0.75,11.59
447,2015-10-27,212000,213500,210500,212500,64831,6.54,0.75,11.59
448,2015-10-28,213500,215000,210500,214000,66103,6.54,0.75,11.59
449,2015-10-29,212500,214000,208500,213000,113406,6.54,0.75,11.59
450,2015-10-30,213000,214000,211000,212500,63438,6.54,0.75,11.59
451,2015-11-02,211500,213000,209000,213000,70095,6.54,0.75,11.59
452,2015-11-03,217500,222500,215500,221000,155864,6.54,0.75,11.59
453,2015-11-04,220500,224500,219500,222000,81561,6.54,0.75,11.59
454,2015-11-05,220500,221000,217000,219500,52091,6.54,0.75,11.59
455,2015-11-06,217000,218500,215500,216000,44527,6.54,0.75,11.59
456,2015-11-09,214000,217500,214000,217000,24077,6.54,0.75,11.59
457,2015-11-10,216500,216500,209000,210000,45094,6.54,0.75,11.59
458,2015-11-11,208500,214000,208500,212500,40273,6.54,0.75,11.59
459,2015-11-12,213500,214000,209000,211500,30355,6.54,0.75,11.59
460,2015-11-13,209000,211000,206000,207000,61238,6.54,0.75,11.59
461,2015-11-16,211000,217500,209000,216000,137478,6.54,0.75,11.59
462,2015-11-17,214000,216000,211500,213500,82004,6.54,0.75,11.59
463,2015-11-18,213500,217500,212000,213500,55041,6.54,0.75,11.59
464,2015-11-19,216000,223500,216000,220500,182534,6.54,0.75,11.59
465,2015-11-20,220000,221000,216000,217500,89302,6.54,0.75,11.59
466,2015-11-23,218000,218000,215000,217000,35799,6.54,0.75,11.59
467,2015-11-24,216000,219000,213500,217000,49309,6.54,0.75,11.59
468,2015-11-25,216500,218000,214500,217000,85028,6.54,0.75,11.59
469,2015-11-26,218000,218000,213500,215000,47448,6.54,0.75,11.59
470,2015-11-27,215000,218000,214500,217000,47480,6.54,0.75,11.59
471,2015-11-30,217500,218000,213500,214000,104199,6.54,0.75,11.59
472,2015-12-01,213500,220000,213500,214500,86079,6.54,0.75,11.59
473,2015-12-02,214000,215000,210000,213500,92615,6.54,0.75,11.59
474,2015-12-03,211500,214000,210500,214000,44504,6.54,0.75,11.59
475,2015-12-04,212000,212500,208000,208500,51116,6.54,0.75,11.59
476,2015-12-07,210000,210500,201000,202000,160784,6.54,0.75,11.59
477,2015-12-08,202500,204000,199500,199500,52240,6.54,0.75,11.59
478,2015-12-09,201000,201000,195000,196500,79892,6.54,0.75,11.59
479,2015-12-10,196500,197000,194000,195000,92261,6.54,0.75,11.59
480,2015-12-11,196000,196500,190500,195000,81534,6.54,0.75,11.59
481,2015-12-14,192500,195500,191500,194000,41147,6.54,0.75,11.59
482,2015-12-15,195500,195500,190000,191500,59709,6.54,0.75,11.59
483,2015-12-16,192500,196000,192000,195000,64156,6.54,0.75,11.59
484,2015-12-17,197000,197500,192500,194500,50582,6.54,0.75,11.59
485,2015-12-18,192000,199000,192000,195000,66033,6.54,0.75,11.59
486,2015-12-21,194500,197500,193000,196500,36940,6.54,0.75,11.59
487,2015-12-22,195500,197500,193000,196000,53631,6.54,0.75,11.59
488,2015-12-23,196500,201000,195000,199500,54954,6.54,0.75,11.59
489,2015-12-24,200000,200500,198000,198500,34744,6.54,0.75,11.59
490,2015-12-28,199000,200000,195000,196000,29365,6.54,0.75,11.59
491,2015-12-29,194000,195000,191000,192500,58723,6.54,0.75,11.59
492,2015-12-30,192500,193000,188000,189000,68728,6.54,0.75,11.59
493,2016-01-04,189000,191000,188500,188500,45689,5.13,0.66,13.56
494,2016-01-05,187500,189500,187500,188000,53077,5.13,0.66,13.56
495,2016-01-06,188000,192000,187500,191500,81635,5.13,0.66,13.56
496,2016-01-07,189500,190500,183500,185000,125051,5.13,0.66,13.56
497,2016-01-08,183000,189000,181500,189000,55106,5.13,0.66,13.56
498,2016-01-11,186000,190500,183000,190000,56221,5.13,0.66,13.56
499,2016-01-12,191500,191500,185500,189500,43838,5.13,0.66,13.56
500,2016-01-13,190000,190500,187500,189500,37264,5.13,0.66,13.56
501,2016-01-14,187000,190000,186500,188000,34052,5.13,0.66,13.56
502,2016-01-15,190500,190500,185000,185500,59526,5.13,0.66,13.56
503,2016-01-18,185500,185500,178500,180000,142285,5.13,0.66,13.56
504,2016-01-19,179000,180000,168000,170000,234651,5.13,0.66,13.56
505,2016-01-20,169000,170500,162000,163500,156045,5.13,0.66,13.56
506,2016-01-21,163500,169000,162500,167500,118703,5.13,0.66,13.56
507,2016-01-22,167500,172000,167500,171500,70683,5.13,0.66,13.56
508,2016-01-25,172000,173000,170000,172000,46614,5.13,0.66,13.56
509,2016-01-26,172000,172000,164500,165500,108329,5.13,0.66,13.56
510,2016-01-27,167000,169000,164000,166500,91577,5.13,0.66,13.56
511,2016-01-28,165000,171000,164500,170500,68110,5.13,0.66,13.56
512,2016-01-29,167500,167500,160000,164000,237241,5.13,0.66,13.56
513,2016-02-01,164500,164500,160500,162500,118467,5.13,0.66,13.56
514,2016-02-02,162000,163500,161000,162000,88617,5.13,0.66,13.56
515,2016-02-03,161000,163500,160500,162500,58198,5.13,0.66,13.56
516,2016-02-04,163500,168000,162500,167500,88368,5.13,0.66,13.56
517,2016-02-05,169000,169000,164000,165500,75892,5.13,0.66,13.56
518,2016-02-11,162500,164000,161500,163000,79106,5.13,0.66,13.56
519,2016-02-12,160500,162500,158500,159000,105688,5.13,0.66,13.56
520,2016-02-15,159000,161000,158500,160000,76828,5.13,0.66,13.56
521,2016-02-16,162000,163500,160000,161000,71530,5.13,0.66,13.56
522,2016-02-17,160500,164000,160500,163000,98706,5.13,0.66,13.56
523,2016-02-18,164000,166500,162500,163500,91877,5.13,0.66,13.56
524,2016-02-19,162500,165000,161000,162000,58173,5.13,0.66,13.56
525,2016-02-22,162000,167000,161500,165500,107342,5.13,0.66,13.56
526,2016-02-23,166500,167000,164000,165000,47875,5.13,0.66,13.56
527,2016-02-24,164500,166500,164000,164000,35416,5.13,0.66,13.56
528,2016-02-25,164500,169000,164500,168500,96840,5.13,0.66,13.56
529,2016-02-26,168500,171000,167500,169500,80268,5.13,0.66,13.56
530,2016-02-29,170500,178000,170000,176000,191728,5.13,0.66,13.56
531,2016-03-02,179000,179000,170000,173500,160962,5.13,0.66,13.56
532,2016-03-03,173000,173500,169000,170500,92881,5.13,0.66,13.56
533,2016-03-04,169500,175500,169500,174500,68421,5.13,0.66,13.56
534,2016-03-07,176000,177000,172500,177000,76363,5.13,0.66,13.56
535,2016-03-08,176000,178500,173000,175000,66174,5.13,0.66,13.56
536,2016-03-09,174500,177500,172500,175000,74786,5.13,0.66,13.56
537,2016-03-10,174500,175500,172000,172500,98675,5.13,0.66,13.56
538,2016-03-11,174000,181000,173500,180000,209029,5.13,0.66,13.56
539,2016-03-14,180500,181500,177000,179000,132777,5.13,0.66,13.56
540,2016-03-15,178000,179500,176000,178500,95543,5.13,0.66,13.56
541,2016-03-16,179500,183500,179500,181000,129756,5.13,0.66,13.56
542,2016-03-17,183000,187000,183000,186000,136340,5.13,0.66,13.56
543,2016-03-18,186000,188000,183500,188000,113377,5.13,0.66,13.56
544,2016-03-21,188000,188500,182000,183000,92242,5.13,0.66,13.56
545,2016-03-22,183500,183500,178500,180000,105922,5.13,0.66,13.56
546,2016-03-23,180500,181000,178000,180500,71252,5.13,0.66,13.56
547,2016-03-24,179000,179500,177000,179500,48416,5.13,0.66,13.56
548,2016-03-25,178000,179000,175000,178000,75589,5.13,0.66,13.56
549,2016-03-28,177500,178000,174000,175000,55955,5.13,0.66,13.56
550,2016-03-29,176000,178000,174000,178000,68339,5.13,0.66,13.56
551,2016-03-30,176500,177500,173500,173500,72398,5.13,0.66,13.56
552,2016-03-31,174000,176500,173500,175500,126108,5.13,0.66,13.56
553,2016-04-01,174500,175500,169000,172500,122166,5.13,0.66,13.56
554,2016-04-04,172000,173500,170000,171000,99282,5.13,0.66,13.56
555,2016-04-05,173000,173500,171000,172500,60673,5.13,0.66,13.56
556,2016-04-06,172500,176000,171500,174500,71363,5.13,0.66,13.56
557,2016-04-07,174000,174500,168000,170500,125754,5.13,0.66,13.56
558,2016-04-08,169000,171500,168500,171000,53549,5.13,0.66,13.56
559,2016-04-11,170000,172000,169000,171000,51149,5.13,0.66,13.56
560,2016-04-12,171500,172500,170000,171000,47531,5.13,0.66,13.56
561,2016-04-14,171500,175500,171500,175500,96477,5.13,0.66,13.56
562,2016-04-15,175000,176000,173500,174500,61188,5.13,0.66,13.56
563,2016-04-18,173000,176000,172000,174500,70893,5.13,0.66,13.56
564,2016-04-19,175000,176000,173000,175500,57243,5.13,0.66,13.56
565,2016-04-20,175500,177000,175000,176000,86935,5.13,0.66,13.56
566,2016-04-21,176000,180000,176000,178500,86171,5.13,0.66,13.56
567,2016-04-22,178000,180000,177000,179500,40455,5.13,0.66,13.56
568,2016-04-25,178000,184500,176000,183500,106855,5.13,0.66,13.56
569,2016-04-26,182500,183500,178000,179500,81433,5.13,0.66,13.56
570,2016-04-27,178500,181000,177500,179000,48035,5.13,0.66,13.56
571,2016-04-28,178000,182000,177500,180500,104896,5.13,0.66,13.56
572,2016-04-29,180500,183500,179000,183500,785841,5.13,0.66,13.56
573,2016-05-02,185500,186500,182500,184000,90842,5.13,0.66,13.56
574,2016-05-03,184500,187500,182500,187000,107001,5.13,0.66,13.56
575,2016-05-04,185000,185500,181000,184000,98928,5.13,0.66,13.56
576,2016-05-09,182000,186000,181000,185500,90977,5.13,0.66,13.56
577,2016-05-10,184500,186500,182000,186000,76383,5.13,0.66,13.56
578,2016-05-11,185500,191000,185000,189000,122456,5.13,0.66,13.56
579,2016-05-12,188000,189500,185000,185000,72214,5.13,0.66,13.56
580,2016-05-13,185000,190000,184500,188500,131074,5.13,0.66,13.56
581,2016-05-16,188000,191000,187000,189500,94477,5.13,0.66,13.56
582,2016-05-17,188500,189500,186500,188500,86867,5.13,0.66,13.56
583,2016-05-18,186500,187000,183000,187000,96508,5.13,0.66,13.56
584,2016-05-19,185000,187000,183000,184000,57436,5.13,0.66,13.56
585,2016-05-20,184000,185500,182000,182000,100484,5.13,0.66,13.56
586,2016-05-23,182500,183000,180000,180500,46321,5.13,0.66,13.56
587,2016-05-24,180000,183000,177500,181500,64375,5.13,0.66,13.56
588,2016-05-25,183500,186000,182000,184500,73192,5.13,0.66,13.56
589,2016-05-26,185000,185500,182500,183000,38898,5.13,0.66,13.56
590,2016-05-27,184000,186000,182000,183000,56337,5.13,0.66,13.56
591,2016-05-30,183500,183500,179500,182000,59833,5.13,0.66,13.56
592,2016-05-31,180000,183000,179500,182000,184381,5.13,0.66,13.56
593,2016-06-01,180500,182000,179000,180500,57692,5.13,0.66,13.56
594,2016-06-02,179500,180500,176000,176000,78320,5.13,0.66,13.56
595,2016-06-03,176000,177500,174000,176500,379669,5.13,0.66,13.56
596,2016-06-07,176000,180000,175500,179000,81145,5.13,0.66,13.56
597,2016-06-08,177500,180000,176000,178500,81145,5.13,0.66,13.56
598,2016-06-09,179000,180500,177500,177500,145090,5.13,0.66,13.56
599,2016-06-10,179500,181500,178000,181000,77011,5.13,0.66,13.56
600,2016-06-13,180000,181000,177500,178500,48559,5.13,0.66,13.56
601,2016-06-14,178000,180000,177500,178000,37852,5.13,0.66,13.56
602,2016-06-15,177000,181000,177000,178500,58876,5.13,0.66,13.56
603,2016-06-16,178000,179500,172500,173500,104075,5.13,0.66,13.56
604,2016-06-17,175000,175000,172500,175000,62361,5.13,0.66,13.56
605,2016-06-20,177000,180000,175000,178500,52763,5.13,0.66,13.56
606,2016-06-21,178500,180000,177000,177500,40614,5.13,0.66,13.56
607,2016-06-22,177500,179500,177000,177500,39128,5.13,0.66,13.56
608,2016-06-23,178000,179500,177500,179000,20863,5.13,0.66,13.56
609,2016-06-24,178000,178500,170000,175500,111516,5.13,0.66,13.56
610,2016-06-27,175500,175500,169000,171000,108162,5.13,0.66,13.56
611,2016-06-28,169500,172500,169000,171500,59448,5.13,0.66,13.56
612,2016-06-29,171500,173000,170000,171000,83800,5.13,0.66,13.56
613,2016-06-30,172000,175000,170500,173000,98858,5.13,0.66,13.56
614,2016-07-01,172500,175500,172000,174000,53752,5.13,0.66,13.56
615,2016-07-04,174000,174000,169000,169500,55281,5.13,0.66,13.56
616,2016-07-05,169000,170000,168000,169500,68540,5.13,0.66,13.56
617,2016-07-06,169500,170500,164500,166000,69225,5.13,0.66,13.56
618,2016-07-07,166500,167500,164500,166500,136573,5.13,0.66,13.56
619,2016-07-08,165000,167000,163500,167000,136960,5.13,0.66,13.56
620,2016-07-11,169000,169000,164500,165500,98917,5.13,0.66,13.56
621,2016-07-12,165000,166000,164000,165500,81553,5.13,0.66,13.56
622,2016-07-13,165000,167500,165000,166500,80193,5.13,0.66,13.56
623,2016-07-14,166500,167000,165500,166500,62524,5.13,0.66,13.56
624,2016-07-15,166500,167500,165500,166000,69810,5.13,0.66,13.56
625,2016-07-18,165500,166500,163500,164500,63715,5.13,0.66,13.56
626,2016-07-19,164000,164500,162500,163500,96136,5.13,0.66,13.56
627,2016-07-20,163500,164500,161500,163500,104691,5.13,0.66,13.56
628,2016-07-21,163500,163500,162000,162500,67332,5.13,0.66,13.56
629,2016-07-22,162500,163500,161500,162500,38037,5.13,0.66,13.56
630,2016-07-25,162500,163000,161500,162500,94531,5.13,0.66,13.56
631,2016-07-26,162000,164000,161500,163500,73469,5.13,0.66,13.56
632,2016-07-27,164000,165500,162500,164500,147167,5.13,0.66,13.56
633,2016-07-28,165500,165500,163500,165500,90540,5.13,0.66,13.56
634,2016-07-29,165000,167000,163000,163500,106421,5.13,0.66,13.56
635,2016-08-01,163500,164500,162000,162500,78235,5.13,0.66,13.56
636,2016-08-02,162000,163500,162000,162500,36462,5.13,0.66,13.56
637,2016-08-03,162000,162500,161000,161000,61769,5.13,0.66,13.56
638,2016-08-04,162000,162000,161000,161500,38259,5.13,0.66,13.56
639,2016-08-05,161000,164500,161000,164500,67214,5.13,0.66,13.56
640,2016-08-08,164500,165000,161500,164000,83673,5.13,0.66,13.56
641,2016-08-09,164000,166000,162500,166000,84168,5.13,0.66,13.56
642,2016-08-10,166000,168000,165000,166500,84313,5.13,0.66,13.56
643,2016-08-11,161500,163000,159500,161500,260040,5.13,0.66,13.56
644,2016-08-12,161000,163000,160500,162000,103755,5.13,0.66,13.56
645,2016-08-16,163000,164000,162000,163000,85951,5.13,0.66,13.56
646,2016-08-17,162500,163500,161000,162000,46855,5.13,0.66,13.56
647,2016-08-18,162000,162000,160000,160000,64216,5.13,0.66,13.56
648,2016-08-19,159500,161000,157000,157000,85489,5.13,0.66,13.56
649,2016-08-22,157000,157500,154000,156000,63229,5.13,0.66,13.56
650,2016-08-23,155000,156500,155000,155000,29443,5.13,0.66,13.56
651,2016-08-24,155000,157500,154000,154500,48492,5.13,0.66,13.56
652,2016-08-25,154000,159000,154000,156000,133098,5.13,0.66,13.56
653,2016-08-26,156000,159000,156000,158000,106802,5.13,0.66,13.56
654,2016-08-29,158000,158500,154500,155000,62919,5.13,0.66,13.56
655,2016-08-30,155500,156500,154000,156500,43755,5.13,0.66,13.56
656,2016-08-31,156500,157500,155500,157500,58360,5.13,0.66,13.56
657,2016-09-01,157500,158000,155500,156000,76935,5.13,0.66,13.56
658,2016-09-02,156500,157000,154500,156500,51245,5.13,0.66,13.56
659,2016-09-05,157000,159500,157000,159500,119407,5.13,0.66,13.56
660,2016-09-06,160000,161500,157000,158500,144635,5.13,0.66,13.56
661,2016-09-07,159000,159000,155500,157000,139906,5.13,0.66,13.56
662,2016-09-08,158000,158000,156500,156500,75719,5.13,0.66,13.56
663,2016-09-09,156000,157500,155500,156000,74226,5.13,0.66,13.56
664,2016-09-12,155500,156500,154500,155500,62993,5.13,0.66,13.56
665,2016-09-13,156500,157000,154500,155000,63130,5.13,0.66,13.56
666,2016-09-19,154000,155000,152000,153500,91149,5.13,0.66,13.56
667,2016-09-20,153000,156500,152500,156000,75564,5.13,0.66,13.56
668,2016-09-21,155500,157000,154000,157000,171456,5.13,0.66,13.56
669,2016-09-22,157000,158000,156500,157000,91136,5.13,0.66,13.56
670,2016-09-23,158000,159000,157000,158000,99881,5.13,0.66,13.56
671,2016-09-26,159000,159000,157000,158000,57098,5.13,0.66,13.56
672,2016-09-27,158500,158500,155500,157000,132216,5.13,0.66,13.56
673,2016-09-28,157500,158000,156500,157000,51184,5.13,0.66,13.56
674,2016-09-29,157000,157500,156500,157000,68512,5.13,0.66,13.56
675,2016-09-30,156500,158000,156000,157500,85414,5.13,0.66,13.56
676,2016-10-04,157500,158500,157000,158000,94050,5.13,0.66,13.56
677,2016-10-05,157000,158000,156500,157500,85472,5.13,0.66,13.56
678,2016-10-06,157000,157500,155500,157000,72391,5.13,0.66,13.56
679,2016-10-07,155500,156500,155000,155000,57307,5.13,0.66,13.56
680,2016-10-10,156000,158000,156000,158000,126114,5.13,0.66,13.56
681,2016-10-11,159000,159500,158000,159500,92524,5.13,0.66,13.56
682,2016-10-12,159500,163500,159000,163000,214463,5.13,0.66,13.56
683,2016-10-13,163500,165500,162500,163500,306078,5.13,0.66,13.56
684,2016-10-14,164500,167500,164500,167000,272583,5.13,0.66,13.56
685,2016-10-17,166500,167500,165500,166000,113255,5.13,0.66,13.56
686,2016-10-18,166000,167500,165500,167000,142043,5.13,0.66,13.56
687,2016-10-19,167500,168000,165500,166500,64566,5.13,0.66,13.56
688,2016-10-20,166500,168000,162500,168000,120883,5.13,0.66,13.56
689,2016-10-21,168000,168500,167000,167000,75918,5.13,0.66,13.56
690,2016-10-24,167000,168000,166000,167500,74618,5.13,0.66,13.56
691,2016-10-25,167500,168500,164500,165500,73160,5.13,0.66,13.56
692,2016-10-26,165500,166000,162000,165500,92077,5.13,0.66,13.56
693,2016-10-27,166000,166000,163500,165500,79472,5.13,0.66,13.56
694,2016-10-28,164000,165500,163500,164500,24428,5.13,0.66,13.56
695,2016-10-31,162000,163500,161500,162500,99905,5.13,0.66,13.56
696,2016-11-01,162500,163000,160000,161500,82556,5.13,0.66,13.56
697,2016-11-02,160000,161000,158000,159000,181828,5.13,0.66,13.56
698,2016-11-03,160000,161000,158500,159000,177646,5.13,0.66,13.56
699,2016-11-04,160000,162500,159500,160000,157677,5.13,0.66,13.56
700,2016-11-07,162000,162000,159500,160500,129089,5.13,0.66,13.56
701,2016-11-08,169000,172500,168500,172000,377204,5.13,0.66,13.56
702,2016-11-09,172000,181000,172000,177500,404844,5.13,0.66,13.56
703,2016-11-10,180000,186000,179500,184500,266249,5.13,0.66,13.56
704,2016-11-11,183500,186500,179000,185000,171060,5.13,0.66,13.56
705,2016-11-14,185500,186500,182000,182000,116125,5.13,0.66,13.56
706,2016-11-15,184000,184000,179500,180000,113854,5.13,0.66,13.56
707,2016-11-16,178000,182500,177500,182500,95448,5.13,0.66,13.56
708,2016-11-17,185000,185000,180000,184500,58030,5.13,0.66,13.56
709,2016-11-18,182500,184000,181000,181000,63078,5.13,0.66,13.56
710,2016-11-21,181000,182500,179000,181000,56496,5.13,0.66,13.56
711,2016-11-22,182000,187500,182000,186500,119803,5.13,0.66,13.56
712,2016-11-23,185500,188000,185000,186500,91578,5.13,0.66,13.56
713,2016-11-24,185500,186000,182500,184500,94151,5.13,0.66,13.56
714,2016-11-25,185000,185500,182500,183000,51745,5.13,0.66,13.56
715,2016-11-28,183500,184000,180500,182000,72183,5.13,0.66,13.56
716,2016-11-29,183000,188000,182000,188000,117155,5.13,0.66,13.56
717,2016-11-30,189000,189500,185000,188000,148753,5.13,0.66,13.56
718,2016-12-01,187500,195500,187500,193500,153594,5.13,0.66,13.56
719,2016-12-02,194500,195500,190000,190000,84086,5.13,0.66,13.56
720,2016-12-05,188000,190500,187500,189500,41806,5.13,0.66,13.56
721,2016-12-06,192000,193000,188500,191000,125243,5.13,0.66,13.56
722,2016-12-07,195000,195000,186000,188000,104684,5.13,0.66,13.56
723,2016-12-08,188500,195000,186500,195000,162081,5.13,0.66,13.56
724,2016-12-09,195000,195500,191000,194500,93029,5.13,0.66,13.56
725,2016-12-12,195500,196000,191000,192000,53390,5.13,0.66,13.56
726,2016-12-13,194000,195500,191500,193500,74742,5.13,0.66,13.56
727,2016-12-14,192000,194000,190000,193500,55652,5.13,0.66,13.56
728,2016-12-15,191000,195000,190500,193000,68251,5.13,0.66,13.56
729,2016-12-16,191500,195000,191500,194000,68936,5.13,0.66,13.56
730,2016-12-19,194000,194500,190500,191000,56669,5.13,0.66,13.56
731,2016-12-20,191000,192500,190500,192500,45783,5.13,0.66,13.56
732,2016-12-21,192000,192500,182500,186000,112389,5.13,0.66,13.56
733,2016-12-22,185500,186000,184000,186000,50658,5.13,0.66,13.56
734,2016-12-23,186500,186500,182000,184500,61297,5.13,0.66,13.56
735,2016-12-26,184500,186000,180500,185500,46925,5.13,0.66,13.56
736,2016-12-27,185500,187000,183000,186500,38920,5.13,0.66,13.56
737,2016-12-28,183500,185000,182000,182000,47905,5.13,0.66,13.56
738,2016-12-29,183000,183500,181500,183000,42579,5.13,0.66,13.56
739,2017-01-02,184000,188500,179500,180500,72116,7.73,0.92,12.26
740,2017-01-03,180000,185500,179000,179500,75322,7.73,0.92,12.26
741,2017-01-04,181500,181500,177500,179000,66213,7.73,0.92,12.26
742,2017-01-05,179000,186500,179000,186500,90211,7.73,0.92,12.26
743,2017-01-06,186000,187500,182500,185500,60552,7.73,0.92,12.26
744,2017-01-09,184000,185000,180000,180000,69357,7.73,0.92,12.26
745,2017-01-10,179500,183500,178500,183000,79656,7.73,0.92,12.26
746,2017-01-11,183000,187000,182500,186500,101671,7.73,0.92,12.26
747,2017-01-12,186500,191500,186500,190500,61806,7.73,0.92,12.26
748,2017-01-13,190500,193000,189000,190500,109423,7.73,0.92,12.26
749,2017-01-16,190000,192000,187500,191500,47615,7.73,0.92,12.26
750,2017-01-17,191500,192000,189000,191500,37096,7.73,0.92,12.26
751,2017-01-18,190500,196000,189500,194500,63883,7.73,0.92,12.26
752,2017-01-19,193500,196000,192000,193500,80266,7.73,0.92,12.26
753,2017-01-20,194500,197500,192000,196500,111137,7.73,0.92,12.26
754,2017-01-23,194000,199500,194000,197500,55678,7.73,0.92,12.26
755,2017-01-24,196500,197000,192000,193500,89109,7.73,0.92,12.26
756,2017-01-25,193000,194500,188000,190000,74648,7.73,0.92,12.26
757,2017-01-26,195500,202000,195500,199500,244775,7.73,0.92,12.26
758,2017-01-31,200000,206500,199000,203000,156215,7.73,0.92,12.26
759,2017-02-01,203000,204500,200000,203500,80934,7.73,0.92,12.26
760,2017-02-02,200000,206500,200000,205000,87971,7.73,0.92,12.26
761,2017-02-03,206000,206500,200500,204000,74295,7.73,0.92,12.26
762,2017-02-06,207000,213500,205000,211500,136058,7.73,0.92,12.26
763,2017-02-07,213500,213500,209000,212000,114244,7.73,0.92,12.26
764,2017-02-08,210000,212500,207500,209000,123929,7.73,0.92,12.26
765,2017-02-09,207500,211500,206000,209000,60622,7.73,0.92,12.26
766,2017-02-10,211000,212000,205500,207500,89289,7.73,0.92,12.26
767,2017-02-13,209000,211000,204000,205500,102694,7.73,0.92,12.26
768,2017-02-14,206500,208500,201500,203000,109279,7.73,0.92,12.26
769,2017-02-15,201500,210500,201500,208500,114822,7.73,0.92,12.26
770,2017-02-16,210500,212500,208500,210500,95780,7.73,0.92,12.26
771,2017-02-17,210000,210500,205500,207000,42321,7.73,0.92,12.26
772,2017-02-20,205500,209000,203500,207000,39999,7.73,0.92,12.26
773,2017-02-21,208500,215000,207000,210500,85597,7.73,0.92,12.26
774,2017-02-22,211000,213000,205000,206500,77738,7.73,0.92,12.26
775,2017-02-23,208500,218000,207500,215000,132289,7.73,0.92,12.26
776,2017-02-24,210500,213000,206000,208500,1262418,7.73,0.92,12.26
777,2017-02-27,211500,212500,208000,210000,229732,7.73,0.92,12.26
778,2017-02-28,212500,212500,206000,208000,136469,7.73,0.92,12.26
779,2017-03-02,211000,211000,201500,203500,182810,7.73,0.92,12.26
780,2017-03-03,203500,205000,201500,203000,139191,7.73,0.92,12.26
781,2017-03-06,201000,203500,198500,201500,76280,7.73,0.92,12.26
782,2017-03-07,202000,209000,201000,204500,71510,7.73,0.92,12.26
783,2017-03-08,202500,211000,202500,208000,105751,7.73,0.92,12.26
784,2017-03-09,212000,212500,205000,205500,134916,7.73,0.92,12.26
785,2017-03-10,207500,214000,207000,209500,163033,7.73,0.92,12.26
786,2017-03-13,209500,212000,207000,208000,69250,7.73,0.92,12.26
787,2017-03-14,208000,210500,206000,209500,100810,7.73,0.92,12.26
788,2017-03-15,209500,210500,207000,210500,128915,7.73,0.92,12.26
789,2017-03-16,213000,214000,206000,208000,126884,7.73,0.92,12.26
790,2017-03-17,208500,214000,205000,214000,117153,7.73,0.92,12.26
791,2017-03-20,214000,214000,204500,207000,88160,7.73,0.92,12.26
792,2017-03-21,208500,208500,197500,199000,278214,7.73,0.92,12.26
793,2017-03-22,199500,205000,199000,203500,105498,7.73,0.92,12.26
794,2017-03-23,205500,205500,199500,200000,71173,7.73,0.92,12.26
795,2017-03-24,201500,208000,200500,208000,104742,7.73,0.92,12.26
796,2017-03-27,208000,213000,206000,211500,87875,7.73,0.92,12.26
797,2017-03-28,211500,213500,207000,211500,82612,7.73,0.92,12.26
798,2017-03-29,210500,211000,208000,210500,75974,7.73,0.92,12.26
799,2017-03-30,212000,213500,207000,208000,44804,7.73,0.92,12.26
800,2017-03-31,208000,210000,205000,205500,144170,7.73,0.92,12.26
801,2017-04-03,205500,210500,204500,210500,72723,7.73,0.92,12.26
802,2017-04-04,208000,212500,206000,210500,45790,7.73,0.92,12.26
803,2017-04-05,214500,214500,210000,212500,70707,7.73,0.92,12.26
804,2017-04-06,213500,214500,209500,214500,73714,7.73,0.92,12.26
805,2017-04-07,215000,226500,214500,225500,215810,7.73,0.92,12.26
806,2017-04-10,223500,230000,222000,224000,125138,7.73,0.92,12.26
807,2017-04-11,224500,234000,223500,225500,153040,7.73,0.92,12.26
808,2017-04-12,229000,235500,226000,235500,142652,7.73,0.92,12.26
809,2017-04-13,238000,238000,231000,234500,98075,7.73,0.92,12.26
810,2017-04-14,231500,234500,229000,232500,44815,7.73,0.92,12.26
811,2017-04-17,232000,238000,231000,233500,37245,7.73,0.92,12.26
812,2017-04-18,235000,237000,231500,234500,67893,7.73,0.92,12.26
813,2017-04-19,232000,236000,230500,235000,96244,7.73,0.92,12.26
814,2017-04-20,236000,236500,231500,236500,89049,7.73,0.92,12.26
815,2017-04-21,236000,237500,233500,235000,72805,7.73,0.92,12.26
816,2017-04-24,236000,238500,230500,235000,81888,7.73,0.92,12.26
817,2017-04-25,231500,235000,229500,231500,126272,7.73,0.92,12.26
818,2017-04-26,234000,241500,233000,238000,88045,7.73,0.92,12.26
819,2017-04-27,239500,240000,232500,235000,72015,7.73,0.92,12.26
820,2017-04-28,231500,233500,228000,230000,128723,7.73,0.92,12.26
821,2017-05-02,228000,230500,223500,224000,140356,7.73,0.92,12.26
822,2017-05-04,221000,229500,221000,228000,134810,7.73,0.92,12.26
823,2017-05-08,230000,241500,228000,241000,77713,7.73,0.92,12.26
824,2017-05-10,241000,241500,231000,233500,133433,7.73,0.92,12.26
825,2017-05-11,233500,235500,220500,227000,287810,7.73,0.92,12.26
826,2017-05-12,227000,229500,225000,227500,115804,7.73,0.92,12.26
827,2017-05-15,228000,228000,221000,223500,189409,7.73,0.92,12.26
828,2017-05-16,225500,228500,224500,228500,95914,7.73,0.92,12.26
829,2017-05-17,227500,229000,225000,228500,70521,7.73,0.92,12.26
830,2017-05-18,227500,229000,222000,227500,102751,7.73,0.92,12.26
831,2017-05-19,228000,229000,225000,227000,53917,7.73,0.92,12.26
832,2017-05-22,229000,229000,221000,226000,116980,7.73,0.92,12.26
833,2017-05-23,224000,228500,223500,226000,63293,7.73,0.92,12.26
834,2017-05-24,229000,231000,226500,229500,69005,7.73,0.92,12.26
835,2017-05-25,229500,232500,226000,231000,109999,7.73,0.92,12.26
836,2017-05-26,230000,233500,227500,229500,77916,7.73,0.92,12.26
837,2017-05-29,231000,237000,230000,235500,91933,7.73,0.92,12.26
838,2017-05-30,236000,241000,234000,239000,105530,7.73,0.92,12.26
839,2017-05-31,239000,243500,238500,243000,201944,7.73,0.92,12.26
840,2017-06-01,244000,248500,241000,244000,103830,7.73,0.92,12.26
841,2017-06-02,244000,252500,243500,251000,134619,7.73,0.92,12.26
842,2017-06-05,253500,259500,250500,252500,114739,7.73,0.92,12.26
843,2017-06-07,251000,252500,248000,250500,144276,7.73,0.92,12.26
844,2017-06-08,248000,249000,242500,243500,129641,7.73,0.92,12.26
845,2017-06-09,244000,244500,237500,242500,114067,7.73,0.92,12.26
846,2017-06-12,243000,243000,235500,237000,64682,7.73,0.92,12.26
847,2017-06-13,238000,240000,238000,239500,64505,7.73,0.92,12.26
848,2017-06-14,239000,240000,234500,237000,129272,7.73,0.92,12.26
849,2017-06-15,234500,237500,230000,232000,87767,7.73,0.92,12.26
850,2017-06-16,231500,232000,228500,231000,91834,7.73,0.92,12.26
851,2017-06-19,231000,232500,226000,228000,64814,7.73,0.92,12.26
852,2017-06-20,228500,231000,226000,227500,64330,7.73,0.92,12.26
853,2017-06-21,225500,226000,219000,223500,113188,7.73,0.92,12.26
854,2017-06-22,223500,228000,220000,220500,118640,7.73,0.92,12.26
855,2017-06-23,221000,221500,216500,219500,168331,7.73,0.92,12.26
856,2017-06-26,221500,223000,217500,220500,68035,7.73,0.92,12.26
857,2017-06-27,222000,231500,221000,229500,162241,7.73,0.92,12.26
858,2017-06-28,231500,232000,227500,229500,73263,7.73,0.92,12.26
859,2017-06-29,230500,236500,229500,236500,137859,7.73,0.92,12.26
860,2017-06-30,235000,236000,231500,234500,76712,7.73,0.92,12.26
861,2017-07-03,236500,236500,230500,233500,43294,7.73,0.92,12.26
862,2017-07-04,233500,235000,226000,226000,65174,7.73,0.92,12.26
863,2017-07-05,225500,229000,221500,227500,66392,7.73,0.92,12.26
864,2017-07-06,228500,238000,224000,236500,102894,7.73,0.92,12.26
865,2017-07-07,235500,236500,230500,232000,80175,7.73,0.92,12.26
866,2017-07-10,232500,241500,232000,238500,137877,7.73,0.92,12.26
867,2017-07-11,243500,251000,242000,243000,185072,7.73,0.92,12.26
868,2017-07-12,243000,246000,232500,233500,114169,7.73,0.92,12.26
869,2017-07-13,237000,239500,233500,235000,81199,7.73,0.92,12.26
870,2017-07-14,237500,247000,236500,244000,72628,7.73,0.92,12.26
871,2017-07-17,245000,245000,231000,238000,154756,7.73,0.92,12.26
872,2017-07-18,238000,238500,234000,238000,68560,7.73,0.92,12.26
873,2017-07-19,239000,240500,237000,238500,48659,7.73,0.92,12.26
874,2017-07-20,240000,240500,233500,235000,47076,7.73,0.92,12.26
875,2017-07-21,234000,237000,233500,236500,58210,7.73,0.92,12.26
876,2017-07-24,238500,244500,236000,243000,86101,7.73,0.92,12.26
877,2017-07-25,243000,245500,241500,242500,74744,7.73,0.92,12.26
878,2017-07-26,245000,249500,243000,246500,51847,7.73,0.92,12.26
879,2017-07-27,243000,245500,240000,243500,62567,7.73,0.92,12.26
880,2017-07-28,242000,258000,242000,250000,121293,7.73,0.92,12.26
881,2017-07-31,250000,260000,249500,254000,88945,7.73,0.92,12.26
882,2017-08-01,251500,258000,248000,251500,80705,7.73,0.92,12.26
883,2017-08-02,251500,254000,248500,251500,45920,7.73,0.92,12.26
884,2017-08-03,249000,251000,243000,245000,64590,7.73,0.92,12.26
885,2017-08-04,242000,246000,241000,242000,76683,7.73,0.92,12.26
886,2017-08-07,242000,252500,242000,247500,73233,7.73,0.92,12.26
887,2017-08-08,246000,247000,241500,242500,56616,7.73,0.92,12.26
888,2017-08-09,240000,245500,239500,243500,37698,7.73,0.92,12.26
889,2017-08-10,241500,246500,241500,243500,68247,7.73,0.92,12.26
890,2017-08-11,240000,243500,237500,242000,93560,7.73,0.92,12.26
891,2017-08-14,241500,245500,231000,233000,124521,7.73,0.92,12.26
892,2017-08-16,233500,233500,228500,232000,80913,7.73,0.92,12.26
893,2017-08-17,230000,232000,229500,231000,75625,7.73,0.92,12.26
894,2017-08-18,229500,232000,229500,232000,55863,7.73,0.92,12.26
895,2017-08-21,232500,233500,221000,222000,150418,7.73,0.92,12.26
896,2017-08-22,222500,226000,222000,225000,151294,7.73,0.92,12.26
897,2017-08-23,227500,229000,225000,227000,87560,7.73,0.92,12.26
898,2017-08-24,228000,231000,226000,230000,106296,7.73,0.92,12.26
899,2017-08-25,234000,234000,228500,231500,142834,7.73,0.92,12.26
900,2017-08-28,231500,233000,226000,226500,129117,7.73,0.92,12.26
901,2017-08-29,226500,227000,218500,221000,126564,7.73,0.92,12.26
902,2017-08-30,221000,224500,216000,224000,125305,7.73,0.92,12.26
903,2017-08-31,222000,224000,219000,224000,88968,7.73,0.92,12.26
904,2017-09-01,225000,225000,220000,222500,108722,7.73,0.92,12.26
905,2017-09-04,220000,223000,218000,218500,41495,7.73,0.92,12.26
906,2017-09-05,219500,220000,213000,213500,88450,7.73,0.92,12.26
907,2017-09-06,212500,212500,203500,207500,129326,7.73,0.92,12.26
908,2017-09-07,207500,211000,203500,210000,83566,7.73,0.92,12.26
909,2017-09-08,209000,216500,208000,215000,83886,7.73,0.92,12.26
910,2017-09-11,216000,222000,215000,215500,86280,7.73,0.92,12.26
911,2017-09-12,216000,218500,214500,218000,49762,7.73,0.92,12.26
912,2017-09-13,217000,218500,213000,217000,80502,7.73,0.92,12.26
913,2017-09-14,216000,220500,216000,219500,96636,7.73,0.92,12.26
914,2017-09-15,219000,220000,214500,220000,97337,7.73,0.92,12.26
915,2017-09-18,218500,222000,217000,220500,72124,7.73,0.92,12.26
916,2017-09-19,218000,221000,217500,219000,62753,7.73,0.92,12.26
917,2017-09-20,219000,219000,203500,215500,338910,7.73,0.92,12.26
918,2017-09-21,212500,214500,210000,213000,99828,7.73,0.92,12.26
919,2017-09-22,212500,213000,209500,211500,81584,7.73,0.92,12.26
920,2017-09-25,210000,210000,207000,207500,60519,7.73,0.92,12.26
921,2017-09-26,208500,212000,204000,210500,97327,7.73,0.92,12.26
922,2017-09-27,209000,212000,206500,208000,40051,7.73,0.92,12.26
923,2017-09-28,204500,207000,203000,205000,84464,7.73,0.92,12.26
924,2017-09-29,207000,209500,205500,208500,89776,7.73,0.92,12.26
925,2017-10-10,212500,219000,211000,217500,180355,7.73,0.92,12.26
926,2017-10-11,215000,218500,214000,216500,108176,7.73,0.92,12.26
927,2017-10-12,215500,219000,214500,219000,77358,7.73,0.92,12.26
928,2017-10-13,219000,222000,217000,221000,98404,7.73,0.92,12.26
929,2017-10-16,219000,228000,214500,226000,135065,7.73,0.92,12.26
930,2017-10-17,227000,227000,220000,222000,63150,7.73,0.92,12.26
931,2017-10-18,220000,226000,219500,221500,63186,7.73,0.92,12.26
932,2017-10-19,223000,226000,220500,221000,125538,7.73,0.92,12.26
933,2017-10-20,220500,223500,217000,220000,72910,7.73,0.92,12.26
934,2017-10-23,218500,223000,217500,220000,40100,7.73,0.92,12.26
935,2017-10-24,219000,225000,218500,222500,56410,7.73,0.92,12.26
936,2017-10-25,221000,226000,219000,222500,80275,7.73,0.92,12.26
937,2017-10-26,220500,227000,220500,224000,74107,7.73,0.92,12.26
938,2017-10-27,222500,226000,222000,225000,33845,7.73,0.92,12.26
939,2017-10-30,225000,226000,220000,221000,65914,7.73,0.92,12.26
940,2017-10-31,220000,225000,219000,224000,68100,7.73,0.92,12.26
941,2017-11-01,220500,225000,220500,223500,79873,7.73,0.92,12.26
942,2017-11-02,222000,223000,217000,218000,62019,7.73,0.92,12.26
943,2017-11-03,219500,222500,215500,221500,82846,7.73,0.92,12.26
944,2017-11-06,221500,223000,218000,221500,40496,7.73,0.92,12.26
945,2017-11-07,219500,234000,219500,233000,125750,7.73,0.92,12.26
946,2017-11-08,229500,234000,226000,233000,101918,7.73,0.92,12.26
947,2017-11-09,234500,240500,225500,232500,162354,7.73,0.92,12.26
948,2017-11-10,230000,241000,227000,236500,122121,7.73,0.92,12.26
949,2017-11-13,237000,246500,236500,243500,120065,7.73,0.92,12.26
950,2017-11-14,239500,246000,239000,242000,81912,7.73,0.92,12.26
951,2017-11-15,240500,243000,233000,237500,92965,7.73,0.92,12.26
952,2017-11-16,239500,248500,238000,243000,83036,7.73,0.92,12.26
953,2017-11-17,248000,254500,244500,248500,154566,7.73,0.92,12.26
954,2017-11-20,246500,258500,246500,252000,112609,7.73,0.92,12.26
955,2017-11-21,253000,255000,247000,250000,103964,7.73,0.92,12.26
956,2017-11-22,248000,253000,245500,247500,78274,7.73,0.92,12.26
957,2017-11-23,247000,251500,246500,246500,32521,7.73,0.92,12.26
958,2017-11-24,253500,264500,251000,262000,115686,7.73,0.92,12.26
959,2017-11-27,260000,278500,259500,269500,140199,7.73,0.92,12.26
960,2017-11-28,268000,274000,266000,266500,60480,7.73,0.92,12.26
961,2017-11-29,265500,269500,261000,265500,108807,7.73,0.92,12.26
962,2017-11-30,274500,280000,270000,273500,147764,7.73,0.92,12.26
963,2017-12-01,268000,271500,261500,266000,87138,7.73,0.92,12.26
964,2017-12-04,268000,271000,262500,267500,55668,7.73,0.92,12.26
965,2017-12-05,264500,273500,264500,270000,64817,7.73,0.92,12.26
966,2017-12-06,273000,273000,265000,267500,96361,7.73,0.92,12.26
967,2017-12-07,267500,268000,254500,257000,122641,7.73,0.92,12.26
968,2017-12-08,255000,265000,255000,257500,78663,7.73,0.92,12.26
969,2017-12-11,256000,259500,254000,258500,43663,7.73,0.92,12.26
970,2017-12-12,256000,261500,255000,260500,47012,7.73,0.92,12.26
971,2017-12-13,260500,275000,258000,273000,97798,7.73,0.92,12.26
972,2017-12-14,275000,277500,270000,270000,154130,7.73,0.92,12.26
973,2017-12-15,270000,285000,270000,282000,133110,7.73,0.92,12.26
974,2017-12-18,283500,287000,274500,276500,64293,7.73,0.92,12.26
975,2017-12-19,276500,276500,266500,272000,56620,7.73,0.92,12.26
976,2017-12-20,268500,273000,267500,272000,47621,7.73,0.92,12.26
977,2017-12-21,268500,276000,264500,273000,74445,7.73,0.92,12.26
978,2017-12-22,275000,275000,267500,270000,49432,7.73,0.92,12.26
979,2017-12-26,270500,274500,264500,267000,52600,7.73,0.92,12.26
980,2017-12-27,263500,270500,260000,268000,40467,7.73,0.92,12.26
981,2017-12-28,265500,271000,264500,271000,46093,7.73,0.92,12.26
982,2018-01-02,272000,273000,260500,262000,62482,5.49,0.62,11.3
983,2018-01-03,255000,263000,255000,260000,63619,5.49,0.62,11.3
984,2018-01-04,264000,264500,255000,259000,78635,5.49,0.62,11.3
985,2018-01-05,260000,260500,256000,259000,58026,5.49,0.62,11.3
986,2018-01-08,260000,273500,259000,271500,81519,5.49,0.62,11.3
987,2018-01-09,268000,275500,266000,275000,66331,5.49,0.62,11.3
988,2018-01-10,273000,279500,273000,278500,58278,5.49,0.62,11.3
989,2018-01-11,280000,280000,268500,276000,93438,5.49,0.62,11.3
990,2018-01-12,273500,279500,268500,269000,86650,5.49,0.62,11.3
991,2018-01-15,269500,271500,262000,263000,70057,5.49,0.62,11.3
992,2018-01-16,262000,265000,257000,258500,107372,5.49,0.62,11.3
993,2018-01-17,258000,266500,258000,260500,120347,5.49,0.62,11.3
994,2018-01-18,260500,264000,259000,260500,72523,5.49,0.62,11.3
995,2018-01-19,261000,266000,260500,266000,68670,5.49,0.62,11.3
996,2018-01-22,265000,266000,259000,264000,73601,5.49,0.62,11.3
997,2018-01-23,262500,264500,259500,261500,79048,5.49,0.62,11.3
998,2018-01-24,260500,262000,259500,259500,69112,5.49,0.62,11.3
999,2018-01-25,259000,259500,254000,256000,133420,5.49,0.62,11.3
1000,2018-01-26,255000,297000,255000,294500,515536,5.49,0.62,11.3
1001,2018-01-29,305500,311000,294500,299000,222747,5.49,0.62,11.3
1002,2018-01-30,300000,302500,292000,296000,94717,5.49,0.62,11.3
1003,2018-01-31,300000,301500,287500,291000,131660,5.49,0.62,11.3
1004,2018-02-01,288500,295500,286000,291500,111459,5.49,0.62,11.3
1005,2018-02-02,291000,292500,285000,289000,79557,5.49,0.62,11.3
1006,2018-02-05,289000,289000,282500,284000,55264,5.49,0.62,11.3
1007,2018-02-06,280500,288000,275500,285000,109165,5.49,0.62,11.3
1008,2018-02-07,285000,292500,278500,280000,122337,5.49,0.62,11.3
1009,2018-02-08,280500,285000,272000,282000,126115,5.49,0.62,11.3
1010,2018-02-09,275000,282000,274500,279000,89130,5.49,0.62,11.3
1011,2018-02-12,279000,286000,270000,280000,104740,5.49,0.62,11.3
1012,2018-02-13,277000,281000,273000,278500,83851,5.49,0.62,11.3
1013,2018-02-14,280000,291000,280000,286000,115711,5.49,0.62,11.3
1014,2018-02-19,296500,300500,286500,299000,116346,5.49,0.62,11.3
1015,2018-02-20,295500,301500,293000,295000,58255,5.49,0.62,11.3
1016,2018-02-21,297500,304500,288500,300500,111963,5.49,0.62,11.3
1017,2018-02-22,296500,301000,292500,297500,61975,5.49,0.62,11.3
1018,2018-02-23,301000,310000,297500,310000,111962,5.49,0.62,11.3
1019,2018-02-26,315000,323500,310500,317500,130535,5.49,0.62,11.3
1020,2018-02-27,312500,319500,306000,307500,100801,5.49,0.62,11.3
1021,2018-02-28,302000,313000,302000,304000,111129,5.49,0.62,11.3
1022,2018-03-02,298500,314000,298000,312000,95962,5.49,0.62,11.3
1023,2018-03-05,309500,317000,295500,298500,108244,5.49,0.62,11.3
1024,2018-03-06,299000,303000,293500,297500,86213,5.49,0.62,11.3
1025,2018-03-07,294000,300000,293000,293000,84469,5.49,0.62,11.3
1026,2018-03-08,297500,303500,288500,294000,116457,5.49,0.62,11.3
1027,2018-03-09,295500,305500,291000,305000,83861,5.49,0.62,11.3
1028,2018-03-12,305000,305000,286000,286500,186601,5.49,0.62,11.3
1029,2018-03-13,286500,287000,281000,282000,117945,5.49,0.62,11.3
1030,2018-03-14,282500,283000,276000,281000,77834,5.49,0.62,11.3
1031,2018-03-15,280000,283500,274500,282000,118651,5.49,0.62,11.3
1032,2018-03-16,283500,290000,282000,287000,125332,5.49,0.62,11.3
1033,2018-03-19,288000,288000,277000,280500,117280,5.49,0.62,11.3
1034,2018-03-20,279500,285000,277000,283000,58345,5.49,0.62,11.3
1035,2018-03-21,280500,285500,280500,281000,46716,5.49,0.62,11.3
1036,2018-03-22,280500,284000,278000,279500,55081,5.49,0.62,11.3
1037,2018-03-23,275500,278500,271500,278000,84040,5.49,0.62,11.3
1038,2018-03-26,275000,277000,267000,276500,100775,5.49,0.62,11.3
1039,2018-03-27,277000,277000,268000,269500,139586,5.49,0.62,11.3
1040,2018-03-28,269000,273500,266000,270500,95592,5.49,0.62,11.3
1041,2018-03-29,270000,271500,266500,270500,99913,5.49,0.62,11.3
1042,2018-03-30,270500,276000,270500,273500,83224,5.49,0.62,11.3
1043,2018-04-02,272500,276000,270000,273500,103311,5.49,0.62,11.3
1044,2018-04-03,274000,286000,270500,284000,136722,5.49,0.62,11.3
1045,2018-04-04,283000,291500,282000,289500,141013,5.49,0.62,11.3
1046,2018-04-05,290500,295000,280000,283500,130373,5.49,0.62,11.3
1047,2018-04-06,283500,288000,279000,287500,75373,5.49,0.62,11.3
1048,2018-04-09,290500,290500,283500,288000,60069,5.49,0.62,11.3
1049,2018-04-10,285500,292000,283000,290500,62953,5.49,0.62,11.3
1050,2018-04-11,286500,288000,281000,281000,94912,5.49,0.62,11.3
1051,2018-04-12,280000,281000,273000,276500,102251,5.49,0.62,11.3
1052,2018-04-13,275000,281500,275000,280000,56282,5.49,0.62,11.3
1053,2018-04-16,280000,281500,276000,278000,34578,5.49,0.62,11.3
1054,2018-04-17,276500,278500,272000,273000,46923,5.49,0.62,11.3
1055,2018-04-18,272500,276000,271000,274000,54643,5.49,0.62,11.3
1056,2018-04-19,273000,275000,267500,268000,95912,5.49,0.62,11.3
1057,2018-04-20,267000,268000,262000,267000,96518,5.49,0.62,11.3
1058,2018-04-23,265500,268500,263500,266500,65134,5.49,0.62,11.3
1059,2018-04-24,268000,274500,268000,270000,80276,5.49,0.62,11.3
1060,2018-04-25,271500,271500,263500,269000,47212,5.49,0.62,11.3
1061,2018-04-26,269000,271000,266500,268500,46129,5.49,0.62,11.3
1062,2018-04-27,266500,270000,264000,264500,52785,5.49,0.62,11.3
1063,2018-04-30,267000,272500,266000,270000,53984,5.49,0.62,11.3
1064,2018-05-02,271000,272500,266500,271500,45198,5.49,0.62,11.3
1065,2018-05-03,270000,271500,263000,264500,73788,5.49,0.62,11.3
1066,2018-05-04,263500,270500,263500,265500,56841,5.49,0.62,11.3
1067,2018-05-08,264500,266500,259000,261500,83937,5.49,0.62,11.3
1068,2018-05-09,260000,263000,256000,257000,63130,5.49,0.62,11.3
1069,2018-05-10,255500,271500,255500,270000,147645,5.49,0.62,11.3
1070,2018-05-11,266500,270500,258000,261000,155232,5.49,0.62,11.3
1071,2018-05-14,262000,269000,262000,268000,67188,5.49,0.62,11.3
1072,2018-05-15,265500,266000,261500,261500,46160,5.49,0.62,11.3
1073,2018-05-16,259500,260000,254500,259000,80294,5.49,0.62,11.3
1074,2018-05-17,259000,266500,258500,259500,59846,5.49,0.62,11.3
1075,2018-05-18,260000,272500,260000,271500,140670,5.49,0.62,11.3
1076,2018-05-21,271500,279500,271500,277000,126708,5.49,0.62,11.3
1077,2018-05-23,270500,273000,266000,266000,76813,5.49,0.62,11.3
1078,2018-05-24,267000,271000,264000,267000,49974,5.49,0.62,11.3
1079,2018-05-25,266500,268500,258500,262000,74227,5.49,0.62,11.3
1080,2018-05-28,261500,263000,257000,261500,58513,5.49,0.62,11.3
1081,2018-05-29,260500,269000,258000,267000,51122,5.49,0.62,11.3
1082,2018-05-30,263500,267000,259500,260000,62424,5.49,0.62,11.3
1083,2018-05-31,260500,262000,247000,250000,184908,5.49,0.62,11.3
1084,2018-06-01,250000,251000,247000,249000,86684,5.49,0.62,11.3
1085,2018-06-04,249000,249500,236500,242000,228469,5.49,0.62,11.3
1086,2018-06-05,241500,247000,240500,242000,79398,5.49,0.62,11.3
1087,2018-06-07,244000,250000,243000,249500,98698,5.49,0.62,11.3
1088,2018-06-08,250000,254000,246000,248500,84661,5.49,0.62,11.3
1089,2018-06-11,249500,249500,243000,249000,57191,5.49,0.62,11.3
1090,2018-06-12,250500,255000,249000,252000,50059,5.49,0.62,11.3
1091,2018-06-14,251000,252500,247000,247500,97988,5.49,0.62,11.3
1092,2018-06-15,246500,246500,239000,239000,107340,5.49,0.62,11.3
1093,2018-06-18,239500,242000,237000,238000,68801,5.49,0.62,11.3
1094,2018-06-19,241000,247500,238000,242500,131172,5.49,0.62,11.3
1095,2018-06-20,243000,248500,242500,242500,88264,5.49,0.62,11.3
1096,2018-06-21,238500,241500,235000,238000,90387,5.49,0.62,11.3
1097,2018-06-22,235000,240500,234000,239000,65560,5.49,0.62,11.3
1098,2018-06-25,237500,248000,237500,242500,64947,5.49,0.62,11.3
1099,2018-06-26,245000,250500,244000,246000,82041,5.49,0.62,11.3
1100,2018-06-27,244000,251500,241500,248000,66538,5.49,0.62,11.3
1101,2018-06-28,253500,265500,252000,256000,232862,5.49,0.62,11.3
1102,2018-06-29,254000,256500,245500,254500,104066,5.49,0.62,11.3
1103,2018-07-02,254500,254500,245500,248000,57053,5.49,0.62,11.3
1104,2018-07-03,251000,251000,244000,248500,43649,5.49,0.62,11.3
1105,2018-07-04,244500,255500,244500,253500,44708,5.49,0.62,11.3
1106,2018-07-05,253000,255000,246000,248000,38715,5.49,0.62,11.3
1107,2018-07-06,246500,251000,242500,245500,74857,5.49,0.62,11.3
1108,2018-07-09,243500,246000,240000,242000,55008,5.49,0.62,11.3
1109,2018-07-10,241000,245000,240000,245000,64422,5.49,0.62,11.3
1110,2018-07-11,241000,244500,234000,235000,108479,5.49,0.62,11.3
1111,2018-07-12,234000,234500,216500,218500,339363,5.49,0.62,11.3
1112,2018-07-13,219000,221500,218000,220500,151053,5.49,0.62,11.3
1113,2018-07-16,220500,221000,212000,216000,199476,5.49,0.62,11.3
1114,2018-07-17,216000,222500,214500,221000,130944,5.49,0.62,11.3
1115,2018-07-18,222000,231000,220000,227000,136709,5.49,0.62,11.3
1116,2018-07-19,225500,230000,219000,220000,66457,5.49,0.62,11.3
1117,2018-07-20,218500,227000,218500,227000,58771,5.49,0.62,11.3
1118,2018-07-23,227500,230000,225000,228000,51567,5.49,0.62,11.3
1119,2018-07-24,230500,231000,225500,229500,43706,5.49,0.62,11.3
1120,2018-07-25,230000,231500,223000,224500,74458,5.49,0.62,11.3
1121,2018-07-26,225000,227000,220000,222000,76120,5.49,0.62,11.3
1122,2018-07-27,224000,224000,218000,218000,72697,5.49,0.62,11.3
1123,2018-07-30,218000,225500,218000,222500,81506,5.49,0.62,11.3
1124,2018-07-31,222500,225000,218000,218500,75971,5.49,0.62,11.3
1125,2018-08-01,219500,225000,219000,224500,56985,5.49,0.62,11.3
1126,2018-08-02,223500,226500,222500,222500,48477,5.49,0.62,11.3
1127,2018-08-03,221500,222000,218000,219500,73585,5.49,0.62,11.3
1128,2018-08-06,220500,229000,220500,226500,133944,5.49,0.62,11.3
1129,2018-08-07,225500,230000,220500,221000,112997,5.49,0.62,11.3
1130,2018-08-08,221500,224000,221000,223500,43254,5.49,0.62,11.3
1131,2018-08-09,224500,227000,220000,226000,130973,5.49,0.62,11.3
1132,2018-08-10,225000,225000,217000,218000,144912,5.49,0.62,11.3
1133,2018-08-13,218500,220000,216000,217500,82878,5.49,0.62,11.3
1134,2018-08-14,219500,219500,212000,212000,85898,5.49,0.62,11.3
1135,2018-08-16,206000,209000,200500,204000,168909,5.49,0.62,11.3
1136,2018-08-17,206000,209500,205000,207000,90058,5.49,0.62,11.3
1137,2018-08-20,208000,213500,206500,212500,100227,5.49,0.62,11.3
1138,2018-08-21,213000,216500,210000,212000,94455,5.49,0.62,11.3
1139,2018-08-22,212000,215500,211500,212500,47696,5.49,0.62,11.3
1140,2018-08-23,212500,215000,205500,207500,121534,5.49,0.62,11.3
1141,2018-08-24,207500,211000,206000,210500,50163,5.49,0.62,11.3
1142,2018-08-27,210500,213000,208000,211000,80081,5.49,0.62,11.3
1143,2018-08-28,217000,226500,215500,221500,206599,5.49,0.62,11.3
1144,2018-08-29,224000,224000,218500,219500,81793,5.49,0.62,11.3
1145,2018-08-30,217000,218000,212500,214500,86924,5.49,0.62,11.3
1146,2018-08-31,214000,215000,211000,214500,67902,5.49,0.62,11.3
1147,2018-09-03,212500,214000,211000,211500,39679,5.49,0.62,11.3
1148,2018-09-04,212000,212500,208500,211500,46128,5.49,0.62,11.3
1149,2018-09-05,211500,214500,208000,209000,88739,5.49,0.62,11.3
1150,2018-09-06,208500,212500,208000,209000,38570,5.49,0.62,11.3
1151,2018-09-07,209500,210500,205500,207000,100460,5.49,0.62,11.3
1152,2018-09-10,205000,205500,200000,201000,168561,5.49,0.62,11.3
1153,2018-09-11,200500,201500,195000,195500,185568,5.49,0.62,11.3
1154,2018-09-12,197500,199500,195000,197000,89985,5.49,0.62,11.3
1155,2018-09-13,198500,201500,196500,201000,130251,5.49,0.62,11.3
1156,2018-09-14,200500,203000,200500,201500,83626,5.49,0.62,11.3
1157,2018-09-17,201500,202500,200000,201000,60581,5.49,0.62,11.3
1158,2018-09-18,199000,199000,192500,193500,218882,5.49,0.62,11.3
1159,2018-09-19,193000,194500,190000,191500,95404,5.49,0.62,11.3
1160,2018-09-20,190500,194000,187500,188000,176440,5.49,0.62,11.3
1161,2018-09-21,190000,191000,188500,190500,137305,5.49,0.62,11.3
1162,2018-09-27,190500,197500,190500,197000,159278,5.49,0.62,11.3
1163,2018-09-28,199000,212000,199000,207500,313911,5.49,0.62,11.3
1164,2018-10-01,208500,216000,208000,210500,188023,5.49,0.62,11.3
1165,2018-10-02,210500,213500,206500,209000,91722,5.49,0.62,11.3
1166,2018-10-04,210000,213500,205000,210000,142022,5.49,0.62,11.3
1167,2018-10-05,210500,221000,207000,219500,200989,5.49,0.62,11.3
1168,2018-10-08,220000,220000,214000,215000,89776,5.49,0.62,11.3
1169,2018-10-10,213000,214500,210000,212500,81448,5.49,0.62,11.3
1170,2018-10-11,206000,209500,202500,205500,96254,5.49,0.62,11.3
1171,2018-10-12,205000,210000,203000,203500,92297,5.49,0.62,11.3
1172,2018-10-15,203000,209000,201000,206500,61792,5.49,0.62,11.3
1173,2018-10-16,208000,214500,204500,211500,67279,5.49,0.62,11.3
1174,2018-10-17,212000,213500,206000,206000,69622,5.49,0.62,11.3
1175,2018-10-18,205500,213000,204000,208500,75484,5.49,0.62,11.3
1176,2018-10-19,208000,211000,201500,210000,57150,5.49,0.62,11.3
1177,2018-10-22,209000,217500,205000,216000,79330,5.49,0.62,11.3
1178,2018-10-23,213000,215000,204500,208500,96826,5.49,0.62,11.3
1179,2018-10-24,211500,211500,206000,209500,78478,5.49,0.62,11.3
1180,2018-10-25,203000,206000,198500,201000,93987,5.49,0.62,11.3
1181,2018-10-26,201000,205000,189000,193500,111961,5.49,0.62,11.3
1182,2018-10-29,196000,199000,194000,196000,56472,5.49,0.62,11.3
1183,2018-10-30,196000,197500,190000,194500,76108,5.49,0.62,11.3
1184,2018-10-31,195500,212500,195500,204500,190614,5.49,0.62,11.3
1185,2018-11-01,207000,211500,202500,203000,100375,5.49,0.62,11.3
1186,2018-11-02,202500,207500,202000,203000,80322,5.49,0.62,11.3
1187,2018-11-05,203500,205500,198000,201500,53475,5.49,0.62,11.3
1188,2018-11-06,203500,208000,201000,208000,72984,5.49,0.62,11.3
1189,2018-11-07,208000,212500,203000,207000,82481,5.49,0.62,11.3
1190,2018-11-08,207500,213000,207500,208500,91040,5.49,0.62,11.3
1191,2018-11-09,207000,212000,200500,202500,76483,5.49,0.62,11.3
1192,2018-11-12,200000,200000,190500,193000,154063,5.49,0.62,11.3
1193,2018-11-13,190000,192500,188000,191000,103293,5.49,0.62,11.3
1194,2018-11-14,190500,193500,188000,190500,86902,5.49,0.62,11.3
1195,2018-11-15,191000,194000,190000,193500,55299,5.49,0.62,11.3
1196,2018-11-16,196500,197500,191000,194000,66858,5.49,0.62,11.3
1197,2018-11-19,193000,195000,192500,194500,54803,5.49,0.62,11.3
1198,2018-11-20,194000,194500,190500,191500,54301,5.49,0.62,11.3
1199,2018-11-21,190000,191500,182500,186500,153431,5.49,0.62,11.3
1200,2018-11-22,187500,187500,183500,186500,68458,5.49,0.62,11.3
1201,2018-11-23,186500,188000,185000,186500,53648,5.49,0.62,11.3
1202,2018-11-26,188500,191500,187500,189500,82185,5.49,0.62,11.3
1203,2018-11-27,190000,192500,188500,190000,62240,5.49,0.62,11.3
1204,2018-11-28,190500,191000,187000,188500,77209,5.49,0.62,11.3
1205,2018-11-29,191500,195500,191000,194000,135761,5.49,0.62,11.3
1206,2018-11-30,193500,195000,191500,195000,121569,5.49,0.62,11.3
1207,2018-12-03,195500,196500,193000,194000,90759,5.49,0.62,11.3
1208,2018-12-04,193500,194500,190500,192000,64050,5.49,0.62,11.3
1209,2018-12-05,191500,194500,190500,193500,57284,5.49,0.62,11.3
1210,2018-12-06,194500,194500,186500,189500,86524,5.49,0.62,11.3
1211,2018-12-07,190000,193000,188000,192500,61356,5.49,0.62,11.3
1212,2018-12-10,192500,192500,182500,183500,167871,5.49,0.62,11.3
1213,2018-12-11,184000,186000,182500,184500,56255,5.49,0.62,11.3
1214,2018-12-12,185500,186000,181000,184000,114978,5.49,0.62,11.3
1215,2018-12-13,184000,185000,181000,181500,174253,5.49,0.62,11.3
1216,2018-12-14,181500,184000,181500,182500,64560,5.49,0.62,11.3
1217,2018-12-17,183000,187500,181500,187500,80930,5.49,0.62,11.3
1218,2018-12-18,187500,191000,185500,187500,73556,5.49,0.62,11.3
1219,2018-12-19,190000,192000,188500,192000,58445,5.49,0.62,11.3
1220,2018-12-20,192000,193500,188000,190000,66417,5.49,0.62,11.3
1221,2018-12-21,192500,193000,184000,186500,83617,5.49,0.62,11.3
1222,2018-12-24,185000,187500,183500,186500,37537,5.49,0.62,11.3
1223,2018-12-26,184000,186000,181000,181500,65659,5.49,0.62,11.3
1224,2018-12-27,181000,185500,179000,184000,50016,5.49,0.62,11.3
1225,2018-12-28,183000,185000,181500,182500,45473,5.49,0.62,11.3
1226,2019-01-02,182000,185000,179000,180000,68572,2.76,0.39,15.2
1227,2019-01-03,181500,187000,181000,186500,83959,2.76,0.39,15.2
1228,2019-01-04,186500,197000,186000,194000,138010,2.76,0.39,15.2
1229,2019-01-07,194500,197000,188000,191500,87650,2.76,0.39,15.2
1230,2019-01-08,194000,199000,192500,196000,101244,2.76,0.39,15.2
1231,2019-01-09,196500,200000,194000,199500,70444,2.76,0.39,15.2
1232,2019-01-10,196500,198000,193000,193500,70362,2.76,0.39,15.2
1233,2019-01-11,192000,194000,189000,191500,69020,2.76,0.39,15.2
1234,2019-01-14,192000,194000,188000,193000,68565,2.76,0.39,15.2
1235,2019-01-15,194000,203500,193000,197500,131644,2.76,0.39,15.2
1236,2019-01-16,196500,199500,196500,198000,63227,2.76,0.39,15.2
1237,2019-01-17,196500,198000,190500,193000,108060,2.76,0.39,15.2
1238,2019-01-18,193000,193500,191000,192500,83266,2.76,0.39,15.2
1239,2019-01-21,192500,193000,190500,191500,57443,2.76,0.39,15.2
1240,2019-01-22,191000,192000,187000,191500,110785,2.76,0.39,15.2
1241,2019-01-23,191000,194000,190000,193000,67912,2.76,0.39,15.2
1242,2019-01-24,191500,193000,191000,192500,61113,2.76,0.39,15.2
1243,2019-01-25,191000,193500,190000,193000,63488,2.76,0.39,15.2
1244,2019-01-28,192000,192500,190000,191000,71708,2.76,0.39,15.2
1245,2019-01-29,190000,192000,186500,188500,106400,2.76,0.39,15.2
1246,2019-01-30,188500,193000,186000,193000,138020,2.76,0.39,15.2
1247,2019-01-31,194000,194500,191500,192000,98913,2.76,0.39,15.2
1248,2019-02-01,186000,187000,178000,180000,473212,2.76,0.39,15.2
1249,2019-02-07,180000,180500,178500,178500,138640,2.76,0.39,15.2
1250,2019-02-08,179000,180500,176000,177500,162451,2.76,0.39,15.2
1251,2019-02-11,177500,178500,175000,175500,142246,2.76,0.39,15.2
1252,2019-02-12,174500,176500,170500,172500,191758,2.76,0.39,15.2
1253,2019-02-13,172500,175500,171000,175500,117875,2.76,0.39,15.2
1254,2019-02-14,174500,182000,173000,182000,262827,2.76,0.39,15.2
1255,2019-02-15,180000,180000,176000,177000,143215,2.76,0.39,15.2
1256,2019-02-18,177500,179500,176000,179500,133261,2.76,0.39,15.2
1257,2019-02-20,179000,179000,176000,178500,116516,2.76,0.39,15.2
1258,2019-02-21,178000,181000,177500,178000,102833,2.76,0.39,15.2
1259,2019-02-22,178000,180500,177500,179500,88188,2.76,0.39,15.2
1260,2019-02-25,179500,180000,177500,178500,72140,2.76,0.39,15.2
1261,2019-02-26,178500,180000,178000,179500,85874,2.76,0.39,15.2
1262,2019-02-27,180000,183000,179500,181500,118294,2.76,0.39,15.2
1263,2019-02-28,181500,183000,180000,180000,120663,2.76,0.39,15.2
1264,2019-03-04,180500,182500,179000,180000,116734,2.76,0.39,15.2
1265,2019-03-05,179000,182500,178000,182000,100091,2.76,0.39,15.2
1266,2019-03-06,180500,181500,177000,177500,131649,2.76,0.39,15.2
1267,2019-03-07,177500,178500,176000,176000,62929,2.76,0.39,15.2
1268,2019-03-08,175000,178000,175000,176000,59813,2.76,0.39,15.2
1269,2019-03-11,175500,177000,173000,176000,78655,2.76,0.39,15.2
1270,2019-03-12,177500,178000,174000,174500,84428,2.76,0.39,15.2
1271,2019-03-13,174000,176500,173500,175500,45664,2.76,0.39,15.2
1272,2019-03-14,176500,177500,173500,176000,117025,2.76,0.39,15.2
1273,2019-03-15,176000,179000,175500,177000,136895,2.76,0.39,15.2
1274,2019-03-18,179000,182500,178500,179500,141983,2.76,0.39,15.2
1275,2019-03-19,180500,182500,178500,182500,94107,2.76,0.39,15.2
1276,2019-03-20,182500,182500,179500,181000,59894,2.76,0.39,15.2
1277,2019-03-21,180000,180500,176000,177500,110505,2.76,0.39,15.2
1278,2019-03-22,177000,178000,175000,177000,87640,2.76,0.39,15.2
1279,2019-03-25,175000,176500,172000,172500,93848,2.76,0.39,15.2
1280,2019-03-26,173000,176000,172500,173000,74093,2.76,0.39,15.2
1281,2019-03-27,173500,174500,171500,172000,93317,2.76,0.39,15.2
1282,2019-03-28,172500,173000,170000,170500,89513,2.76,0.39,15.2
1283,2019-03-29,171000,172500,170500,172000,121074,2.76,0.39,15.2
1284,2019-04-01,172500,173500,171500,173500,94899,2.76,0.39,15.2
1285,2019-04-02,173000,173500,172000,172500,108060,2.76,0.39,15.2
1286,2019-04-03,171000,174000,170500,173000,132646,2.76,0.39,15.2
1287,2019-04-04,172500,174000,172000,172000,88843,2.76,0.39,15.2
1288,2019-04-05,173000,174500,170500,171500,93981,2.76,0.39,15.2
1289,2019-04-08,175500,181500,175500,180500,335009,2.76,0.39,15.2
1290,2019-04-09,181500,182500,179500,181500,209824,2.76,0.39,15.2
1291,2019-04-10,180000,181000,177000,179500,131149,2.76,0.39,15.2
1292,2019-04-11,180000,181500,178000,180000,155117,2.76,0.39,15.2
1293,2019-04-12,180500,180500,177000,178000,105772,2.76,0.39,15.2
1294,2019-04-15,179000,181000,177500,180000,136667,2.76,0.39,15.2
1295,2019-04-16,179500,179500,177500,179000,85780,2.76,0.39,15.2
1296,2019-04-17,178500,179000,177500,177500,70066,2.76,0.39,15.2
1297,2019-04-18,176500,177500,174000,174500,131741,2.76,0.39,15.2
1298,2019-04-19,175000,176500,173500,174000,75623,2.76,0.39,15.2
1299,2019-04-22,174500,175000,173500,174000,48851,2.76,0.39,15.2
1300,2019-04-23,174000,176000,173500,174500,72015,2.76,0.39,15.2
1301,2019-04-24,174500,175500,171500,172000,101696,2.76,0.39,15.2
1302,2019-04-25,172000,172500,170500,171000,85488,2.76,0.39,15.2
1303,2019-04-26,171000,172000,170500,171000,56392,2.76,0.39,15.2
1304,2019-04-29,171000,172000,170500,171500,47578,2.76,0.39,15.2
1305,2019-04-30,171500,174000,171000,172000,79465,2.76,0.39,15.2
1306,2019-05-02,172000,175000,171500,173000,89216,2.76,0.39,15.2
1307,2019-05-03,172000,173000,170500,170500,118749,2.76,0.39,15.2
1308,2019-05-07,170000,170000,166500,168000,135156,2.76,0.39,15.2
1309,2019-05-08,166000,168000,164500,167000,118841,2.76,0.39,15.2
1310,2019-05-09,166500,167000,162000,162000,164285,2.76,0.39,15.2
1311,2019-05-10,162500,164000,158000,160500,138677,2.76,0.39,15.2
1312,2019-05-13,160500,161000,158000,158500,96923,2.76,0.39,15.2
1313,2019-05-14,156500,161000,155000,158500,88151,2.76,0.39,15.2
1314,2019-05-15,158000,159500,153000,155000,218765,2.76,0.39,15.2
1315,2019-05-16,153000,153500,146000,146500,388331,2.76,0.39,15.2
1316,2019-05-17,147000,148000,144000,145500,228269,2.76,0.39,15.2
1317,2019-05-20,146500,150000,146000,146500,107890,2.76,0.39,15.2
1318,2019-05-21,146000,148000,145000,145500,97493,2.76,0.39,15.2
1319,2019-05-22,146000,147500,145500,146000,114033,2.76,0.39,15.2
1320,2019-05-23,145500,146000,142000,143500,194655,2.76,0.39,15.2
1321,2019-05-24,142500,144500,142000,143000,74888,2.76,0.39,15.2
1322,2019-05-27,144000,146500,143000,143500,94410,2.76,0.39,15.2
1323,2019-05-28,144000,147000,144000,146500,209711,2.76,0.39,15.2
1324,2019-05-29,146500,147000,142000,142500,153649,2.76,0.39,15.2
1325,2019-05-30,143000,144000,141000,143000,115744,2.76,0.39,15.2
1326,2019-04-19,175000,176500,173500,174000,75623,2.76,0.39,15.2
1327,2019-06-03,144000,147500,142500,147000,89640,2.76,0.39,15.2
1328,2019-06-04,147000,147000,143500,144500,98477,2.76,0.39,15.2
1329,2019-06-05,145500,147000,145000,145500,73657,2.76,0.39,15.2
1330,2019-06-07,145500,146500,144000,146000,55860,2.76,0.39,15.2
1331,2019-06-10,146500,148000,146000,147000,73807,2.76,0.39,15.2
1332,2019-06-11,147000,149000,146000,149000,64016,2.76,0.39,15.2
1333,2019-06-12,149000,149000,146500,147000,75353,2.76,0.39,15.2
1334,2019-06-13,147000,148000,144500,148000,121105,2.76,0.39,15.2
1335,2019-06-14,148000,148000,144500,145500,69521,2.76,0.39,15.2
1336,2019-06-17,145500,147000,144500,145500,53992,2.76,0.39,15.2
1337,2019-06-18,145000,145500,142000,142500,132503,2.76,0.39,15.2
1338,2019-06-19,143000,146000,143000,145500,131143,2.76,0.39,15.2
1339,2019-06-20,145500,149500,145000,146500,88619,2.76,0.39,15.2
1340,2019-06-21,146500,146500,143500,144000,82792,2.76,0.39,15.2
1341,2019-06-24,144000,144500,143000,143000,49821,2.76,0.39,15.2
1342,2019-06-25,143000,144000,141500,142500,88792,2.76,0.39,15.2
1343,2019-06-26,142500,143000,139500,140000,104482,2.76,0.39,15.2
1344,2019-06-27,140000,143500,138500,142000,89659,2.76,0.39,15.2
1345,2019-06-28,142000,142500,139500,140000,80596,2.76,0.39,15.2
1346,2019-07-01,141000,144500,141000,144000,91986,2.76,0.39,15.2
1347,2019-07-02,143000,144000,141500,142000,63585,2.76,0.39,15.2
1348,2019-07-03,141500,142000,139500,140000,72363,2.76,0.39,15.2
1349,2019-07-04,139000,141000,138500,140500,61666,2.76,0.39,15.2
1350,2019-07-05,140500,144000,140000,143000,73624,2.76,0.39,15.2
1351,2019-07-08,142000,142500,139000,140500,103352,2.76,0.39,15.2
1352,2019-07-09,140500,141500,139000,139000,73296,2.76,0.39,15.2
1353,2019-07-10,139000,140000,138500,138500,48055,2.76,0.39,15.2
1354,2019-07-11,138500,142500,138500,141000,111446,2.76,0.39,15.2
1355,2019-07-12,141000,146500,139500,140000,192847,2.76,0.39,15.2
1356,2019-07-15,140000,141000,134000,134500,231528,2.76,0.39,15.2
1357,2019-07-16,134500,137000,133500,136500,149886,2.76,0.39,15.2
1358,2019-07-17,136000,137000,134000,135500,91391,2.76,0.39,15.2
1359,2019-07-18,134000,135000,130000,130000,183786,2.76,0.39,15.2
1360,2019-07-19,130000,131000,126000,129000,343784,2.76,0.39,15.2
1361,2019-07-22,129000,130500,127500,129000,107519,2.76,0.39,15.2
1362,2019-07-23,128500,129000,126500,127500,153980,2.76,0.39,15.2
1363,2019-07-24,127500,128500,126500,127000,119748,2.76,0.39,15.2
1364,2019-07-25,127000,128000,123500,126000,151606,2.76,0.39,15.2
1365,2019-07-26,125000,128000,125000,126500,119003,2.76,0.39,15.2
1366,2019-07-29,126000,127000,123000,123000,115003,2.76,0.39,15.2
1367,2019-07-30,122000,124500,122000,123000,64333,2.76,0.39,15.2
1368,2019-07-31,122000,123000,118500,122000,195290,2.76,0.39,15.2
1369,2019-08-01,120000,121000,118500,120500,76809,2.76,0.39,15.2
1370,2019-08-02,119000,119000,117000,118500,109811,2.76,0.39,15.2
1371,2019-08-05,118000,118000,113500,116000,176601,2.76,0.39,15.2
1372,2019-08-06,112000,115500,111500,112500,263088,2.76,0.39,15.2
1373,2019-08-07,112000,114000,110000,110500,216468,2.76,0.39,15.2
1374,2019-08-08,111500,113500,110500,110500,215766,2.76,0.39,15.2
1375,2019-08-09,111000,112500,106000,109000,282579,2.76,0.39,15.2
1376,2019-08-12,108000,108000,104500,105500,228679,2.76,0.39,15.2
1377,2019-08-13,105000,114000,104500,112500,750186,2.76,0.39,15.2
1378,2019-08-14,114500,115000,110500,111000,228140,2.76,0.39,15.2
1379,2019-08-16,109000,109500,106000,106000,278776,2.76,0.39,15.2
1380,2019-08-19,107000,111000,106000,110500,195369,2.76,0.39,15.2
1381,2019-08-20,110000,113500,109500,112000,174821,2.76,0.39,15.2
1382,2019-08-21,112000,115000,111000,113500,150717,2.76,0.39,15.2
1383,2019-08-22,114500,119000,114000,115500,380482,2.76,0.39,15.2
1384,2019-08-23,114000,116500,114000,115500,164159,2.76,0.39,15.2
1385,2019-08-26,113000,118500,112000,115500,134900,2.76,0.39,15.2
1386,2019-08-27,116500,118000,114500,115000,160889,2.76,0.39,15.2
1387,2019-08-28,115500,117000,114500,116500,117325,2.76,0.39,15.2
1388,2019-08-29,116000,117500,114000,116000,242082,2.76,0.39,15.2
1389,2019-08-30,117000,117000,115500,116000,160846,2.76,0.39,15.2
1390,2019-09-02,115500,115500,112500,113500,150353,2.76,0.39,15.2
1391,2019-09-03,113500,116000,113000,114000,183217,2.76,0.39,15.2
1392,2019-09-04,114500,115000,112000,114000,166450,2.76,0.39,15.2
1393,2019-09-05,114000,114500,112000,112500,153476,2.76,0.39,15.2
1394,2019-09-06,113000,113500,110500,112000,117805,2.76,0.39,15.2
1395,2019-09-09,112000,116000,112000,115500,145435,2.76,0.39,15.2
1396,2019-09-10,115000,117500,114500,115500,160327,2.76,0.39,15.2
1397,2019-09-11,116000,116500,115000,115500,144365,2.76,0.39,15.2
1398,2019-09-16,116000,117000,114500,116000,187881,2.76,0.39,15.2
1399,2019-09-17,116500,117000,115000,115500,118599,2.76,0.39,15.2
1400,2019-09-18,116000,117000,115500,115500,165222,2.76,0.39,15.2
1401,2019-09-19,116000,116500,113000,113500,160288,2.76,0.39,15.2
1402,2019-09-20,113500,114500,112000,113500,165259,2.76,0.39,15.2
1403,2019-09-23,113500,116000,113500,115500,77985,2.76,0.39,15.2
1404,2019-09-24,116000,116000,114000,115000,138441,2.76,0.39,15.2
1405,2019-09-25,115000,116000,113500,113500,184085,2.76,0.39,15.2
1406,2019-09-26,114000,115500,113500,114000,111284,2.76,0.39,15.2
1407,2019-09-27,115000,116500,113500,115500,169322,2.76,0.39,15.2
1408,2019-09-30,115000,115500,113000,113000,144001,2.76,0.39,15.2
1409,2019-10-01,114000,115500,113000,114000,130817,2.76,0.39,15.2
1410,2019-10-02,113500,115000,111500,112000,156567,2.76,0.39,15.2
1411,2019-10-04,112000,112000,108000,108000,234929,2.76,0.39,15.2
1412,2019-10-07,108500,110000,107500,109500,81126,2.76,0.39,15.2
1413,2019-10-08,109500,110500,108500,109000,77946,2.76,0.39,15.2
1414,2019-10-10,108500,109000,106500,107500,104560,2.76,0.39,15.2
1415,2019-10-11,108000,110000,108000,109500,81697,2.76,0.39,15.2
1416,2019-10-14,110500,114000,110000,113500,104052,2.76,0.39,15.2
1417,2019-10-15,113500,116500,112500,115000,162548,2.76,0.39,15.2
1418,2019-10-16,115000,125000,115000,122500,449999,2.76,0.39,15.2
1419,2019-10-17,123000,124000,118500,119000,260886,2.76,0.39,15.2
1420,2019-10-18,119000,120000,118000,118000,120752,2.76,0.39,15.2
1421,2019-10-21,118500,119500,117000,118500,121904,2.76,0.39,15.2
1422,2019-10-22,118000,119500,117000,117500,165134,2.76,0.39,15.2
1423,2019-10-23,117500,118000,115000,116000,114284,2.76,0.39,15.2
1424,2019-10-24,115500,116000,113500,115500,118862,2.76,0.39,15.2
1425,2019-10-25,115000,116500,114000,115500,140725,2.76,0.39,15.2
1426,2019-10-28,116000,116500,114000,115000,113999,2.76,0.39,15.2
1427,2019-10-29,115000,116500,113500,115000,147232,2.76,0.39,15.2
1428,2019-10-30,115500,115500,112500,112500,163589,2.76,0.39,15.2
1429,2019-10-31,112500,113500,111000,111500,140075,2.76,0.39,15.2
1430,2019-11-01,111500,114000,110500,113500,100390,2.76,0.39,15.2
1431,2019-11-04,114500,122000,114500,120500,330153,2.76,0.39,15.2
1432,2019-11-05,120000,121000,116000,116500,305263,2.76,0.39,15.2
1433,2019-11-06,116500,127500,116500,125000,491170,2.76,0.39,15.2
1434,2019-11-07,126000,131500,125500,129000,492337,2.76,0.39,15.2
1435,2019-11-08,129500,131000,125000,128500,278954,2.76,0.39,15.2
1436,2019-11-11,127500,133000,127000,127000,220169,2.76,0.39,15.2
1437,2019-11-12,127500,129000,127000,128500,128370,2.76,0.39,15.2
1438,2019-11-13,128500,129500,127000,128000,105514,2.76,0.39,15.2
1439,2019-11-14,128500,134500,126000,134500,416170,2.76,0.39,15.2
1440,2019-11-15,135000,138000,131000,132000,285947,2.76,0.39,15.2
1441,2019-11-18,133000,134000,131000,133000,118253,2.76,0.39,15.2
1442,2019-11-19,133500,135000,131500,132000,116631,2.76,0.39,15.2
1443,2019-11-20,131000,132000,126000,126500,261555,2.76,0.39,15.2
1444,2019-11-21,127500,129500,126000,127500,158107,2.76,0.39,15.2
1445,2019-11-22,127500,132000,127500,129500,203740,2.76,0.39,15.2
1446,2019-11-25,130000,132000,129000,129500,102830,2.76,0.39,15.2
1447,2019-11-26,130000,130500,125000,125500,382251,2.76,0.39,15.2
1448,2019-11-27,127000,127000,123000,123500,203964,2.76,0.39,15.2
1449,2019-11-28,123500,129500,122500,129500,268323,2.76,0.39,15.2
1450,2019-11-29,130500,133000,128500,131000,232709,2.76,0.39,15.2
1451,2019-12-02,130500,131000,127500,128000,141222,2.76,0.39,15.2
1452,2019-12-03,127000,127000,125000,126500,103123,2.76,0.39,15.2
1453,2019-12-04,125000,125500,123000,123500,120635,2.76,0.39,15.2
1454,2019-12-05,124000,126000,122500,123500,104192,2.76,0.39,15.2
1455,2019-12-06,124000,127500,123500,126000,114677,2.76,0.39,15.2
1456,2019-12-09,126500,127000,124500,126500,82275,2.76,0.39,15.2
1457,2019-12-10,127000,130500,125000,129000,131593,2.76,0.39,15.2
1458,2019-12-11,129500,132500,127500,132000,180177,2.76,0.39,15.2
1459,2019-12-12,131500,133000,129500,130500,212244,2.76,0.39,15.2
1460,2019-12-13,132500,133500,130000,131500,108166,2.76,0.39,15.2
1461,2019-12-16,132000,133000,130500,132000,110223,2.76,0.39,15.2
1462,2019-12-17,131500,132500,129500,131500,116762,2.76,0.39,15.2
1463,2019-12-18,131500,133000,130500,132000,99449,2.76,0.39,15.2
1464,2019-12-19,131000,132000,130500,132000,85031,2.76,0.39,15.2
1465,2019-12-20,132500,132500,130500,132500,111187,2.76,0.39,15.2
1466,2019-12-23,133500,133500,129500,130500,87208,2.76,0.39,15.2
1467,2019-12-24,131000,132000,129000,129000,87254,2.76,0.39,15.2
1468,2019-12-26,129000,129000,125500,126000,171932,2.76,0.39,15.2
1469,2019-12-27,125500,127000,124500,126500,128609,2.76,0.39,15.2
1470,2019-12-30,127000,129000,125500,127500,116594,2.76,0.39,15.2