,Date,Open,High,Low,Close,Volume,ROE,PBR,PER
0,2014-01-02,296500,297000,277500,279000,244998,15.8,1,6.7
1,2014-01-03,280500,282000,274000,276000,229897,15.8,1,6.7
2,2014-01-06,276000,282000,273000,279500,129770,15.8,1,6.7
3,2014-01-07,278000,284000,277500,277500,149264,15.8,1,6.7
4,2014-01-08,278500,279000,274000,276000,160529,15.8,1,6.7
5,2014-01-09,276000,280000,270000,270000,252877,15.8,1,6.7
6,2014-01-10,274000,278000,272000,273500,144806,15.8,1,6.7
7,2014-01-13,275000,283000,275000,279500,177715,15.8,1,6.7
8,2014-01-14,280500,285500,277000,280000,202304,15.8,1,6.7
9,2014-01-15,284500,285000,279500,280000,101282,15.8,1,6.7
10,2014-01-16,279500,283500,279000,281500,129061,15.8,1,6.7
11,2014-01-17,284500,287500,282500,283500,213956,15.8,1,6.7
12,2014-01-20,281500,289000,280500,287000,145866,15.8,1,6.7
13,2014-01-21,289500,295000,286000,292500,214166,15.8,1,6.7
14,2014-01-22,292500,295000,289000,292000,142503,15.8,1,6.7
15,2014-01-23,293500,294500,288500,292000,162415,15.8,1,6.7
16,2014-01-24,292000,292500,285000,292500,151633,15.8,1,6.7
17,2014-01-27,285000,305000,284500,294000,348829,15.8,1,6.7
18,2014-01-28,297500,309000,295000,304500,506403,15.8,1,6.7
19,2014-01-29,304000,313000,302500,310000,295050,15.8,1,6.7
20,2014-02-03,302000,304000,298000,301000,339987,15.8,1,6.7
21,2014-02-04,295500,301500,295500,295500,295488,15.8,1,6.7
22,2014-02-05,300000,309000,299000,307500,222159,15.8,1,6.7
23,2014-02-06,310000,311000,303000,306000,214826,15.8,1,6.7
24,2014-02-07,303000,310000,303000,309500,170925,15.8,1,6.7
25,2014-02-10,304500,314500,303500,313000,139557,15.8,1,6.7
26,2014-02-11,312000,319000,310000,312000,150238,15.8,1,6.7
27,2014-02-12,310000,315000,306000,310000,216539,15.8,1,6.7
28,2014-02-13,310000,315500,309500,313500,109420,15.8,1,6.7
29,2014-02-14,314000,318000,311000,317500,98281,15.8,1,6.7
30,2014-02-17,316000,317000,305500,306500,245086,15.8,1,6.7
31,2014-02-18,308000,308500,302000,306000,168053,15.8,1,6.7
32,2014-02-19,303000,305000,299500,305000,181363,15.8,1,6.7
33,2014-02-20,301000,308000,301000,307500,158953,15.8,1,6.7
34,2014-02-21,309000,312500,308500,312500,121383,15.8,1,6.7
35,2014-02-24,310000,312000,308000,311500,74417,15.8,1,6.7
36,2014-02-25,314000,314000,309500,313000,120182,15.8,1,6.7
37,2014-02-26,310500,313000,301500,311500,161805,15.8,1,6.7
38,2014-02-27,308500,311500,306500,308000,175227,15.8,1,6.7
39,2014-02-28,309500,313500,308500,313500,166105,15.8,1,6.7
40,2014-03-03,309500,313000,307000,312000,128067,15.8,1,6.7
41,2014-03-04,305000,308000,302500,303000,203119,15.8,1,6.7
42,2014-03-05,306500,307000,301000,302000,176813,15.8,1,6.7
43,2014-03-06,303500,305500,301500,304000,113246,15.8,1,6.7
44,2014-03-07,305000,305000,301500,303500,96695,15.8,1,6.7
45,2014-03-10,302000,304000,299000,301000,98645,15.8,1,6.7
46,2014-03-11,301500,304000,298000,303500,102047,15.8,1,6.7
47,2014-03-12,303500,305000,298000,299500,129551,15.8,1,6.7
48,2014-03-13,301500,301500,295500,295500,133774,15.8,1,6.7
49,2014-03-14,294000,298500,291500,296000,147983,15.8,1,6.7
50,2014-03-17,294500,303500,294500,301000,105594,15.8,1,6.7
51,2014-03-18,301500,303500,299000,302000,79798,15.8,1,6.7
52,2014-03-19,300000,306000,300000,304000,89616,15.8,1,6.7
53,2014-03-20,301500,304000,299000,299000,99142,15.8,1,6.7
54,2014-03-21,303000,305000,300000,301500,97460,15.8,1,6.7
55,2014-03-24,305000,305500,301000,303000,91645,15.8,1,6.7
56,2014-03-25,301500,306000,300500,306000,90408,15.8,1,6.7
57,2014-03-26,304000,312500,304000,312500,179837,15.8,1,6.7
58,2014-03-27,312000,318000,310500,317000,181506,15.8,1,6.7
59,2014-03-28,319000,319500,314500,318000,151010,15.8,1,6.7
60,2014-03-31,315500,318500,311500,315000,171313,15.8,1,6.7
61,2014-04-01,317500,319500,314000,318500,180604,15.8,1,6.7
62,2014-04-02,322000,322000,316000,321000,134538,15.8,1,6.7
63,2014-04-03,323000,323500,312000,315500,156731,15.8,1,6.7
64,2014-04-04,318500,318500,314000,316500,223843,15.8,1,6.7
65,2014-04-07,320000,320000,309000,314000,204942,15.8,1,6.7
66,2014-04-08,312000,317500,312000,315500,119426,15.8,1,6.7
67,2014-04-09,314000,317000,309500,315000,175423,15.8,1,6.7
68,2014-04-10,315000,315000,301500,306500,391646,15.8,1,6.7
69,2014-04-11,301500,303500,300000,301000,278367,15.8,1,6.7
70,2014-04-14,300000,307000,300000,306000,136968,15.8,1,6.7
71,2014-04-15,311000,311000,302500,306000,168685,15.8,1,6.7
72,2014-04-16,307500,308000,302500,307000,103877,15.8,1,6.7
73,2014-04-17,309000,309000,304000,308500,103324,15.8,1,6.7
74,2014-04-18,310000,313500,308500,312000,111047,15.8,1,6.7
75,2014-04-21,310500,312500,307500,310500,101634,15.8,1,6.7
76,2014-04-22,309500,311500,306500,308500,91023,15.8,1,6.7
77,2014-04-23,311500,312000,304000,304500,122039,15.8,1,6.7
78,2014-04-24,308000,309000,305000,308000,121799,15.8,1,6.7
79,2014-04-25,305500,308000,300000,302000,222424,15.8,1,6.7
80,2014-04-28,302000,304000,300500,301500,190826,15.8,1,6.7
81,2014-04-29,301000,303000,300000,301000,128626,15.8,1,6.7
82,2014-04-30,301000,302500,291500,295000,282914,15.8,1,6.7
83,2014-05-02,296500,297500,292000,294000,171787,15.8,1,6.7
84,2014-05-07,294000,295000,284000,284000,311649,15.8,1,6.7
85,2014-05-08,285500,291500,284000,290000,207120,15.8,1,6.7
86,2014-05-09,291500,292000,287500,290500,126043,15.8,1,6.7
87,2014-05-12,289500,290000,282500,286500,174594,15.8,1,6.7
88,2014-05-13,288500,292000,286000,290000,190993,15.8,1,6.7
89,2014-05-14,292500,301500,291500,301500,316877,15.8,1,6.7
90,2014-05-15,302000,304000,298500,303000,160310,15.8,1,6.7
91,2014-05-16,300000,302000,295500,297500,162438,15.8,1,6.7
92,2014-05-19,299000,299000,292000,296000,252867,15.8,1,6.7
93,2014-05-20,299000,299000,291500,294000,142813,15.8,1,6.7
94,2014-05-21,294000,296500,292000,294500,117629,15.8,1,6.7
95,2014-05-22,294500,297000,291000,297000,122260,15.8,1,6.7
96,2014-05-23,297000,299000,295000,297500,106812,15.8,1,6.7
97,2014-05-26,296000,299000,294000,294500,93586,15.8,1,6.7
98,2014-05-27,295500,295500,287500,289000,142603,15.8,1,6.7
99,2014-05-28,288000,292000,288000,292000,137999,15.8,1,6.7
100,2014-05-29,292000,292000,288000,291500,142490,15.8,1,6.7
101,2014-05-30,289500,293000,287500,288000,153863,15.8,1,6.7
102,2014-06-02,289000,290000,285000,287000,111965,15.8,1,6.7
103,2014-06-03,285000,292000,278000,292000,211500,15.8,1,6.7
104,2014-06-05,294000,294000,284500,287500,171871,15.8,1,6.7
105,2014-06-09,290500,290500,282500,288000,114806,15.8,1,6.7
106,2014-06-10,289500,289500,283000,284000,203752,15.8,1,6.7
107,2014-06-11,285000,291000,284500,289000,284834,15.8,1,6.7
108,2014-06-12,288000,288500,284500,285500,221582,15.8,1,6.7
109,2014-06-13,285500,287000,283500,285000,135260,15.8,1,6.7
110,2014-06-16,285000,286000,283000,285000,188959,15.8,1,6.7
111,2014-06-17,285000,293500,285000,292000,194277,15.8,1,6.7
112,2014-06-18,289500,292000,283500,283500,201094,15.8,1,6.7
113,2014-06-19,286500,288000,282000,285500,198906,15.8,1,6.7
114,2014-06-20,287000,287000,280500,280500,155799,15.8,1,6.7
115,2014-06-23,282500,282500,275000,278000,187774,15.8,1,6.7
116,2014-06-24,276000,282500,276000,281000,180180,15.8,1,6.7
117,2014-06-25,282500,283000,278000,280000,136080,15.8,1,6.7
118,2014-06-26,283000,284500,280500,284500,146001,15.8,1,6.7
119,2014-06-27,282000,285500,280000,281500,167186,15.8,1,6.7
120,2014-06-30,283000,284000,281000,284000,145300,15.8,1,6.7
121,2014-07-01,281000,282500,275500,277000,328759,15.8,1,6.7
122,2014-07-02,277500,279000,275500,278000,195698,15.8,1,6.7
123,2014-07-03,279000,280500,278000,279500,140523,15.8,1,6.7
124,2014-07-04,281000,282500,280000,281500,158666,15.8,1,6.7
125,2014-07-07,282500,282500,276500,279000,175448,15.8,1,6.7
126,2014-07-08,279000,281000,272000,272500,264396,15.8,1,6.7
127,2014-07-09,273000,273000,270000,272000,127336,15.8,1,6.7
128,2014-07-10,273500,280000,272500,279500,248092,15.8,1,6.7
129,2014-07-11,277000,278000,270500,272500,236377,15.8,1,6.7
130,2014-07-14,276500,277000,273000,273500,122787,15.8,1,6.7
131,2014-07-15,275500,288000,275000,285000,309279,15.8,1,6.7
132,2014-07-16,286000,290500,284000,284000,224300,15.8,1,6.7
133,2014-07-17,287500,289000,281500,284000,145814,15.8,1,6.7
134,2014-07-18,282000,285500,282000,285000,89471,15.8,1,6.7
135,2014-07-21,288000,288000,277500,278500,109293,15.8,1,6.7
136,2014-07-22,279500,282000,276500,279500,108965,15.8,1,6.7
137,2014-07-23,280500,280500,274500,277000,159965,15.8,1,6.7
138,2014-07-24,279000,280000,272500,280000,317678,15.8,1,6.7
139,2014-07-25,281500,284000,277000,281500,134093,15.8,1,6.7
140,2014-07-28,282000,283000,278000,281000,159173,15.8,1,6.7
141,2014-07-29,283000,297500,281000,295500,423715,15.8,1,6.7
142,2014-07-30,294500,302500,294000,301500,376671,15.8,1,6.7
143,2014-07-31,302500,309500,301500,309000,430446,15.8,1,6.7
144,2014-08-01,312000,312000,303500,309500,258317,15.8,1,6.7
145,2014-08-04,309500,311500,300500,302000,184950,15.8,1,6.7
146,2014-08-05,300000,303000,297500,300500,134994,15.8,1,6.7
147,2014-08-06,301000,304000,291500,294500,179689,15.8,1,6.7
148,2014-08-07,294500,298500,292000,297500,161294,15.8,1,6.7
149,2014-08-08,297500,297500,289500,291000,128017,15.8,1,6.7
150,2014-08-11,297000,298000,292500,295500,92690,15.8,1,6.7
151,2014-08-12,298000,299500,292000,293500,142152,15.8,1,6.7
152,2014-08-13,293500,296500,291000,296500,154787,15.8,1,6.7
153,2014-08-14,293500,297500,291000,294500,143177,15.8,1,6.7
154,2014-08-18,300000,300000,286000,286000,186035,15.8,1,6.7
155,2014-08-19,289500,295500,288500,291000,257013,15.8,1,6.7
156,2014-08-20,294000,294000,287000,290000,141071,15.8,1,6.7
157,2014-08-21,290000,290500,280500,284000,199708,15.8,1,6.7
158,2014-08-22,286500,286500,282500,286000,110160,15.8,1,6.7
159,2014-08-25,286000,289500,284000,285000,93122,15.8,1,6.7
160,2014-08-26,287000,292000,284500,287000,104085,15.8,1,6.7
161,2014-08-27,288500,291500,285500,287500,110358,15.8,1,6.7
162,2014-08-28,286500,290000,285500,287500,129598,15.8,1,6.7
163,2014-08-29,286500,295000,285500,294000,193436,15.8,1,6.7
164,2014-09-01,291500,293500,290500,293500,66574,15.8,1,6.7
165,2014-09-02,291000,293000,282000,285000,192594,15.8,1,6.7
166,2014-09-03,286000,288000,282000,283000,109228,15.8,1,6.7
167,2014-09-04,283000,284500,279000,280500,178565,15.8,1,6.7
168,2014-09-05,281000,281000,274000,274500,248347,15.8,1,6.7
169,2014-09-11,278500,278500,272000,272000,419074,15.8,1,6.7
170,2014-09-12,272000,277000,272000,274000,226770,15.8,1,6.7
171,2014-09-15,275000,281500,273500,280000,164153,15.8,1,6.7
172,2014-09-16,280000,281500,276000,277000,129139,15.8,1,6.7
173,2014-09-17,281000,281000,277500,279000,127874,15.8,1,6.7
174,2014-09-18,281000,282000,255500,257000,749606,15.8,1,6.7
175,2014-09-19,255000,259500,250500,253000,744830,15.8,1,6.7
176,2014-09-22,254000,255500,251000,252500,236929,15.8,1,6.7
177,2014-09-23,251000,251500,245000,247500,339037,15.8,1,6.7
178,2014-09-24,246500,254000,246500,249500,195655,15.8,1,6.7
179,2014-09-25,253000,258500,251500,253500,340844,15.8,1,6.7
180,2014-09-26,250500,255000,248500,255000,157006,15.8,1,6.7
181,2014-09-29,257000,258500,253500,256500,173341,15.8,1,6.7
182,2014-09-30,257000,258000,252500,257000,144758,15.8,1,6.7
183,2014-10-01,253500,256500,248000,250000,211381,15.8,1,6.7
184,2014-10-02,248500,250000,235500,238000,381622,15.8,1,6.7
185,2014-10-06,242500,246500,239000,241000,280652,15.8,1,6.7
186,2014-10-07,242000,248000,241500,248000,203297,15.8,1,6.7
187,2014-10-08,248000,248500,240500,242000,240833,15.8,1,6.7
188,2014-10-10,243000,249000,237500,248500,198072,15.8,1,6.7
189,2014-10-13,244500,254000,244500,253000,229149,15.8,1,6.7
190,2014-10-14,255500,255500,243000,248500,258659,15.8,1,6.7
191,2014-10-15,251000,252000,241500,244000,202864,15.8,1,6.7
192,2014-10-16,242000,242500,230000,235000,355020,15.8,1,6.7
193,2014-10-17,232000,237500,232000,235000,200475,15.8,1,6.7
194,2014-10-20,239000,240500,236500,238500,228679,15.8,1,6.7
195,2014-10-21,238500,239500,232500,238000,205833,15.8,1,6.7
196,2014-10-22,240500,240500,226000,228500,375000,15.8,1,6.7
197,2014-10-23,230500,240000,229000,239500,349381,15.8,1,6.7
198,2014-10-24,240500,245000,228500,241000,374863,15.8,1,6.7
199,2014-10-27,241500,255500,241500,251500,361831,15.8,1,6.7
200,2014-10-28,252000,256000,248000,252000,197934,15.8,1,6.7
201,2014-10-29,252500,254500,246500,249000,252386,15.8,1,6.7
202,2014-10-30,252000,254500,250000,252500,265299,15.8,1,6.7
203,2014-10-31,251500,254000,245500,250000,255897,15.8,1,6.7
204,2014-11-03,248500,249000,235000,240000,322031,15.8,1,6.7
205,2014-11-04,243000,243000,232000,239000,294959,15.8,1,6.7
206,2014-11-05,240000,242500,231500,233000,178476,15.8,1,6.7
207,2014-11-06,232000,241500,230500,240500,254930,15.8,1,6.7
208,2014-11-07,238500,243500,236500,237000,200454,15.8,1,6.7
209,2014-11-10,239500,245000,237500,238000,346120,15.8,1,6.7
210,2014-11-11,237500,246500,233000,235000,506574,15.8,1,6.7
211,2014-11-12,235000,239000,231500,233000,501882,15.8,1,6.7
212,2014-11-13,234500,239000,233000,237000,198099,15.8,1,6.7
213,2014-11-14,237000,239000,234000,237000,219894,15.8,1,6.7
214,2014-11-17,236000,236500,232500,234500,173442,15.8,1,6.7
215,2014-11-18,234000,236000,232500,234500,163485,15.8,1,6.7
216,2014-11-19,236500,238000,233500,238000,246083,15.8,1,6.7
217,2014-11-20,236000,237500,232500,235000,180604,15.8,1,6.7
218,2014-11-21,236500,236500,233500,234500,125310,15.8,1,6.7
219,2014-11-24,236500,243500,236000,242500,231064,15.8,1,6.7
220,2014-11-25,244500,244500,238000,241500,217988,15.8,1,6.7
221,2014-11-26,240500,242000,237000,240500,117919,15.8,1,6.7
222,2014-11-27,239500,249500,238500,249000,305174,15.8,1,6.7
223,2014-11-28,251500,251500,244500,247000,130882,15.8,1,6.7
224,2014-12-01,245000,249000,241500,249000,154666,15.8,1,6.7
225,2014-12-02,247500,248000,241500,241500,171413,15.8,1,6.7
226,2014-12-03,241500,248500,240500,242000,140733,15.8,1,6.7
227,2014-12-04,242500,254000,242500,253500,273353,15.8,1,6.7
228,2014-12-05,254000,256500,251000,255500,155292,15.8,1,6.7
229,2014-12-08,255000,258000,250000,251500,106984,15.8,1,6.7
230,2014-12-09,249000,249500,245500,246000,121419,15.8,1,6.7
231,2014-12-10,245000,249000,243000,245000,152898,15.8,1,6.7
232,2014-12-11,241000,247000,241000,243500,256298,15.8,1,6.7
233,2014-12-12,243500,248000,242000,245000,197663,15.8,1,6.7
234,2014-12-15,243500,247000,241000,247000,128297,15.8,1,6.7
235,2014-12-16,243000,245500,241000,242500,193520,15.8,1,6.7
236,2014-12-17,244000,245000,235500,236500,262776,15.8,1,6.7
237,2014-12-18,240000,240000,233500,235000,160040,15.8,1,6.7
238,2014-12-19,238500,239500,235500,237000,120849,15.8,1,6.7
239,2014-12-22,239500,240000,236500,237500,159193,15.8,1,6.7
240,2014-12-23,236500,237000,232000,233500,266814,15.8,1,6.7
241,2014-12-24,235000,241000,232000,238500,164677,15.8,1,6.7
242,2014-12-26,238000,240500,237500,239500,87209,15.8,1,6.7
243,2014-12-29,240000,241000,236500,237000,113951,15.8,1,6.7
244,2014-12-30,239500,239500,233500,236000,110288,15.8,1,6.7
245,2015-01-02,233500,240000,232500,239500,137678,12.53,0.91,7.85
246,2015-01-05,237000,239500,232000,238000,167481,12.53,0.91,7.85
247,2015-01-06,236000,236000,226500,229000,358672,12.53,0.91,7.85
248,2015-01-07,229000,231000,226000,230500,200603,12.53,0.91,7.85
249,2015-01-08,230500,232500,229000,230500,190750,12.53,0.91,7.85
250,2015-01-09,233000,238000,231000,238000,313468,12.53,0.91,7.85
251,2015-01-12,237000,239000,234000,238000,250696,12.53,0.91,7.85
252,2015-01-13,255500,271500,254000,265500,1755713,12.53,0.91,7.85
253,2015-01-14,265500,267000,251500,255000,834722,12.53,0.91,7.85
254,2015-01-15,259000,261500,253000,259000,422930,12.53,0.91,7.85
255,2015-01-16,251500,258500,250000,254000,278196,12.53,0.91,7.85
256,2015-01-19,253000,255000,249500,251500,175842,12.53,0.91,7.85
257,2015-01-20,250000,252000,247000,250000,160436,12.53,0.91,7.85
258,2015-01-21,251500,256500,249000,252000,444653,12.53,0.91,7.85
259,2015-01-22,247000,255500,246500,250500,276798,12.53,0.91,7.85
260,2015-01-23,253500,257500,248500,255000,469112,12.53,0.91,7.85
261,2015-01-26,253000,258500,252000,255000,301366,12.53,0.91,7.85
262,2015-01-27,258500,262500,256000,258500,284750,12.53,0.91,7.85
263,2015-01-28,255000,257500,253000,254000,281405,12.53,0.91,7.85
264,2015-01-29,252500,256000,249000,250000,296269,12.53,0.91,7.85
265,2015-01-30,249000,252500,246500,248000,276129,12.53,0.91,7.85
266,2015-02-02,248500,252500,247500,249500,168396,12.53,0.91,7.85
267,2015-02-03,250000,251500,243000,246000,241541,12.53,0.91,7.85
268,2015-02-04,246500,249000,245000,248500,133234,12.53,0.91,7.85
269,2015-02-05,248500,257000,248500,253500,247314,12.53,0.91,7.85
270,2015-02-06,259500,260000,240000,242500,779016,12.53,0.91,7.85
271,2015-02-09,243000,243000,236000,236500,253824,12.53,0.91,7.85
272,2015-02-10,236500,239500,235500,236000,213813,12.53,0.91,7.85
273,2015-02-11,235500,237000,234500,236500,155709,12.53,0.91,7.85
274,2015-02-12,239500,243000,237000,241500,226668,12.53,0.91,7.85
275,2015-02-13,241500,243500,238500,241000,163987,12.53,0.91,7.85
276,2015-02-16,240000,241000,236500,240000,115698,12.53,0.91,7.85
277,2015-02-17,240000,243500,239000,243000,109885,12.53,0.91,7.85
278,2015-02-23,246500,248500,243500,248500,199088,12.53,0.91,7.85
279,2015-02-24,251500,252000,247500,249500,150246,12.53,0.91,7.85
280,2015-02-25,250000,252500,248000,251000,125196,12.53,0.91,7.85
281,2015-02-26,251000,251000,248000,249500,153726,12.53,0.91,7.85
282,2015-02-27,251000,252000,247000,249500,283435,12.53,0.91,7.85
283,2015-03-02,251000,251500,247000,247500,176837,12.53,0.91,7.85
284,2015-03-03,248000,259500,248000,256000,293418,12.53,0.91,7.85
285,2015-03-04,256500,261500,253000,254500,210231,12.53,0.91,7.85
286,2015-03-05,252500,257000,251500,254500,107739,12.53,0.91,7.85
287,2015-03-06,258000,258000,255500,257000,130488,12.53,0.91,7.85
288,2015-03-09,255000,260500,254500,257000,165233,12.53,0.91,7.85
289,2015-03-10,256500,258500,255000,256500,140506,12.53,0.91,7.85
290,2015-03-11,255000,259500,251500,258000,245549,12.53,0.91,7.85
291,2015-03-12,253000,258500,250000,251000,276044,12.53,0.91,7.85
292,2015-03-13,252500,253000,249000,250500,130841,12.53,0.91,7.85
293,2015-03-16,249000,254000,246000,252000,137079,12.53,0.91,7.85
294,2015-03-17,253500,261500,252500,258500,221810,12.53,0.91,7.85
295,2015-03-18,261000,262000,257500,260000,175711,12.53,0.91,7.85
296,2015-03-19,261500,262000,257000,261000,200188,12.53,0.91,7.85
297,2015-03-20,258000,260000,251500,253500,277306,12.53,0.91,7.85
298,2015-03-23,254500,255000,248500,249500,223751,12.53,0.91,7.85
299,2015-03-24,251500,252000,249000,250000,201265,12.53,0.91,7.85
300,2015-03-25,249500,251500,245000,246500,252991,12.53,0.91,7.85
301,2015-03-26,246500,247500,244500,246500,128473,12.53,0.91,7.85
302,2015-03-27,246500,248000,245000,246000,111258,12.53,0.91,7.85
303,2015-03-30,245500,247000,244500,245500,86183,12.53,0.91,7.85
304,2015-03-31,246500,248500,245000,246500,156318,12.53,0.91,7.85
305,2015-04-01,247000,247500,241000,243500,193939,12.53,0.91,7.85
306,2015-04-02,243500,245500,239500,240500,128012,12.53,0.91,7.85
307,2015-04-03,241000,243500,239000,241000,113740,12.53,0.91,7.85
308,2015-04-06,241000,241500,235000,235500,189660,12.53,0.91,7.85
309,2015-04-07,235500,236500,231500,236500,227809,12.53,0.91,7.85
310,2015-04-08,236500,241500,236000,240500,199163,12.53,0.91,7.85
311,2015-04-09,240500,240500,232500,233000,337676,12.53,0.91,7.85
312,2015-04-10,234000,237500,233500,234000,447926,12.53,0.91,7.85
313,2015-04-13,235000,235500,230000,231000,339497,12.53,0.91,7.85
314,2015-04-14,231500,235000,229500,235000,374728,12.53,0.91,7.85
315,2015-04-15,236000,238000,233500,236000,304052,12.53,0.91,7.85
316,2015-04-16,236000,237500,234000,236000,267707,12.53,0.91,7.85
317,2015-04-17,237500,242000,237500,240500,280113,12.53,0.91,7.85
318,2015-04-20,237500,242000,236000,241000,192441,12.53,0.91,7.85
319,2015-04-21,242500,243000,237000,238000,226910,12.53,0.91,7.85
320,2015-04-22,239000,241500,238500,239500,229249,12.53,0.91,7.85
321,2015-04-23,241000,247000,240500,246000,316044,12.53,0.91,7.85
322,2015-04-24,248500,256500,247500,252500,477986,12.53,0.91,7.85
323,2015-04-27,252500,254500,243000,243500,351365,12.53,0.91,7.85
324,2015-04-28,243500,245000,240000,240500,200440,12.53,0.91,7.85
325,2015-04-29,240000,240500,237000,239500,179653,12.53,0.91,7.85
326,2015-04-30,236500,238500,235000,236500,178279,12.53,0.91,7.85
327,2015-05-04,237000,238500,236500,237500,109331,12.53,0.91,7.85
328,2015-05-06,238500,241000,235500,237000,157437,12.53,0.91,7.85
329,2015-05-07,237000,239000,235500,238000,177507,12.53,0.91,7.85
330,2015-05-08,237500,239000,237500,237500,200640,12.53,0.91,7.85
331,2015-05-11,238500,241500,235500,236000,167375,12.53,0.91,7.85
332,2015-05-12,236000,237500,235000,236000,173992,12.53,0.91,7.85
333,2015-05-13,236000,237500,234500,235000,249306,12.53,0.91,7.85
334,2015-05-14,235000,235500,233500,234500,193460,12.53,0.91,7.85
335,2015-05-15,234500,236500,229000,230500,252687,12.53,0.91,7.85
336,2015-05-18,228500,231500,226000,227000,210451,12.53,0.91,7.85
337,2015-05-19,227500,228500,225500,226000,145194,12.53,0.91,7.85
338,2015-05-20,228000,233000,227500,232000,242552,12.53,0.91,7.85
339,2015-05-21,233000,233500,230000,232000,223723,12.53,0.91,7.85
340,2015-05-22,232000,233000,230000,231500,282824,12.53,0.91,7.85
341,2015-05-26,229500,230500,226000,227000,310581,12.53,0.91,7.85
342,2015-05-27,226500,230000,224000,225500,295843,12.53,0.91,7.85
343,2015-05-28,224000,227500,224000,226500,207181,12.53,0.91,7.85
344,2015-05-29,224000,226000,222000,223500,366439,12.53,0.91,7.85
345,2015-06-01,221500,223000,217000,218500,407987,12.53,0.91,7.85
346,2015-06-02,216000,216500,197500,200000,1184163,12.53,0.91,7.85
347,2015-06-03,200000,206500,198000,204500,668240,12.53,0.91,7.85
348,2015-06-04,204500,206500,202000,203500,332155,12.53,0.91,7.85
349,2015-06-05,206500,216000,206000,214000,566114,12.53,0.91,7.85
350,2015-06-08,210500,214500,204500,209000,195004,12.53,0.91,7.85
351,2015-06-09,209500,212500,205000,206500,176653,12.53,0.91,7.85
352,2015-06-10,209500,213000,205000,208000,177628,12.53,0.91,7.85
353,2015-06-11,211500,223000,210500,217500,522307,12.53,0.91,7.85
354,2015-06-12,217000,218000,210000,213000,234569,12.53,0.91,7.85
355,2015-06-15,213000,218500,210500,215000,166768,12.53,0.91,7.85
356,2015-06-16,219000,220000,208000,211500,328509,12.53,0.91,7.85
357,2015-06-17,212500,214500,207000,211000,173881,12.53,0.91,7.85
358,2015-06-18,211000,213500,203500,205000,293916,12.53,0.91,7.85
359,2015-06-19,206500,206500,202500,205000,241948,12.53,0.91,7.85
360,2015-06-22,209500,210000,204000,205500,154281,12.53,0.91,7.85
361,2015-06-23,209500,209500,201000,201000,217969,12.53,0.91,7.85
362,2015-06-24,203500,210000,203000,210000,326214,12.53,0.91,7.85
363,2015-06-25,209500,209500,206500,208000,159282,12.53,0.91,7.85
364,2015-06-26,207000,212500,207000,209000,319535,12.53,0.91,7.85
365,2015-06-29,209000,210000,205500,210000,217526,12.53,0.91,7.85
366,2015-06-30,209500,213500,209000,212000,305240,12.53,0.91,7.85
367,2015-07-01,210000,212500,206000,208500,256230,12.53,0.91,7.85
368,2015-07-02,210000,210500,202000,205000,457138,12.53,0.91,7.85
369,2015-07-03,206000,206500,201000,205500,247225,12.53,0.91,7.85
370,2015-07-06,202000,204000,201500,202500,192336,12.53,0.91,7.85
371,2015-07-07,202000,204500,199500,202500,219655,12.53,0.91,7.85
372,2015-07-08,203500,206000,201500,202500,275239,12.53,0.91,7.85
373,2015-07-09,200000,202000,198500,200000,238170,12.53,0.91,7.85
374,2015-07-10,200500,202000,195000,195500,266150,12.53,0.91,7.85
375,2015-07-13,196000,196000,191000,194000,207419,12.53,0.91,7.85
376,2015-07-14,193500,198000,193500,197000,142816,12.53,0.91,7.85
377,2015-07-15,195500,203000,195500,201000,160707,12.53,0.91,7.85
378,2015-07-16,205000,206000,197000,197000,274479,12.53,0.91,7.85
379,2015-07-17,197000,197500,185500,185500,412811,12.53,0.91,7.85
380,2015-07-20,186500,191000,186000,190500,199559,12.53,0.91,7.85
381,2015-07-21,192000,198500,190000,194500,365878,12.53,0.91,7.85
382,2015-07-22,197000,199000,191500,198000,298675,12.53,0.91,7.85
383,2015-07-23,200000,202500,199000,201000,223060,12.53,0.91,7.85
384,2015-07-24,200000,202500,199500,201500,290028,12.53,0.91,7.85
385,2015-07-27,201500,216500,201500,214000,506037,12.53,0.91,7.85
386,2015-07-28,212000,216000,211000,214000,446244,12.53,0.91,7.85
387,2015-07-29,214500,215500,206000,210500,357868,12.53,0.91,7.85
388,2015-07-30,210500,217500,207500,211000,183367,12.53,0.91,7.85
389,2015-07-31,216000,216000,210500,213500,233318,12.53,0.91,7.85
390,2015-08-03,213000,213000,206500,207500,220371,12.53,0.91,7.85
391,2015-08-04,207000,211500,205500,210000,168538,12.53,0.91,7.85
392,2015-08-05,214500,214500,206000,210000,143299,12.53,0.91,7.85
393,2015-08-06,208000,209000,205000,206500,230792,12.53,0.91,7.85
394,2015-08-07,206000,207500,204000,206000,152087,12.53,0.91,7.85
395,2015-08-10,205000,209500,203500,208500,102924,12.53,0.91,7.85
396,2015-08-11,209500,209500,204000,207000,116813,12.53,0.91,7.85
397,2015-08-12,204000,214500,204000,212000,255098,12.53,0.91,7.85
398,2015-08-13,210000,212000,205000,205000,226383,12.53,0.91,7.85
399,2015-08-17,205000,207000,202500,204000,153548,12.53,0.91,7.85
400,2015-08-18,206000,210500,205000,209500,173025,12.53,0.91,7.85
401,2015-08-19,209000,211000,205500,208500,247791,12.53,0.91,7.85
402,2015-08-20,205500,207500,201000,204500,245844,12.53,0.91,7.85
403,2015-08-21,200000,203000,196000,200500,234566,12.53,0.91,7.85
404,2015-08-24,197500,200500,190500,194500,196927,12.53,0.91,7.85
405,2015-08-25,195000,205000,191000,198000,263719,12.53,0.91,7.85
406,2015-08-26,196500,204500,196000,203500,247975,12.53,0.91,7.85
407,2015-08-27,204500,206000,200000,200500,210775,12.53,0.91,7.85
408,2015-08-28,200000,203000,198000,201500,215120,12.53,0.91,7.85
409,2015-08-31,201000,206500,200000,206500,238969,12.53,0.91,7.85
410,2015-09-01,204500,206500,201500,203000,125550,12.53,0.91,7.85
411,2015-09-02,200500,209500,200000,207000,169752,12.53,0.91,7.85
412,2015-09-03,208000,209000,205500,207000,139759,12.53,0.91,7.85
413,2015-09-04,209000,209000,204000,204500,135586,12.53,0.91,7.85
414,2015-09-07,203500,209000,203500,208500,154407,12.53,0.91,7.85
415,2015-09-08,210000,212500,208500,211500,239802,12.53,0.91,7.85
416,2015-09-09,214000,216500,211500,216000,254858,12.53,0.91,7.85
417,2015-09-10,215000,219000,213500,217000,225768,12.53,0.91,7.85
418,2015-09-11,213500,216500,213000,214500,156216,12.53,0.91,7.85
419,2015-09-14,215500,215500,209500,214500,108861,12.53,0.91,7.85
420,2015-09-15,214500,215500,212000,213500,122502,12.53,0.91,7.85
421,2015-09-16,212500,220000,212500,219000,306579,12.53,0.91,7.85
422,2015-09-17,221000,221000,211500,213000,298287,12.53,0.91,7.85
423,2015-09-18,213000,213000,209000,210000,238752,12.53,0.91,7.85
424,2015-09-21,209500,211500,206500,207500,138428,12.53,0.91,7.85
425,2015-09-22,208500,218500,208500,218000,292900,12.53,0.91,7.85
426,2015-09-23,215500,217500,211500,212500,177152,12.53,0.91,7.85
427,2015-09-24,221000,225000,215000,215000,454289,12.53,0.91,7.85
428,2015-09-25,217500,224500,217500,222500,344487,12.53,0.91,7.85
429,2015-09-30,222500,232500,219000,231500,436261,12.53,0.91,7.85
430,2015-10-01,229000,236500,229000,234500,210914,12.53,0.91,7.85
431,2015-10-02,234000,237000,231500,234500,170466,12.53,0.91,7.85
432,2015-10-05,233000,235500,229000,231000,175135,12.53,0.91,7.85
433,2015-10-06,227000,230000,220500,229000,201753,12.53,0.91,7.85
434,2015-10-07,223000,231500,222500,228500,138499,12.53,0.91,7.85
435,2015-10-08,231500,236500,229000,236500,161712,12.53,0.91,7.85
436,2015-10-12,237000,237000,230000,231500,193639,12.53,0.91,7.85
437,2015-10-13,233500,235000,231000,235000,179950,12.53,0.91,7.85
438,2015-10-14,235500,238000,232500,237000,170512,12.53,0.91,7.85
439,2015-10-15,237000,239000,232500,238000,156542,12.53,0.91,7.85
440,2015-10-16,238000,238500,232000,234000,212948,12.53,0.91,7.85
441,2015-10-19,234500,236000,233500,235000,102215,12.53,0.91,7.85
442,2015-10-20,236000,236500,234000,236000,117657,12.53,0.91,7.85
443,2015-10-21,236500,237000,234500,236000,120231,12.53,0.91,7.85
444,2015-10-22,233500,239500,233500,235000,165119,12.53,0.91,7.85
445,2015-10-23,238500,239000,235500,237500,139895,12.53,0.91,7.85
446,2015-10-26,238500,242000,234500,241500,150479,12.53,0.91,7.85
447,2015-10-27,240000,245000,240000,243500,111350,12.53,0.91,7.85
448,2015-10-28,243500,243500,238000,240500,117963,12.53,0.91,7.85
449,2015-10-29,236500,240500,236000,238500,74019,12.53,0.91,7.85
450,2015-10-30,239000,243000,237500,240000,132089,12.53,0.91,7.85
451,2015-11-02,238000,241000,236000,240000,83819,12.53,0.91,7.85
452,2015-11-03,239000,248000,238500,247000,227891,12.53,0.91,7.85
453,2015-11-04,250000,255500,248500,252500,234795,12.53,0.91,7.85
454,2015-11-05,254000,254000,250000,252000,131376,12.53,0.91,7.85
455,2015-11-06,252000,252500,249000,250500,75450,12.53,0.91,7.85
456,2015-11-09,255500,255500,250000,253500,117692,12.53,0.91,7.85
457,2015-11-10,254500,256500,252000,255000,172322,12.53,0.91,7.85
458,2015-11-11,255500,255500,249500,253000,136449,12.53,0.91,7.85
459,2015-11-12,255000,256000,252000,254000,79103,12.53,0.91,7.85
460,2015-11-13,248500,252500,247500,247500,136696,12.53,0.91,7.85
461,2015-11-16,240000,250500,240000,247000,231355,12.53,0.91,7.85
462,2015-11-17,251500,252000,240500,242500,209611,12.53,0.91,7.85
463,2015-11-18,246500,251500,242500,250500,160697,12.53,0.91,7.85
464,2015-11-19,249000,254500,249000,252000,106447,12.53,0.91,7.85
465,2015-11-20,252500,254000,251000,253000,84152,12.53,0.91,7.85
466,2015-11-23,247500,251000,245500,247500,163258,12.53,0.91,7.85
467,2015-11-24,246000,249000,245500,247000,144662,12.53,0.91,7.85
468,2015-11-25,247000,250000,246500,247000,100830,12.53,0.91,7.85
469,2015-11-26,248000,252500,247000,251000,85553,12.53,0.91,7.85
470,2015-11-27,252500,253000,249000,252000,90566,12.53,0.91,7.85
471,2015-11-30,249000,252000,244000,249500,297962,12.53,0.91,7.85
472,2015-12-01,246500,248500,245000,247000,266767,12.53,0.91,7.85
473,2015-12-02,246500,247000,243000,244500,172644,12.53,0.91,7.85
474,2015-12-03,247000,247000,241000,241500,151091,12.53,0.91,7.85
475,2015-12-04,241000,241500,237000,238500,212979,12.53,0.91,7.85
476,2015-12-07,241000,241500,237500,238500,87287,12.53,0.91,7.85
477,2015-12-08,239000,241500,236500,236500,115665,12.53,0.91,7.85
478,2015-12-09,230500,234500,228500,231000,225386,12.53,0.91,7.85
479,2015-12-10,229000,238000,228500,234500,198851,12.53,0.91,7.85
480,2015-12-11,231000,235000,230000,234500,214979,12.53,0.91,7.85
481,2015-12-14,234000,245000,232000,243000,207990,12.53,0.91,7.85
482,2015-12-15,241500,247500,241500,246500,163531,12.53,0.91,7.85
483,2015-12-16,250000,253000,247500,251000,177504,12.53,0.91,7.85
484,2015-12-17,251000,253000,245500,250000,156919,12.53,0.91,7.85
485,2015-12-18,247000,251000,241500,251000,166935,12.53,0.91,7.85
486,2015-12-21,252000,252000,245000,249000,80235,12.53,0.91,7.85
487,2015-12-22,246500,254000,246000,253500,181486,12.53,0.91,7.85
488,2015-12-23,250500,253500,249000,250500,115569,12.53,0.91,7.85
489,2015-12-24,252000,254000,250500,252500,120559,12.53,0.91,7.85
490,2015-12-28,252500,253000,248500,249500,96160,12.53,0.91,7.85
491,2015-12-29,246500,249000,245000,247500,56840,12.53,0.91,7.85
492,2015-12-30,247500,249500,243500,246500,88619,12.53,0.91,7.85
493,2016-01-04,242000,242500,237000,238000,171144,11.23,0.88,8.46
494,2016-01-05,234000,241500,234000,237000,168161,11.23,0.88,8.46
495,2016-01-06,235500,239000,233500,234500,157567,11.23,0.88,8.46
496,2016-01-07,234500,239000,232000,237000,135834,11.23,0.88,8.46
497,2016-01-08,238500,244500,235500,238500,145124,11.23,0.88,8.46
498,2016-01-11,233000,245500,233000,241000,131389,11.23,0.88,8.46
499,2016-01-12,244000,247000,239000,241500,127780,11.23,0.88,8.46
500,2016-01-13,248000,250000,244500,247000,160042,11.23,0.88,8.46
501,2016-01-14,243000,246000,241000,245000,150647,11.23,0.88,8.46
502,2016-01-15,244500,247000,241000,245000,123001,11.23,0.88,8.46
503,2016-01-18,238500,245000,235500,242000,122877,11.23,0.88,8.46
504,2016-01-19,241500,247000,237500,245000,128866,11.23,0.88,8.46
505,2016-01-20,243000,245000,236000,239000,127831,11.23,0.88,8.46
506,2016-01-21,240000,246000,239000,240000,147507,11.23,0.88,8.46
507,2016-01-22,242500,250500,240500,247500,159848,11.23,0.88,8.46
508,2016-01-25,251000,251000,245500,247500,96415,11.23,0.88,8.46
509,2016-01-26,243000,244500,239000,243500,122391,11.23,0.88,8.46
510,2016-01-27,246500,255500,244000,255500,249731,11.23,0.88,8.46
511,2016-01-28,254000,272000,252500,271000,421911,11.23,0.88,8.46
512,2016-01-29,265000,269000,256500,258500,415318,11.23,0.88,8.46
513,2016-02-01,254500,258000,249500,251000,297224,11.23,0.88,8.46
514,2016-02-02,249500,252500,241000,242500,373137,11.23,0.88,8.46
515,2016-02-03,240500,242000,235000,240000,280489,11.23,0.88,8.46
516,2016-02-04,243000,249500,242000,248000,217132,11.23,0.88,8.46
517,2016-02-05,247000,249500,241500,246000,126273,11.23,0.88,8.46
518,2016-02-11,240000,244000,239500,240500,156429,11.23,0.88,8.46
519,2016-02-12,237500,253000,237000,252000,277762,11.23,0.88,8.46
520,2016-02-15,257000,257500,243500,248000,194445,11.23,0.88,8.46
521,2016-02-16,248000,253000,243500,250500,85836,11.23,0.88,8.46
522,2016-02-17,248500,262000,248500,262000,239460,11.23,0.88,8.46
523,2016-02-18,262000,263500,257500,259500,175076,11.23,0.88,8.46
524,2016-02-19,259000,263000,257000,259000,148120,11.23,0.88,8.46
525,2016-02-22,260000,262000,256000,259000,93215,11.23,0.88,8.46
526,2016-02-23,259000,260000,255000,258500,93172,11.23,0.88,8.46
527,2016-02-24,259500,266500,258000,266500,166684,11.23,0.88,8.46
528,2016-02-25,266500,266500,257000,260000,152519,11.23,0.88,8.46
529,2016-02-26,258500,260000,256500,257000,155645,11.23,0.88,8.46
530,2016-02-29,254000,258500,248000,249000,257754,11.23,0.88,8.46
531,2016-03-02,256000,256500,249500,251000,168505,11.23,0.88,8.46
532,2016-03-03,253500,255500,250000,254000,175973,11.23,0.88,8.46
533,2016-03-04,254500,255000,251000,251500,140176,11.23,0.88,8.46
534,2016-03-07,252000,255500,249000,254000,144983,11.23,0.88,8.46
535,2016-03-08,254500,258500,249500,250000,141364,11.23,0.88,8.46
536,2016-03-09,249000,255000,249000,252500,122942,11.23,0.88,8.46
537,2016-03-10,251000,256000,249000,253500,189093,11.23,0.88,8.46
538,2016-03-11,254000,257000,251500,253000,157606,11.23,0.88,8.46
539,2016-03-14,254000,254500,247000,249000,137523,11.23,0.88,8.46
540,2016-03-15,250000,250500,244500,247500,183190,11.23,0.88,8.46
541,2016-03-16,247500,251500,245500,247500,102439,11.23,0.88,8.46
542,2016-03-17,249000,251500,245500,247500,152747,11.23,0.88,8.46
543,2016-03-18,247500,249000,245500,248000,199869,11.23,0.88,8.46
544,2016-03-21,249500,253000,247500,251500,156469,11.23,0.88,8.46
545,2016-03-22,252500,260500,250000,260000,247964,11.23,0.88,8.46
546,2016-03-23,258000,259500,252500,255500,194278,11.23,0.88,8.46
547,2016-03-24,253000,254500,250000,250500,128922,11.23,0.88,8.46
548,2016-03-25,250000,252000,248000,249500,45471,11.23,0.88,8.46
549,2016-03-28,249000,250500,246000,248500,85065,11.23,0.88,8.46
550,2016-03-29,246500,250000,246000,250000,115183,11.23,0.88,8.46
551,2016-03-30,250500,251000,247500,250000,117518,11.23,0.88,8.46
552,2016-03-31,251500,253500,246000,249000,184692,11.23,0.88,8.46
553,2016-04-01,252000,252000,238000,239000,302469,11.23,0.88,8.46
554,2016-04-04,239000,239500,229500,231500,257384,11.23,0.88,8.46
555,2016-04-05,232500,235000,230500,231000,145708,11.23,0.88,8.46
556,2016-04-06,231000,235000,230500,234000,124784,11.23,0.88,8.46
557,2016-04-07,236500,236500,232500,236000,126127,11.23,0.88,8.46
558,2016-04-08,234000,238500,231000,236000,172789,11.23,0.88,8.46
559,2016-04-11,236000,236500,232000,236000,69756,11.23,0.88,8.46
560,2016-04-12,236000,238000,233500,236000,104788,11.23,0.88,8.46
561,2016-04-14,236000,241000,236000,240000,260223,11.23,0.88,8.46
562,2016-04-15,240000,242000,239000,241000,177263,11.23,0.88,8.46
563,2016-04-18,236500,244000,236500,242500,173303,11.23,0.88,8.46
564,2016-04-19,242000,250000,241500,246500,245165,11.23,0.88,8.46
565,2016-04-20,247500,251000,246500,247500,218547,11.23,0.88,8.46
566,2016-04-21,246500,251500,246000,250000,159671,11.23,0.88,8.46
567,2016-04-22,251500,252500,248500,251000,114673,11.23,0.88,8.46
568,2016-04-25,247500,251500,247000,250000,75116,11.23,0.88,8.46
569,2016-04-26,247000,258000,247000,256000,128765,11.23,0.88,8.46
570,2016-04-27,256000,258000,251500,252500,191461,11.23,0.88,8.46
571,2016-04-28,256000,262500,255500,260000,281469,11.23,0.88,8.46
572,2016-04-29,261000,264000,256500,260500,166606,11.23,0.88,8.46
573,2016-05-02,263500,263500,258500,260500,52859,11.23,0.88,8.46
574,2016-05-03,260000,263000,258500,260000,101773,11.23,0.88,8.46
575,2016-05-04,260000,260500,253500,259500,210486,11.23,0.88,8.46
576,2016-05-09,253500,257500,253500,254500,137281,11.23,0.88,8.46
577,2016-05-10,254500,261500,254500,260500,120882,11.23,0.88,8.46
578,2016-05-11,259000,262000,257000,262000,84661,11.23,0.88,8.46
579,2016-05-12,263000,263000,254500,258500,129752,11.23,0.88,8.46
580,2016-05-13,258500,258500,254500,258500,81113,11.23,0.88,8.46
581,2016-05-16,255500,256000,251000,253500,146007,11.23,0.88,8.46
582,2016-05-17,252000,256000,250500,256000,101444,11.23,0.88,8.46
583,2016-05-18,253000,253000,246500,248000,174638,11.23,0.88,8.46
584,2016-05-19,243500,247000,240500,242500,253884,11.23,0.88,8.46
585,2016-05-20,242500,245000,241000,243500,132366,11.23,0.88,8.46
586,2016-05-23,243000,246000,238500,245000,106650,11.23,0.88,8.46
587,2016-05-24,244000,244500,240000,240500,121160,11.23,0.88,8.46
588,2016-05-25,241000,249500,241000,244500,137076,11.23,0.88,8.46
589,2016-05-26,245500,257000,245500,253500,211656,11.23,0.88,8.46
590,2016-05-27,256500,257000,253000,255500,135504,11.23,0.88,8.46
591,2016-05-30,252000,257000,251500,254500,97077,11.23,0.88,8.46
592,2016-05-31,252000,260000,251500,255000,303578,11.23,0.88,8.46
593,2016-06-01,251500,258000,251500,255000,154324,11.23,0.88,8.46
594,2016-06-02,253500,257500,252000,255000,92355,11.23,0.88,8.46
595,2016-06-03,253000,256000,252500,255000,93004,11.23,0.88,8.46
596,2016-06-07,252000,254000,249000,252000,148101,11.23,0.88,8.46
597,2016-06-08,251500,257500,251000,256500,145056,11.23,0.88,8.46
598,2016-06-09,256500,257500,249500,255000,223883,11.23,0.88,8.46
599,2016-06-10,255000,258000,250500,256500,162845,11.23,0.88,8.46
600,2016-06-13,253500,256500,252500,254000,70547,11.23,0.88,8.46
601,2016-06-14,255000,257000,249500,253000,97312,11.23,0.88,8.46
602,2016-06-15,253500,266000,253000,265500,282936,11.23,0.88,8.46
603,2016-06-16,264000,265000,258500,263000,173635,11.23,0.88,8.46
604,2016-06-17,264000,264500,257000,258500,129717,11.23,0.88,8.46
605,2016-06-20,265000,270000,260500,266000,217845,11.23,0.88,8.46
606,2016-06-21,265000,272000,264000,267000,150982,11.23,0.88,8.46
607,2016-06-22,268000,269500,261000,264000,178903,11.23,0.88,8.46
608,2016-06-23,263000,267000,262500,264500,123729,11.23,0.88,8.46
609,2016-06-24,265000,268000,246000,258500,248979,11.23,0.88,8.46
610,2016-06-27,264000,265500,254000,262500,148046,11.23,0.88,8.46
611,2016-06-28,258000,264500,258000,261500,118743,11.23,0.88,8.46
612,2016-06-29,260000,261000,256000,258500,109242,11.23,0.88,8.46
613,2016-06-30,258000,260000,249000,252000,314770,11.23,0.88,8.46
614,2016-07-01,253000,260500,251000,258500,219529,11.23,0.88,8.46
615,2016-07-04,257000,260500,253500,259500,154259,11.23,0.88,8.46
616,2016-07-05,257500,259000,254000,255000,96112,11.23,0.88,8.46
617,2016-07-06,255000,255000,246000,247500,185484,11.23,0.88,8.46
618,2016-07-07,248500,254000,248000,252500,106236,11.23,0.88,8.46
619,2016-07-08,252500,254000,247500,249500,119802,11.23,0.88,8.46
620,2016-07-11,251500,257000,251000,256500,120511,11.23,0.88,8.46
621,2016-07-12,258000,264000,257000,262000,189122,11.23,0.88,8.46
622,2016-07-13,265000,267500,258500,261000,144119,11.23,0.88,8.46
623,2016-07-14,263500,266000,261500,265000,163342,11.23,0.88,8.46
624,2016-07-15,263500,266000,261000,265500,110468,11.23,0.88,8.46
625,2016-07-18,264000,264000,256000,259500,136630,11.23,0.88,8.46
626,2016-07-19,258500,260500,254000,260500,114174,11.23,0.88,8.46
627,2016-07-20,258500,261500,256000,261500,70752,11.23,0.88,8.46
628,2016-07-21,262500,263000,256500,259000,77231,11.23,0.88,8.46
629,2016-07-22,261500,263500,259500,263000,97916,11.23,0.88,8.46
630,2016-07-25,265000,266000,259000,266000,126032,11.23,0.88,8.46
631,2016-07-26,267000,267000,261000,263500,94665,11.23,0.88,8.46
632,2016-07-27,264500,266500,263500,266000,70649,11.23,0.88,8.46
633,2016-07-28,265000,268500,261500,268500,153679,11.23,0.88,8.46
634,2016-07-29,265000,266500,255000,255000,249259,11.23,0.88,8.46
635,2016-08-01,256000,264500,256000,262000,186080,11.23,0.88,8.46
636,2016-08-02,260500,263500,255500,258000,138671,11.23,0.88,8.46
637,2016-08-03,255000,257000,250500,251500,147844,11.23,0.88,8.46
638,2016-08-04,253000,257000,250500,250500,120124,11.23,0.88,8.46
639,2016-08-05,253000,257500,251500,255500,132703,11.23,0.88,8.46
640,2016-08-08,254000,257500,253000,256500,92275,11.23,0.88,8.46
641,2016-08-09,257000,261500,255500,260000,129947,11.23,0.88,8.46
642,2016-08-10,259000,264000,258000,258000,142859,11.23,0.88,8.46
643,2016-08-11,258000,260500,257500,260000,105397,11.23,0.88,8.46
644,2016-08-12,261000,262000,258500,260000,105763,11.23,0.88,8.46
645,2016-08-16,262000,262500,257000,258000,153811,11.23,0.88,8.46
646,2016-08-17,257500,260000,257000,258500,73826,11.23,0.88,8.46
647,2016-08-18,258500,260500,253000,254000,105806,11.23,0.88,8.46
648,2016-08-19,254000,259000,252000,258000,111930,11.23,0.88,8.46
649,2016-08-22,255500,257500,253000,257500,81223,11.23,0.88,8.46
650,2016-08-23,255000,255000,252000,252000,132225,11.23,0.88,8.46
651,2016-08-24,248500,253000,242500,250000,227910,11.23,0.88,8.46
652,2016-08-25,252000,257500,250000,253500,265531,11.23,0.88,8.46
653,2016-08-26,254500,260000,254000,258500,184285,11.23,0.88,8.46
654,2016-08-29,255000,260000,255000,259000,105183,11.23,0.88,8.46
655,2016-08-30,259000,260500,257500,260000,63108,11.23,0.88,8.46
656,2016-08-31,256500,261000,256000,260500,188763,11.23,0.88,8.46
657,2016-09-01,258000,267500,257000,266500,157333,11.23,0.88,8.46
658,2016-09-02,265000,267000,259000,263500,151828,11.23,0.88,8.46
659,2016-09-05,267000,281000,265500,274000,255127,11.23,0.88,8.46
660,2016-09-06,273000,289000,272000,287000,297211,11.23,0.88,8.46
661,2016-09-07,284000,284500,278500,280500,219523,11.23,0.88,8.46
662,2016-09-08,280500,284500,279000,283000,257141,11.23,0.88,8.46
663,2016-09-09,279000,280500,273500,279500,185622,11.23,0.88,8.46
664,2016-09-12,279500,285500,275500,279500,196180,11.23,0.88,8.46
665,2016-09-13,283000,284500,276000,280000,215114,11.23,0.88,8.46
666,2016-09-19,280500,291000,277500,287000,251227,11.23,0.88,8.46
667,2016-09-20,283000,289000,278000,286500,275935,11.23,0.88,8.46
668,2016-09-21,283500,286500,280500,281500,146490,11.23,0.88,8.46
669,2016-09-22,283500,293500,283500,286000,202410,11.23,0.88,8.46
670,2016-09-23,285000,290500,285000,288000,146640,11.23,0.88,8.46
671,2016-09-26,288000,288000,281000,284000,126334,11.23,0.88,8.46
672,2016-09-27,285000,290500,282000,288000,128186,11.23,0.88,8.46
673,2016-09-28,288000,290000,284000,284000,119807,11.23,0.88,8.46
674,2016-09-29,284500,286500,280000,282000,127961,11.23,0.88,8.46
675,2016-09-30,278000,281500,273500,275000,219789,11.23,0.88,8.46
676,2016-10-04,280500,283000,278000,280000,178068,11.23,0.88,8.46
677,2016-10-05,276000,280000,274500,276500,132036,11.23,0.88,8.46
678,2016-10-06,274500,276500,270500,272500,156142,11.23,0.88,8.46
679,2016-10-07,270500,278500,268500,278000,218941,11.23,0.88,8.46
680,2016-10-10,279000,284000,273000,279000,159792,11.23,0.88,8.46
681,2016-10-11,284000,284000,270000,274500,219521,11.23,0.88,8.46
682,2016-10-12,276000,276000,272000,273500,152021,11.23,0.88,8.46
683,2016-10-13,272500,274500,269500,270500,137629,11.23,0.88,8.46
684,2016-10-14,270000,271500,265500,266500,148236,11.23,0.88,8.46
685,2016-10-17,267500,269000,264000,265500,126014,11.23,0.88,8.46
686,2016-10-18,267500,267500,263000,263500,195082,11.23,0.88,8.46
687,2016-10-19,263500,265500,258000,258500,211502,11.23,0.88,8.46
688,2016-10-20,259500,262500,257000,260000,178385,11.23,0.88,8.46
689,2016-10-21,259500,262500,259500,260500,130847,11.23,0.88,8.46
690,2016-10-24,262000,263500,260500,261500,180534,11.23,0.88,8.46
691,2016-10-25,261500,269000,261500,267000,390390,11.23,0.88,8.46
692,2016-10-26,265500,265500,257500,259500,192923,11.23,0.88,8.46
693,2016-10-27,260500,262000,254500,259000,179813,11.23,0.88,8.46
694,2016-10-28,256000,269000,256000,264500,375998,11.23,0.88,8.46
695,2016-10-31,264000,277000,263000,274000,494509,11.23,0.88,8.46
696,2016-11-01,273000,273500,269000,270000,292111,11.23,0.88,8.46
697,2016-11-02,269000,271500,265500,269000,135666,11.23,0.88,8.46
698,2016-11-03,270000,271500,265000,267000,180117,11.23,0.88,8.46
699,2016-11-04,267000,268000,264000,265000,116780,11.23,0.88,8.46
700,2016-11-07,268500,270500,265500,265500,131748,11.23,0.88,8.46
701,2016-11-08,267000,269500,264000,268000,100347,11.23,0.88,8.46
702,2016-11-09,268500,271000,259000,263500,222903,11.23,0.88,8.46
703,2016-11-10,264000,264500,244500,248000,547023,11.23,0.88,8.46
704,2016-11-11,249500,251500,244500,245000,360853,11.23,0.88,8.46
705,2016-11-14,246500,249500,242000,243000,219759,11.23,0.88,8.46
706,2016-11-15,241500,244500,237500,242500,219492,11.23,0.88,8.46
707,2016-11-16,244000,247000,242000,242500,209789,11.23,0.88,8.46
708,2016-11-17,241500,242500,239500,241500,186740,11.23,0.88,8.46
709,2016-11-18,240500,243500,238500,239500,147146,11.23,0.88,8.46
710,2016-11-21,239500,246000,239500,243500,174008,11.23,0.88,8.46
711,2016-11-22,244000,245000,239500,242000,144570,11.23,0.88,8.46
712,2016-11-23,241000,250500,240500,248000,244578,11.23,0.88,8.46
713,2016-11-24,250000,254000,247000,250000,161960,11.23,0.88,8.46
714,2016-11-25,253000,254500,251000,251500,106043,11.23,0.88,8.46
715,2016-11-28,251500,253500,249500,251500,111123,11.23,0.88,8.46
716,2016-11-29,251500,253000,247000,247000,126312,11.23,0.88,8.46
717,2016-11-30,248000,251000,245000,249000,176792,11.23,0.88,8.46
718,2016-12-01,251000,256000,249500,254000,170745,11.23,0.88,8.46
719,2016-12-02,253000,257000,248000,251000,100460,11.23,0.88,8.46
720,2016-12-05,248500,253000,246500,250500,82502,11.23,0.88,8.46
721,2016-12-06,253500,255500,249000,255000,148953,11.23,0.88,8.46
722,2016-12-07,253500,256000,250500,250500,122216,11.23,0.88,8.46
723,2016-12-08,254000,260500,252000,260500,232958,11.23,0.88,8.46
724,2016-12-09,262000,264000,258500,259000,168881,11.23,0.88,8.46
725,2016-12-12,263500,264000,259500,261500,95088,11.23,0.88,8.46
726,2016-12-13,264000,264500,260000,262000,85908,11.23,0.88,8.46
727,2016-12-14,262500,266000,262000,264500,102725,11.23,0.88,8.46
728,2016-12-15,262000,265500,260000,263500,107251,11.23,0.88,8.46
729,2016-12-16,261500,263000,255000,258000,186397,11.23,0.88,8.46
730,2016-12-19,257000,261500,256500,257500,88795,11.23,0.88,8.46
731,2016-12-20,257000,261000,257000,259000,80345,11.23,0.88,8.46
732,2016-12-21,261500,266000,260500,265000,156799,11.23,0.88,8.46
733,2016-12-22,263000,270500,262000,267000,182733,11.23,0.88,8.46
734,2016-12-23,269000,269500,265500,266500,101992,11.23,0.88,8.46
735,2016-12-26,266500,270000,264000,264000,71134,11.23,0.88,8.46
736,2016-12-27,264000,267500,264000,267500,77194,11.23,0.88,8.46
737,2016-12-28,261500,264000,258500,259000,195921,11.23,0.88,8.46
738,2016-12-29,258000,264000,258000,264000,148242,11.23,0.88,8.46
739,2017-01-02,264000,274000,261500,271500,123659,5.43,0.85,16.33
740,2017-01-03,271500,277000,269500,275500,152387,5.43,0.85,16.33
741,2017-01-04,273500,280500,273000,276000,206423,5.43,0.85,16.33
742,2017-01-05,272500,281000,272500,280500,121425,5.43,0.85,16.33
743,2017-01-06,277000,279000,272000,272500,101234,5.43,0.85,16.33
744,2017-01-09,272500,277000,272000,275000,121475,5.43,0.85,16.33
745,2017-01-10,271500,277000,270500,276500,95607,5.43,0.85,16.33
746,2017-01-11,273500,278000,271500,274500,128816,5.43,0.85,16.33
747,2017-01-12,275000,280500,274000,279000,118084,5.43,0.85,16.33
748,2017-01-13,278500,282500,275500,279500,108452,5.43,0.85,16.33
749,2017-01-16,279500,282000,274000,279500,118380,5.43,0.85,16.33
750,2017-01-17,281000,282500,278500,280000,101769,5.43,0.85,16.33
751,2017-01-18,279500,283500,277000,282500,95988,5.43,0.85,16.33
752,2017-01-19,280000,282000,274000,277000,120716,5.43,0.85,16.33
753,2017-01-20,277500,280500,275000,278500,83237,5.43,0.85,16.33
754,2017-01-23,276000,282000,271500,272500,131043,5.43,0.85,16.33
755,2017-01-24,271500,273000,267500,272000,137112,5.43,0.85,16.33
756,2017-01-25,272000,272000,263000,265000,231571,5.43,0.85,16.33
757,2017-01-26,263000,267500,262000,266000,198930,5.43,0.85,16.33
758,2017-01-31,253500,257000,242000,242000,815329,5.43,0.85,16.33
759,2017-02-01,244000,247500,243000,245000,350179,5.43,0.85,16.33
760,2017-02-02,244500,246500,240000,241000,282151,5.43,0.85,16.33
761,2017-02-03,241500,246500,241500,242500,140761,5.43,0.85,16.33
762,2017-02-06,246000,246500,239500,241000,126575,5.43,0.85,16.33
763,2017-02-07,242000,244500,241500,243500,112660,5.43,0.85,16.33
764,2017-02-08,242500,243500,239000,242000,250943,5.43,0.85,16.33
765,2017-02-09,242500,243000,239500,239500,173981,5.43,0.85,16.33
766,2017-02-10,241000,244500,240000,241000,156892,5.43,0.85,16.33
767,2017-02-13,244500,245000,242000,243000,147600,5.43,0.85,16.33
768,2017-02-14,244500,248000,243000,248000,194602,5.43,0.85,16.33
769,2017-02-15,249000,255000,247000,251000,295158,5.43,0.85,16.33
770,2017-02-16,253000,255000,251000,254500,280064,5.43,0.85,16.33
771,2017-02-17,253000,260000,251000,259500,230870,5.43,0.85,16.33
772,2017-02-20,258000,261000,255500,261000,149207,5.43,0.85,16.33
773,2017-02-21,262000,262500,258000,260000,139249,5.43,0.85,16.33
774,2017-02-22,259500,261000,257500,259500,185255,5.43,0.85,16.33
775,2017-02-23,259000,261500,254500,258000,333293,5.43,0.85,16.33
776,2017-02-24,256000,260500,255500,259500,156173,5.43,0.85,16.33
777,2017-02-27,260000,261500,257500,259000,101199,5.43,0.85,16.33
778,2017-02-28,257000,259000,253000,255000,196024,5.43,0.85,16.33
779,2017-03-02,258000,258000,247000,250500,354606,5.43,0.85,16.33
780,2017-03-03,248500,250000,240500,241500,313990,5.43,0.85,16.33
781,2017-03-06,241000,241500,235500,241500,200294,5.43,0.85,16.33
782,2017-03-07,241000,244000,238500,244000,144187,5.43,0.85,16.33
783,2017-03-08,242500,244000,239500,240500,160321,5.43,0.85,16.33
784,2017-03-09,239000,243500,239000,243500,255939,5.43,0.85,16.33
785,2017-03-10,243500,245500,242000,244000,156922,5.43,0.85,16.33
786,2017-03-13,245500,245500,241500,242500,130509,5.43,0.85,16.33
787,2017-03-14,243000,247000,242500,246000,227676,5.43,0.85,16.33
788,2017-03-15,245000,245500,241500,242500,177903,5.43,0.85,16.33
789,2017-03-16,245000,245500,240500,242500,169864,5.43,0.85,16.33
790,2017-03-17,243500,244000,240500,242500,177460,5.43,0.85,16.33
791,2017-03-20,242000,246000,241000,246000,132564,5.43,0.85,16.33
792,2017-03-21,243000,258000,243000,253500,520792,5.43,0.85,16.33
793,2017-03-22,255500,258000,251000,255500,304619,5.43,0.85,16.33
794,2017-03-23,256000,256500,251000,253000,264231,5.43,0.85,16.33
795,2017-03-24,251500,254000,244500,247500,287374,5.43,0.85,16.33
796,2017-03-27,245000,245500,241000,243000,279851,5.43,0.85,16.33
797,2017-03-28,243500,244000,241500,243000,184710,5.43,0.85,16.33
798,2017-03-29,243000,243000,235000,236000,412879,5.43,0.85,16.33
799,2017-03-30,234500,238000,234000,235000,176530,5.43,0.85,16.33
800,2017-03-31,237000,240500,236500,240500,267786,5.43,0.85,16.33
801,2017-04-03,242000,242500,237000,239500,209863,5.43,0.85,16.33
802,2017-04-04,237500,238000,233500,235500,266221,5.43,0.85,16.33
803,2017-04-05,235000,235500,227500,229000,354556,5.43,0.85,16.33
804,2017-04-06,228500,229000,223500,224000,311965,5.43,0.85,16.33
805,2017-04-07,225500,228000,223000,224000,213034,5.43,0.85,16.33
806,2017-04-10,224000,225000,221000,222000,144923,5.43,0.85,16.33
807,2017-04-11,222500,223500,216500,218500,291325,5.43,0.85,16.33
808,2017-04-12,220000,222000,219500,222000,162484,5.43,0.85,16.33
809,2017-04-13,224500,225000,220000,222000,294135,5.43,0.85,16.33
810,2017-04-14,222500,224500,222500,223000,79554,5.43,0.85,16.33
811,2017-04-17,222000,223000,219500,220500,152776,5.43,0.85,16.33
812,2017-04-18,221000,222000,217500,219000,182943,5.43,0.85,16.33
813,2017-04-19,217500,218500,212000,215000,360852,5.43,0.85,16.33
814,2017-04-20,215000,221500,215000,220500,237352,5.43,0.85,16.33
815,2017-04-21,222000,224000,220500,221500,165494,5.43,0.85,16.33
816,2017-04-24,222500,225500,220500,225500,168869,5.43,0.85,16.33
817,2017-04-25,224000,231000,224000,229000,372842,5.43,0.85,16.33
818,2017-04-26,229500,232500,227000,230000,300496,5.43,0.85,16.33
819,2017-04-27,228500,229000,223500,227000,265058,5.43,0.85,16.33
820,2017-04-28,222500,225000,221500,222000,173887,5.43,0.85,16.33
821,2017-05-02,222000,230500,222000,230000,297272,5.43,0.85,16.33
822,2017-05-04,226000,230500,226000,228500,168857,5.43,0.85,16.33
823,2017-05-08,233000,247500,231000,246500,793349,5.43,0.85,16.33
824,2017-05-10,247000,250000,243500,245500,497549,5.43,0.85,16.33
825,2017-05-11,248000,250000,245000,250000,319229,5.43,0.85,16.33
826,2017-05-12,249500,250000,246000,247000,183203,5.43,0.85,16.33
827,2017-05-15,245500,248500,244500,247000,157798,5.43,0.85,16.33
828,2017-05-16,249000,250000,247000,249500,281177,5.43,0.85,16.33
829,2017-05-17,248000,252500,246000,252500,236426,5.43,0.85,16.33
830,2017-05-18,252500,262000,252000,260000,546969,5.43,0.85,16.33
831,2017-05-19,262000,274000,256000,273000,591545,5.43,0.85,16.33
832,2017-05-22,277000,277500,270500,274500,368121,5.43,0.85,16.33
833,2017-05-23,272000,283500,271000,280000,410193,5.43,0.85,16.33
834,2017-05-24,274500,278000,274500,278000,445449,5.43,0.85,16.33
835,2017-05-25,278000,283000,276500,283000,245235,5.43,0.85,16.33
836,2017-05-26,289500,289500,280000,281500,309017,5.43,0.85,16.33
837,2017-05-29,280000,284000,277500,281000,215958,5.43,0.85,16.33
838,2017-05-30,279000,283000,278000,281000,132024,5.43,0.85,16.33
839,2017-05-31,277000,277500,272000,274500,377263,5.43,0.85,16.33
840,2017-06-01,273000,278500,273000,273000,183593,5.43,0.85,16.33
841,2017-06-02,272000,274000,267500,270500,239051,5.43,0.85,16.33
842,2017-06-05,273000,278500,272000,275500,159102,5.43,0.85,16.33
843,2017-06-07,268000,270000,264000,265000,425508,5.43,0.85,16.33
844,2017-06-08,264500,266000,261000,264500,390301,5.43,0.85,16.33
845,2017-06-09,264500,266000,263000,264500,242192,5.43,0.85,16.33
846,2017-06-12,261000,265000,261000,263000,184353,5.43,0.85,16.33
847,2017-06-13,263000,265500,261000,263500,174411,5.43,0.85,16.33
848,2017-06-14,263000,266500,262500,266000,243175,5.43,0.85,16.33
849,2017-06-15,266500,267000,261000,264500,155617,5.43,0.85,16.33
850,2017-06-16,264000,264500,261500,263000,158324,5.43,0.85,16.33
851,2017-06-19,261500,261500,256000,261000,146033,5.43,0.85,16.33
852,2017-06-20,258000,261500,256000,257000,170066,5.43,0.85,16.33
853,2017-06-21,254000,255500,251500,254500,242511,5.43,0.85,16.33
854,2017-06-22,254000,259500,253500,258000,165701,5.43,0.85,16.33
855,2017-06-23,256500,258000,255000,257000,138106,5.43,0.85,16.33
856,2017-06-26,256000,256500,253000,255500,99697,5.43,0.85,16.33
857,2017-06-27,254000,256000,253000,253500,133877,5.43,0.85,16.33
858,2017-06-28,255000,256500,252500,254500,116545,5.43,0.85,16.33
859,2017-06-29,254000,256000,252500,255000,133853,5.43,0.85,16.33
860,2017-06-30,254500,254500,247000,250000,342058,5.43,0.85,16.33
861,2017-07-03,251000,258500,250500,258500,146246,5.43,0.85,16.33
862,2017-07-04,256000,258000,250000,250500,127626,5.43,0.85,16.33
863,2017-07-05,248500,250500,246500,248000,315301,5.43,0.85,16.33
864,2017-07-06,248500,249500,247000,248500,142638,5.43,0.85,16.33
865,2017-07-07,247500,248000,243000,245500,220580,5.43,0.85,16.33
866,2017-07-10,243000,246000,240500,243000,216055,5.43,0.85,16.33
867,2017-07-11,242000,245000,242000,243500,121879,5.43,0.85,16.33
868,2017-07-12,244000,248500,243000,244500,188971,5.43,0.85,16.33
869,2017-07-13,245000,249500,242000,245000,177017,5.43,0.85,16.33
870,2017-07-14,248000,252500,244500,250500,112849,5.43,0.85,16.33
871,2017-07-17,251500,251500,247500,249500,101201,5.43,0.85,16.33
872,2017-07-18,249000,250000,246500,249000,97274,5.43,0.85,16.33
873,2017-07-19,251500,253500,246500,247500,174343,5.43,0.85,16.33
874,2017-07-20,248000,248500,244500,246000,137262,5.43,0.85,16.33
875,2017-07-21,245000,248000,242500,243500,191267,5.43,0.85,16.33
876,2017-07-24,244500,244500,242500,244000,117465,5.43,0.85,16.33
877,2017-07-25,244000,247500,243500,245500,144558,5.43,0.85,16.33
878,2017-07-26,247500,251500,246000,248000,213688,5.43,0.85,16.33
879,2017-07-27,248000,249000,244000,247000,158118,5.43,0.85,16.33
880,2017-07-28,245500,257000,245500,255500,283619,5.43,0.85,16.33
881,2017-07-31,252500,255000,245000,246000,247468,5.43,0.85,16.33
882,2017-08-01,245000,248000,244500,245500,131614,5.43,0.85,16.33
883,2017-08-02,246500,249500,246000,247000,152031,5.43,0.85,16.33
884,2017-08-03,246000,251500,244500,250500,188549,5.43,0.85,16.33
885,2017-08-04,247000,256500,247000,255000,160624,5.43,0.85,16.33
886,2017-08-07,253000,256000,253000,253500,95146,5.43,0.85,16.33
887,2017-08-08,253500,253500,248500,250000,156530,5.43,0.85,16.33
888,2017-08-09,247500,255000,247500,253000,120145,5.43,0.85,16.33
889,2017-08-10,251000,259000,251000,257500,228752,5.43,0.85,16.33
890,2017-08-11,255000,257500,252500,255000,136557,5.43,0.85,16.33
891,2017-08-14,255000,257000,251500,252500,92648,5.43,0.85,16.33
892,2017-08-16,250000,250000,245500,247000,215121,5.43,0.85,16.33
893,2017-08-17,245000,247000,238000,245000,220480,5.43,0.85,16.33
894,2017-08-18,243000,247000,243000,246000,67219,5.43,0.85,16.33
895,2017-08-21,246000,253500,245500,252500,104269,5.43,0.85,16.33
896,2017-08-22,249500,253000,247000,251000,101963,5.43,0.85,16.33
897,2017-08-23,249000,253000,248000,250500,70446,5.43,0.85,16.33
898,2017-08-24,249000,255500,249000,252000,90116,5.43,0.85,16.33
899,2017-08-25,253000,255500,250000,252500,74021,5.43,0.85,16.33
900,2017-08-28,253000,254000,249500,251000,72308,5.43,0.85,16.33
901,2017-08-29,249000,251000,243000,245000,173692,5.43,0.85,16.33
902,2017-08-30,243500,246500,240000,244500,172741,5.43,0.85,16.33
903,2017-08-31,242500,245000,236000,236000,206547,5.43,0.85,16.33
904,2017-09-01,236000,247000,236000,241000,223020,5.43,0.85,16.33
905,2017-09-04,240000,245000,238000,238500,105529,5.43,0.85,16.33
906,2017-09-05,240000,242500,237500,238500,122999,5.43,0.85,16.33
907,2017-09-06,237000,238500,233000,235000,204805,5.43,0.85,16.33
908,2017-09-07,235000,238000,234500,236000,162425,5.43,0.85,16.33
909,2017-09-08,233500,235000,220500,225000,522430,5.43,0.85,16.33
910,2017-09-11,220500,224000,215000,217000,420323,5.43,0.85,16.33
911,2017-09-12,218000,221500,218000,219000,322408,5.43,0.85,16.33
912,2017-09-13,219000,219500,214500,215000,246787,5.43,0.85,16.33
913,2017-09-14,214000,216500,212500,213500,380939,5.43,0.85,16.33
914,2017-09-15,212000,217000,212000,216000,248462,5.43,0.85,16.33
915,2017-09-18,216000,218000,215000,216500,172797,5.43,0.85,16.33
916,2017-09-19,215500,220500,215500,217500,236454,5.43,0.85,16.33
917,2017-09-20,219000,222000,218500,219000,327052,5.43,0.85,16.33
918,2017-09-21,217500,219000,214500,216000,292128,5.43,0.85,16.33
919,2017-09-22,215000,219500,215000,218000,247649,5.43,0.85,16.33
920,2017-09-25,221000,222500,218500,220000,196439,5.43,0.85,16.33
921,2017-09-26,223500,234500,223000,231500,437839,5.43,0.85,16.33
922,2017-09-27,229500,232500,228500,231500,235304,5.43,0.85,16.33
923,2017-09-28,228500,234000,228000,232500,156941,5.43,0.85,16.33
924,2017-09-29,235500,240000,233000,240000,293117,5.43,0.85,16.33
925,2017-10-10,235000,241500,232500,241500,513282,5.43,0.85,16.33
926,2017-10-11,237500,243500,237000,242000,185367,5.43,0.85,16.33
927,2017-10-12,239000,241000,237500,238000,196461,5.43,0.85,16.33
928,2017-10-13,240000,244500,236000,243500,191252,5.43,0.85,16.33
929,2017-10-16,242500,246000,239500,241000,123053,5.43,0.85,16.33
930,2017-10-17,240000,240500,234500,236000,150581,5.43,0.85,16.33
931,2017-10-18,235000,241000,234500,240000,116811,5.43,0.85,16.33
932,2017-10-19,243000,251000,241000,249000,336056,5.43,0.85,16.33
933,2017-10-20,247000,249500,245500,248000,90703,5.43,0.85,16.33
934,2017-10-23,244500,247000,243000,245500,128288,5.43,0.85,16.33
935,2017-10-24,243500,245500,242500,244000,83928,5.43,0.85,16.33
936,2017-10-25,243000,244000,238500,239000,145299,5.43,0.85,16.33
937,2017-10-26,239000,258000,238500,256000,311911,5.43,0.85,16.33
938,2017-10-27,252500,258000,250000,255500,261155,5.43,0.85,16.33
939,2017-10-30,255000,255500,246000,254000,246690,5.43,0.85,16.33
940,2017-10-31,254000,270000,253000,266500,464930,5.43,0.85,16.33
941,2017-11-01,262500,271000,262500,265000,185874,5.43,0.85,16.33
942,2017-11-02,262500,270500,262500,266000,196725,5.43,0.85,16.33
943,2017-11-03,266000,275000,266000,271000,176620,5.43,0.85,16.33
944,2017-11-06,268000,276500,268000,272500,208592,5.43,0.85,16.33
945,2017-11-07,268000,271500,262000,266000,282873,5.43,0.85,16.33
946,2017-11-08,262000,268000,260000,265000,151779,5.43,0.85,16.33
947,2017-11-09,266000,272000,264000,268500,207345,5.43,0.85,16.33
948,2017-11-10,266500,273000,265000,268500,117052,5.43,0.85,16.33
949,2017-11-13,273000,277000,267000,273000,155226,5.43,0.85,16.33
950,2017-11-14,271500,273000,266500,268000,106575,5.43,0.85,16.33
951,2017-11-15,265000,273000,264000,266500,132157,5.43,0.85,16.33
952,2017-11-16,271000,271000,261500,263500,157184,5.43,0.85,16.33
953,2017-11-17,260000,261000,255000,255500,262451,5.43,0.85,16.33
954,2017-11-20,252000,258000,250000,255500,223447,5.43,0.85,16.33
955,2017-11-21,253500,257500,252500,254000,112175,5.43,0.85,16.33
956,2017-11-22,253500,257500,252500,253000,116254,5.43,0.85,16.33
957,2017-11-23,255000,259000,254000,255000,130304,5.43,0.85,16.33
958,2017-11-24,253500,255500,252000,255500,75644,5.43,0.85,16.33
959,2017-11-27,253500,257500,253000,254000,117179,5.43,0.85,16.33
960,2017-11-28,257500,269000,255500,260000,247161,5.43,0.85,16.33
961,2017-11-29,261000,265500,257000,263500,193750,5.43,0.85,16.33
962,2017-11-30,269500,283000,268500,273500,571152,5.43,0.85,16.33
963,2017-12-01,271000,277000,267500,269000,191422,5.43,0.85,16.33
964,2017-12-04,269500,271500,266000,268500,133272,5.43,0.85,16.33
965,2017-12-05,266000,275000,266000,268500,142313,5.43,0.85,16.33
966,2017-12-06,269000,274000,263500,263500,171276,5.43,0.85,16.33
967,2017-12-07,266000,269500,262500,263000,130195,5.43,0.85,16.33
968,2017-12-08,262500,265000,257500,262000,128962,5.43,0.85,16.33
969,2017-12-11,263500,265000,253000,257000,218065,5.43,0.85,16.33
970,2017-12-12,253500,257000,252500,256000,199849,5.43,0.85,16.33
971,2017-12-13,255500,262000,255500,259500,171317,5.43,0.85,16.33
972,2017-12-14,260000,263500,257000,257000,334336,5.43,0.85,16.33
973,2017-12-15,261000,268500,256000,267000,265788,5.43,0.85,16.33
974,2017-12-18,263500,269500,261500,267000,140586,5.43,0.85,16.33
975,2017-12-19,266500,268500,261000,268000,156223,5.43,0.85,16.33
976,2017-12-20,265000,266500,259500,264500,217296,5.43,0.85,16.33
977,2017-12-21,263000,265500,258000,259000,157491,5.43,0.85,16.33
978,2017-12-22,262500,262500,258000,260000,144166,5.43,0.85,16.33
979,2017-12-26,260000,262500,258500,261000,150400,5.43,0.85,16.33
980,2017-12-27,258000,273000,257000,268000,223273,5.43,0.85,16.33
981,2017-12-28,265500,267500,259000,263000,185069,5.43,0.85,16.33
982,2018-01-02,262500,263500,256000,257000,181417,6.3,0.59,9.79
983,2018-01-03,254500,259000,254500,256500,175705,6.3,0.59,9.79
984,2018-01-04,255000,256500,245500,246500,458789,6.3,0.59,9.79
985,2018-01-05,243500,248000,243500,246500,214959,6.3,0.59,9.79
986,2018-01-08,246500,248500,245500,247500,193889,6.3,0.59,9.79
987,2018-01-09,246000,252000,246000,249500,154294,6.3,0.59,9.79
988,2018-01-10,250500,257000,250500,255000,211615,6.3,0.59,9.79
989,2018-01-11,255000,255000,249500,251000,174609,6.3,0.59,9.79
990,2018-01-12,251500,254000,246500,247500,127169,6.3,0.59,9.79
991,2018-01-15,249500,251000,244500,247000,112046,6.3,0.59,9.79
992,2018-01-16,246500,256500,246500,253000,161403,6.3,0.59,9.79
993,2018-01-17,251000,257000,251000,256500,130436,6.3,0.59,9.79
994,2018-01-18,258000,259000,252500,255000,138823,6.3,0.59,9.79
995,2018-01-19,253500,268000,253500,267000,241714,6.3,0.59,9.79
996,2018-01-22,267500,272000,261000,269500,370941,6.3,0.59,9.79
997,2018-01-23,268000,275500,266000,268000,252175,6.3,0.59,9.79
998,2018-01-24,265500,272500,265000,270000,200153,6.3,0.59,9.79
999,2018-01-25,268500,276500,264000,268000,298618,6.3,0.59,9.79
1000,2018-01-26,252000,255000,241500,246000,1337931,6.3,0.59,9.79
1001,2018-01-29,243000,249500,242000,249500,351592,6.3,0.59,9.79
1002,2018-01-30,247000,248500,244000,245500,331364,6.3,0.59,9.79
1003,2018-01-31,245000,247500,242000,247500,391535,6.3,0.59,9.79
1004,2018-02-01,248000,249000,246000,246000,157759,6.3,0.59,9.79
1005,2018-02-02,246500,256500,246500,255000,437624,6.3,0.59,9.79
1006,2018-02-05,254000,255000,248000,248500,244874,6.3,0.59,9.79
1007,2018-02-06,248000,248000,242000,245000,277099,6.3,0.59,9.79
1008,2018-02-07,245500,256000,242500,243000,323645,6.3,0.59,9.79
1009,2018-02-08,244000,249000,241000,245000,473762,6.3,0.59,9.79
1010,2018-02-09,240000,240500,234500,236500,314830,6.3,0.59,9.79
1011,2018-02-12,236500,238500,234000,234000,289273,6.3,0.59,9.79
1012,2018-02-13,234000,236000,223500,224500,469496,6.3,0.59,9.79
1013,2018-02-14,225500,228000,222000,224500,399960,6.3,0.59,9.79
1014,2018-02-19,228000,229500,222000,223500,314804,6.3,0.59,9.79
1015,2018-02-20,223500,227000,222000,223000,151464,6.3,0.59,9.79
1016,2018-02-21,222500,224500,221000,222500,326193,6.3,0.59,9.79
1017,2018-02-22,222500,227500,222500,224000,281409,6.3,0.59,9.79
1018,2018-02-23,225000,229000,221500,228000,289337,6.3,0.59,9.79
1019,2018-02-26,230000,234000,227500,231500,262655,6.3,0.59,9.79
1020,2018-02-27,232000,234500,230000,230000,149866,6.3,0.59,9.79
1021,2018-02-28,230000,232500,226500,228000,181780,6.3,0.59,9.79
1022,2018-03-02,227000,228000,219500,220500,248597,6.3,0.59,9.79
1023,2018-03-05,220000,223500,220000,221500,125684,6.3,0.59,9.79
1024,2018-03-06,222500,224000,217500,219500,303314,6.3,0.59,9.79
1025,2018-03-07,218500,219000,214500,214500,377344,6.3,0.59,9.79
1026,2018-03-08,218000,219000,215000,218000,270399,6.3,0.59,9.79
1027,2018-03-09,217500,222000,216500,221500,231252,6.3,0.59,9.79
1028,2018-03-12,227000,227000,223000,224500,235422,6.3,0.59,9.79
1029,2018-03-13,221500,224500,220500,224000,173751,6.3,0.59,9.79
1030,2018-03-14,222000,233000,222000,229000,357603,6.3,0.59,9.79
1031,2018-03-15,230000,231500,225000,229000,202773,6.3,0.59,9.79
1032,2018-03-16,230000,237500,229500,231500,347714,6.3,0.59,9.79
1033,2018-03-19,227000,227000,219000,226000,297880,6.3,0.59,9.79
1034,2018-03-20,222000,235000,221500,233500,353851,6.3,0.59,9.79
1035,2018-03-21,232000,237500,232000,236500,186908,6.3,0.59,9.79
1036,2018-03-22,237000,239000,232000,236000,203437,6.3,0.59,9.79
1037,2018-03-23,232000,235500,231500,233000,284903,6.3,0.59,9.79
1038,2018-03-26,230500,234000,228000,232500,182367,6.3,0.59,9.79
1039,2018-03-27,236000,247000,235500,245000,586844,6.3,0.59,9.79
1040,2018-03-28,249500,264000,245000,261500,1530584,6.3,0.59,9.79
1041,2018-03-29,248000,260000,240500,254000,1386658,6.3,0.59,9.79
1042,2018-03-30,251500,252500,237000,239500,744205,6.3,0.59,9.79
1043,2018-04-02,239500,246000,239000,244500,1040185,6.3,0.59,9.79
1044,2018-04-03,244500,258500,241000,255500,596146,6.3,0.59,9.79
1045,2018-04-04,264000,271000,261000,264500,741979,6.3,0.59,9.79
1046,2018-04-05,270000,270000,258500,262500,251627,6.3,0.59,9.79
1047,2018-04-06,263000,264500,260000,262000,270168,6.3,0.59,9.79
1048,2018-04-09,262000,262500,257500,260500,266775,6.3,0.59,9.79
1049,2018-04-10,260000,264500,258500,263000,299354,6.3,0.59,9.79
1050,2018-04-11,261500,264000,261000,262000,173875,6.3,0.59,9.79
1051,2018-04-12,260500,261500,251500,251500,364527,6.3,0.59,9.79
1052,2018-04-13,251500,253000,249500,250000,133074,6.3,0.59,9.79
1053,2018-04-16,253000,253000,242500,245500,234745,6.3,0.59,9.79
1054,2018-04-17,243500,252000,243500,248500,304530,6.3,0.59,9.79
1055,2018-04-18,249000,251000,245500,248500,193627,6.3,0.59,9.79
1056,2018-04-19,248500,248500,241500,243000,258837,6.3,0.59,9.79
1057,2018-04-20,241000,246000,241000,243500,112551,6.3,0.59,9.79
1058,2018-04-23,243500,245000,240500,243500,125683,6.3,0.59,9.79
1059,2018-04-24,247500,250000,243500,245000,253726,6.3,0.59,9.79
1060,2018-04-25,243000,247000,241000,244000,159692,6.3,0.59,9.79
1061,2018-04-26,243500,249000,241000,241000,240291,6.3,0.59,9.79
1062,2018-04-27,241500,249500,241000,246500,255100,6.3,0.59,9.79
1063,2018-04-30,248000,249500,243000,248000,163901,6.3,0.59,9.79
1064,2018-05-02,245000,255500,243000,243500,329216,6.3,0.59,9.79
1065,2018-05-03,247000,248000,238500,240000,287847,6.3,0.59,9.79
1066,2018-05-04,238000,239500,234000,235000,237103,6.3,0.59,9.79
1067,2018-05-08,236500,240000,234000,235000,204230,6.3,0.59,9.79
1068,2018-05-09,238500,238500,234500,235000,169553,6.3,0.59,9.79
1069,2018-05-10,235000,237000,229000,231500,260513,6.3,0.59,9.79
1070,2018-05-11,232500,238000,232000,237000,160885,6.3,0.59,9.79
1071,2018-05-14,238000,242000,236000,240000,185015,6.3,0.59,9.79
1072,2018-05-15,237500,241000,237500,238500,142993,6.3,0.59,9.79
1073,2018-05-16,238000,239000,234500,237000,261360,6.3,0.59,9.79
1074,2018-05-17,238000,239000,235000,237500,148274,6.3,0.59,9.79
1075,2018-05-18,236000,239500,231500,239000,112260,6.3,0.59,9.79
1076,2018-05-21,241000,244000,237500,241500,160148,6.3,0.59,9.79
1077,2018-05-23,248500,250000,244000,247000,523019,6.3,0.59,9.79
1078,2018-05-24,244500,245000,237000,239000,230720,6.3,0.59,9.79
1079,2018-05-25,237500,237500,232500,234500,252405,6.3,0.59,9.79
1080,2018-05-28,234500,234500,230000,231500,150006,6.3,0.59,9.79
1081,2018-05-29,230000,231500,224000,225500,233787,6.3,0.59,9.79
1082,2018-05-30,223000,224500,218500,220500,276826,6.3,0.59,9.79
1083,2018-05-31,221000,221500,217000,218000,496730,6.3,0.59,9.79
1084,2018-06-01,219500,227500,219000,226500,196650,6.3,0.59,9.79
1085,2018-06-04,225000,233000,223500,231000,160646,6.3,0.59,9.79
1086,2018-06-05,228000,229500,226000,227500,121218,6.3,0.59,9.79
1087,2018-06-07,229500,232000,228000,231500,117781,6.3,0.59,9.79
1088,2018-06-08,230000,231500,228000,230000,142218,6.3,0.59,9.79
1089,2018-06-11,231000,232000,224500,226000,277130,6.3,0.59,9.79
1090,2018-06-12,225000,227000,224000,226500,183802,6.3,0.59,9.79
1091,2018-06-14,224000,225000,221000,223000,370143,6.3,0.59,9.79
1092,2018-06-15,222500,222500,219000,219000,539275,6.3,0.59,9.79
1093,2018-06-18,220500,221500,219000,220500,207317,6.3,0.59,9.79
1094,2018-06-19,218500,222000,218000,221000,265262,6.3,0.59,9.79
1095,2018-06-20,220500,220500,218000,219000,266410,6.3,0.59,9.79
1096,2018-06-21,218000,220000,215500,217000,242401,6.3,0.59,9.79
1097,2018-06-22,215500,218500,215000,217000,182137,6.3,0.59,9.79
1098,2018-06-25,220000,220500,215000,216000,276167,6.3,0.59,9.79
1099,2018-06-26,216500,218000,214500,218000,266685,6.3,0.59,9.79
1100,2018-06-27,216000,218000,215000,215500,156627,6.3,0.59,9.79
1101,2018-06-28,215500,216000,213000,214000,131608,6.3,0.59,9.79
1102,2018-06-29,214500,215500,208000,212000,177310,6.3,0.59,9.79
1103,2018-07-02,210500,212000,203500,205500,203404,6.3,0.59,9.79
1104,2018-07-03,207000,208000,203000,205000,122216,6.3,0.59,9.79
1105,2018-07-04,203000,205000,197500,198500,227267,6.3,0.59,9.79
1106,2018-07-05,197000,201000,197000,200000,130579,6.3,0.59,9.79
1107,2018-07-06,200500,209500,200500,205500,184527,6.3,0.59,9.79
1108,2018-07-09,207500,208500,204500,206000,99131,6.3,0.59,9.79
1109,2018-07-10,204000,206500,203000,205000,128623,6.3,0.59,9.79
1110,2018-07-11,200500,204500,200500,202000,149249,6.3,0.59,9.79
1111,2018-07-12,203500,209500,203000,208000,302165,6.3,0.59,9.79
1112,2018-07-13,206500,216500,206000,215500,279643,6.3,0.59,9.79
1113,2018-07-16,213000,224500,213000,222500,340854,6.3,0.59,9.79
1114,2018-07-17,221500,225500,220500,223500,153034,6.3,0.59,9.79
1115,2018-07-18,223500,224000,219000,221000,142083,6.3,0.59,9.79
1116,2018-07-19,218500,223000,218500,222000,103903,6.3,0.59,9.79
1117,2018-07-20,222000,228000,219000,227000,165713,6.3,0.59,9.79
1118,2018-07-23,228500,231500,227000,229500,140170,6.3,0.59,9.79
1119,2018-07-24,227500,227500,221500,226000,174760,6.3,0.59,9.79
1120,2018-07-25,224000,229000,224000,226000,127419,6.3,0.59,9.79
1121,2018-07-26,224000,227500,220500,223000,245872,6.3,0.59,9.79
1122,2018-07-27,225500,231500,225500,228000,248302,6.3,0.59,9.79
1123,2018-07-30,228500,230000,226000,229500,112845,6.3,0.59,9.79
1124,2018-07-31,231000,231000,227500,228000,98193,6.3,0.59,9.79
1125,2018-08-01,229000,231000,226500,228500,90169,6.3,0.59,9.79
1126,2018-08-02,226500,229000,221500,223500,136823,6.3,0.59,9.79
1127,2018-08-03,222500,226000,222000,224500,87520,6.3,0.59,9.79
1128,2018-08-06,223500,230000,223500,227500,79586,6.3,0.59,9.79
1129,2018-08-07,228000,228000,223000,224500,90197,6.3,0.59,9.79
1130,2018-08-08,235000,240500,230000,231000,528047,6.3,0.59,9.79
1131,2018-08-09,230000,233000,228000,233000,165783,6.3,0.59,9.79
1132,2018-08-10,232500,234000,229000,231500,108892,6.3,0.59,9.79
1133,2018-08-13,231500,234500,227000,231000,91229,6.3,0.59,9.79
1134,2018-08-14,231500,233000,228000,230000,93989,6.3,0.59,9.79
1135,2018-08-16,228000,232500,226000,232500,143166,6.3,0.59,9.79
1136,2018-08-17,229500,232500,226500,232000,81940,6.3,0.59,9.79
1137,2018-08-20,234000,235000,232000,235000,105324,6.3,0.59,9.79
1138,2018-08-21,233000,235000,230000,231000,142076,6.3,0.59,9.79
1139,2018-08-22,230500,232000,228000,229500,135387,6.3,0.59,9.79
1140,2018-08-23,231000,231000,228000,230000,136096,6.3,0.59,9.79
1141,2018-08-24,230000,232500,228000,232000,164608,6.3,0.59,9.79
1142,2018-08-27,231000,232500,229000,230000,132308,6.3,0.59,9.79
1143,2018-08-28,231000,232500,229000,231000,137576,6.3,0.59,9.79
1144,2018-08-29,231000,231000,224500,226500,119997,6.3,0.59,9.79
1145,2018-08-30,226500,227000,222000,223000,119006,6.3,0.59,9.79
1146,2018-08-31,225000,226500,222000,224000,137691,6.3,0.59,9.79
1147,2018-09-03,223500,228000,223500,226500,92301,6.3,0.59,9.79
1148,2018-09-04,225000,228000,223000,226500,103520,6.3,0.59,9.79
1149,2018-09-05,226500,229500,224000,226500,156231,6.3,0.59,9.79
1150,2018-09-06,225000,233000,225000,231500,191522,6.3,0.59,9.79
1151,2018-09-07,234500,240000,233500,237000,336510,6.3,0.59,9.79
1152,2018-09-10,232500,237000,226000,227000,172142,6.3,0.59,9.79
1153,2018-09-11,225000,226000,221500,222500,169946,6.3,0.59,9.79
1154,2018-09-12,223000,223000,220500,222000,135920,6.3,0.59,9.79
1155,2018-09-13,222500,223500,220000,221000,189480,6.3,0.59,9.79
1156,2018-09-14,220500,226500,220500,226500,114740,6.3,0.59,9.79
1157,2018-09-17,224000,224500,221000,222500,108966,6.3,0.59,9.79
1158,2018-09-18,220500,221000,217000,220000,199384,6.3,0.59,9.79
1159,2018-09-19,219000,221000,217500,221000,91988,6.3,0.59,9.79
1160,2018-09-20,219500,226500,219500,224500,112037,6.3,0.59,9.79
1161,2018-09-21,227000,227500,221000,223000,158571,6.3,0.59,9.79
1162,2018-09-27,227500,228500,224500,227500,289050,6.3,0.59,9.79
1163,2018-09-28,227000,229500,226000,228000,193492,6.3,0.59,9.79
1164,2018-10-01,225000,226000,220000,221000,160689,6.3,0.59,9.79
1165,2018-10-02,220000,223000,217500,218000,141137,6.3,0.59,9.79
1166,2018-10-04,216000,218000,203500,209500,325337,6.3,0.59,9.79
1167,2018-10-05,208500,209500,206000,208500,142461,6.3,0.59,9.79
1168,2018-10-08,208000,212000,205000,208000,131297,6.3,0.59,9.79
1169,2018-10-10,211000,211000,201500,205500,181623,6.3,0.59,9.79
1170,2018-10-11,199000,202000,195000,195500,358876,6.3,0.59,9.79
1171,2018-10-12,197000,197500,191500,195500,244661,6.3,0.59,9.79
1172,2018-10-15,195500,197000,188000,190500,304782,6.3,0.59,9.79
1173,2018-10-16,190500,195500,189000,191500,256210,6.3,0.59,9.79
1174,2018-10-17,194000,198500,192500,198500,206485,6.3,0.59,9.79
1175,2018-10-18,195000,196500,188500,191000,291817,6.3,0.59,9.79
1176,2018-10-19,189500,194000,188500,193000,165407,6.3,0.59,9.79
1177,2018-10-22,193000,197000,192000,195500,233922,6.3,0.59,9.79
1178,2018-10-23,193000,195000,185500,187500,436598,6.3,0.59,9.79
1179,2018-10-24,189500,192500,187500,191000,348405,6.3,0.59,9.79
1180,2018-10-25,187000,190000,172500,182500,500682,6.3,0.59,9.79
1181,2018-10-26,182000,192500,182000,188000,475642,6.3,0.59,9.79
1182,2018-10-29,188000,194000,187000,189000,285393,6.3,0.59,9.79
1183,2018-10-30,190000,195500,189500,191500,269327,6.3,0.59,9.79
1184,2018-10-31,187500,192000,183500,190000,287841,6.3,0.59,9.79
1185,2018-11-01,187000,191500,185000,187500,328587,6.3,0.59,9.79
1186,2018-11-02,186000,190000,186000,188500,424064,6.3,0.59,9.79
1187,2018-11-05,187000,191500,186500,188500,191947,6.3,0.59,9.79
1188,2018-11-06,189500,196500,189000,195500,215540,6.3,0.59,9.79
1189,2018-11-07,194500,199000,192000,193000,203610,6.3,0.59,9.79
1190,2018-11-08,197000,198000,193000,193000,199959,6.3,0.59,9.79
1191,2018-11-09,192000,198500,192000,193000,141838,6.3,0.59,9.79
1192,2018-11-12,192000,192500,185000,186000,146973,6.3,0.59,9.79
1193,2018-11-13,182000,188000,179000,186500,190077,6.3,0.59,9.79
1194,2018-11-14,187500,192000,187000,190000,157205,6.3,0.59,9.79
1195,2018-11-15,188000,193000,185500,191500,112223,6.3,0.59,9.79
1196,2018-11-16,192000,194500,190500,193500,101143,6.3,0.59,9.79
1197,2018-11-19,190500,192500,187500,191000,142024,6.3,0.59,9.79
1198,2018-11-20,191500,192500,181000,184500,235831,6.3,0.59,9.79
1199,2018-11-21,180500,186000,178000,185000,172473,6.3,0.59,9.79
1200,2018-11-22,185000,185000,167000,169000,705244,6.3,0.59,9.79
1201,2018-11-23,168500,170000,165000,167000,326300,6.3,0.59,9.79
1202,2018-11-26,166000,169000,165500,167000,302321,6.3,0.59,9.79
1203,2018-11-27,168000,175500,167500,174500,396585,6.3,0.59,9.79
1204,2018-11-28,175000,177500,173000,176000,183892,6.3,0.59,9.79
1205,2018-11-29,178000,179500,172500,173500,156706,6.3,0.59,9.79
1206,2018-11-30,175500,184500,174000,180500,435192,6.3,0.59,9.79
1207,2018-12-03,183000,185000,180000,181500,137431,6.3,0.59,9.79
1208,2018-12-04,183000,183500,177000,179500,187512,6.3,0.59,9.79
1209,2018-12-05,177500,179500,176000,177000,135384,6.3,0.59,9.79
1210,2018-12-06,177500,180500,174000,179000,153458,6.3,0.59,9.79
1211,2018-12-07,180000,182000,177500,181000,130643,6.3,0.59,9.79
1212,2018-12-10,177000,181000,175500,180000,181255,6.3,0.59,9.79
1213,2018-12-11,178000,180000,174500,177500,156828,6.3,0.59,9.79
1214,2018-12-12,180000,195000,179000,193500,485527,6.3,0.59,9.79
1215,2018-12-13,194000,203500,192000,201000,592157,6.3,0.59,9.79
1216,2018-12-14,201000,201000,196500,199000,230837,6.3,0.59,9.79
1217,2018-12-17,203000,203500,194500,201000,191113,6.3,0.59,9.79
1218,2018-12-18,201000,201500,198500,200000,176452,6.3,0.59,9.79
1219,2018-12-19,201500,207000,198500,205500,238458,6.3,0.59,9.79
1220,2018-12-20,200000,202500,196500,200000,354985,6.3,0.59,9.79
1221,2018-12-21,194000,196500,193000,195000,309481,6.3,0.59,9.79
1222,2018-12-24,195000,198500,194000,197000,134838,6.3,0.59,9.79
1223,2018-12-26,193500,194000,185500,190000,260543,6.3,0.59,9.79
1224,2018-12-27,189000,193000,186500,188500,146869,6.3,0.59,9.79
1225,2018-12-28,188500,192500,188500,190000,143178,6.3,0.59,9.79
1226,2019-01-02,190500,191500,183000,185000,215479,7.28,0.74,10.73
1227,2019-01-03,187000,194000,184000,192000,236692,7.28,0.74,10.73
1228,2019-01-04,191000,202000,191000,199500,352671,7.28,0.74,10.73
1229,2019-01-07,200000,200500,196000,198500,144186,7.28,0.74,10.73
1230,2019-01-08,200500,201000,192000,193000,112903,7.28,0.74,10.73
1231,2019-01-09,192500,204500,191500,202500,277391,7.28,0.74,10.73
1232,2019-01-10,199000,200000,195500,196000,239761,7.28,0.74,10.73
1233,2019-01-11,196000,198500,195000,196500,138285,7.28,0.74,10.73
1234,2019-01-14,195500,197500,193000,195000,130372,7.28,0.74,10.73
1235,2019-01-15,199000,203000,195500,202000,211778,7.28,0.74,10.73
1236,2019-01-16,200000,203000,198000,200000,131657,7.28,0.74,10.73
1237,2019-01-17,199500,211500,198000,207000,373169,7.28,0.74,10.73
1238,2019-01-18,207000,212500,206000,210000,356368,7.28,0.74,10.73
1239,2019-01-21,208500,211500,203500,205000,190077,7.28,0.74,10.73
1240,2019-01-22,205000,206500,203500,205500,143839,7.28,0.74,10.73
1241,2019-01-23,205500,215500,204000,215000,321733,7.28,0.74,10.73
1242,2019-01-24,211000,215500,208000,214500,292037,7.28,0.74,10.73
1243,2019-01-25,210500,214000,208500,208500,264026,7.28,0.74,10.73
1244,2019-01-28,220500,220500,215000,217500,460844,7.28,0.74,10.73
1245,2019-01-29,215000,222500,212500,221000,353140,7.28,0.74,10.73
1246,2019-01-30,222500,224500,218500,224500,241733,7.28,0.74,10.73
1247,2019-01-31,226000,226500,219500,225000,263647,7.28,0.74,10.73
1248,2019-02-01,225500,227000,222500,224000,158081,7.28,0.74,10.73
1249,2019-02-07,223500,224000,219500,221000,175558,7.28,0.74,10.73
1250,2019-02-08,213000,220000,213000,218000,143844,7.28,0.74,10.73
1251,2019-02-11,218000,223500,216500,219500,180612,7.28,0.74,10.73
1252,2019-02-12,220000,225000,219500,222000,211222,7.28,0.74,10.73
1253,2019-02-13,222000,223000,217500,218500,162454,7.28,0.74,10.73
1254,2019-02-14,215500,218000,210500,218000,343277,7.28,0.74,10.73
1255,2019-02-15,216500,217000,212000,214000,177426,7.28,0.74,10.73
1256,2019-02-18,213000,213500,208000,210000,272761,7.28,0.74,10.73
1257,2019-02-20,209500,213500,209000,210000,313845,7.28,0.74,10.73
1258,2019-02-21,212500,216500,211000,214500,322897,7.28,0.74,10.73
1259,2019-02-22,212000,217000,211500,213000,237777,7.28,0.74,10.73
1260,2019-02-25,215000,217500,213000,214000,188208,7.28,0.74,10.73
1261,2019-02-26,213500,218500,211500,213000,510196,7.28,0.74,10.73
1262,2019-02-27,220000,222000,217000,221000,591208,7.28,0.74,10.73
1263,2019-02-28,221000,224500,219000,220500,407384,7.28,0.74,10.73
1264,2019-03-04,216500,217500,208500,212500,422495,7.28,0.74,10.73
1265,2019-03-05,209500,210500,207000,210000,271580,7.28,0.74,10.73
1266,2019-03-06,210500,214000,207500,213000,234174,7.28,0.74,10.73
1267,2019-03-07,215000,217000,208500,210000,204990,7.28,0.74,10.73
1268,2019-03-08,209000,209000,203000,204000,157539,7.28,0.74,10.73
1269,2019-03-11,203500,206500,201000,205500,119911,7.28,0.74,10.73
1270,2019-03-12,206500,209500,206500,208000,123978,7.28,0.74,10.73
1271,2019-03-13,211000,211000,202000,207000,137139,7.28,0.74,10.73
1272,2019-03-14,211000,211000,197500,200000,410472,7.28,0.74,10.73
1273,2019-03-15,201500,209500,200500,207000,376469,7.28,0.74,10.73
1274,2019-03-18,209500,214500,206500,213000,156581,7.28,0.74,10.73
1275,2019-03-19,214000,215000,209000,213000,209318,7.28,0.74,10.73
1276,2019-03-20,207500,215000,207000,215000,202400,7.28,0.74,10.73
1277,2019-03-21,214500,216000,210500,213500,153710,7.28,0.74,10.73
1278,2019-03-22,213500,216000,211000,214500,232552,7.28,0.74,10.73
1279,2019-03-25,212000,212000,208000,208000,135415,7.28,0.74,10.73
1280,2019-03-26,208000,211000,207000,210500,155296,7.28,0.74,10.73
1281,2019-03-27,209000,210000,206500,208000,136094,7.28,0.74,10.73
1282,2019-03-28,205500,209500,204500,209000,125651,7.28,0.74,10.73
1283,2019-03-29,209500,211000,204500,208500,245770,7.28,0.74,10.73
1284,2019-04-01,210000,211000,208500,211000,117275,7.28,0.74,10.73
1285,2019-04-02,209000,210000,206000,207500,176075,7.28,0.74,10.73
1286,2019-04-03,206000,215500,206000,215500,243849,7.28,0.74,10.73
1287,2019-04-04,215000,219500,214500,218500,149577,7.28,0.74,10.73
1288,2019-04-05,219500,225500,217500,225000,220957,7.28,0.74,10.73
1289,2019-04-08,223000,227000,221500,223500,199073,7.28,0.74,10.73
1290,2019-04-09,221500,225500,220000,224500,147330,7.28,0.74,10.73
1291,2019-04-10,223000,226000,221000,226000,156979,7.28,0.74,10.73
1292,2019-04-11,225000,226500,223000,226500,207467,7.28,0.74,10.73
1293,2019-04-12,226000,226500,222500,223000,194785,7.28,0.74,10.73
1294,2019-04-15,221500,224500,216000,217500,221694,7.28,0.74,10.73
1295,2019-04-16,217500,225500,217000,225000,313202,7.28,0.74,10.73
1296,2019-04-17,225500,229500,222000,229500,189138,7.28,0.74,10.73
1297,2019-04-18,230000,240000,229500,233000,379164,7.28,0.74,10.73
1298,2019-04-19,233500,234000,229000,229000,86128,7.28,0.74,10.73
1299,2019-04-22,227000,230500,226000,229000,101227,7.28,0.74,10.73
1300,2019-04-23,231000,234500,228000,234000,182821,7.28,0.74,10.73
1301,2019-04-24,234000,235500,229000,232500,323852,7.28,0.74,10.73
1302,2019-04-25,231000,232000,226500,228000,192626,7.28,0.74,10.73
1303,2019-04-26,228500,228500,222500,226000,200629,7.28,0.74,10.73
1304,2019-04-29,226500,236000,226000,234500,260452,7.28,0.74,10.73
1305,2019-04-30,232500,234500,231000,232500,202907,7.28,0.74,10.73
1306,2019-05-02,232000,240000,230000,237000,305273,7.28,0.74,10.73
1307,2019-05-03,235500,237500,231500,233000,225747,7.28,0.74,10.73
1308,2019-05-07,229000,238000,229000,233500,239384,7.28,0.74,10.73
1309,2019-05-08,228500,232500,228500,230000,137471,7.28,0.74,10.73
1310,2019-05-09,227500,230500,219500,219500,287796,7.28,0.74,10.73
1311,2019-05-10,223500,225000,215000,219000,186765,7.28,0.74,10.73
1312,2019-05-13,215000,218500,212500,214500,185969,7.28,0.74,10.73
1313,2019-05-14,215000,217500,210500,212500,196877,7.28,0.74,10.73
1314,2019-05-15,211000,215500,208000,213000,156237,7.28,0.74,10.73
1315,2019-05-16,221000,223500,212000,212500,269750,7.28,0.74,10.73
1316,2019-05-17,213500,215500,211000,212000,130038,7.28,0.74,10.73
1317,2019-05-20,214500,218000,214000,217000,194202,7.28,0.74,10.73
1318,2019-05-21,214000,215500,211500,212000,146671,7.28,0.74,10.73
1319,2019-05-22,212000,213000,209500,211000,154425,7.28,0.74,10.73
1320,2019-05-23,212500,214000,210000,212000,154302,7.28,0.74,10.73
1321,2019-05-24,212000,215500,210500,214000,177470,7.28,0.74,10.73
1322,2019-05-27,215500,221500,215000,219000,244020,7.28,0.74,10.73
1323,2019-05-28,219500,220000,215500,217000,367016,7.28,0.74,10.73
1324,2019-05-29,218500,221500,216500,217500,204658,7.28,0.74,10.73
1325,2019-05-30,213500,222000,213000,221000,183125,7.28,0.74,10.73
1326,2019-04-19,233500,234000,229000,229000,86128,7.28,0.74,10.73
1327,2019-06-03,214000,220000,214000,217000,178661,7.28,0.74,10.73
1328,2019-06-04,214000,223500,214000,217500,164214,7.28,0.74,10.73
1329,2019-06-05,218500,222000,216000,220500,199646,7.28,0.74,10.73
1330,2019-06-07,220000,224500,217500,220000,189024,7.28,0.74,10.73
1331,2019-06-10,223000,226500,220500,225500,176237,7.28,0.74,10.73
1332,2019-06-11,225000,228000,224000,225500,112516,7.28,0.74,10.73
1333,2019-06-12,226500,228000,221500,223000,123904,7.28,0.74,10.73
1334,2019-06-13,221500,224000,214500,216000,382356,7.28,0.74,10.73
1335,2019-06-14,218000,221500,216000,220500,218962,7.28,0.74,10.73
1336,2019-06-17,221500,224500,220500,220500,155634,7.28,0.74,10.73
1337,2019-06-18,222000,224000,221000,223500,110784,7.28,0.74,10.73
1338,2019-06-19,225000,225500,222500,223500,116054,7.28,0.74,10.73
1339,2019-06-20,223500,224500,222000,224000,121384,7.28,0.74,10.73
1340,2019-06-21,223000,227000,222000,226000,204380,7.28,0.74,10.73
1341,2019-06-24,228500,232500,227500,229000,177873,7.28,0.74,10.73
1342,2019-06-25,230500,233000,228000,232000,143019,7.28,0.74,10.73
1343,2019-06-26,232000,234500,229000,233000,179265,7.28,0.74,10.73
1344,2019-06-27,229000,236000,228000,235500,206434,7.28,0.74,10.73
1345,2019-06-28,233500,237000,232000,235500,159416,7.28,0.74,10.73
1346,2019-07-01,239000,239500,234500,235000,168621,7.28,0.74,10.73
1347,2019-07-02,233000,234000,230500,232000,166913,7.28,0.74,10.73
1348,2019-07-03,231500,236500,228500,229500,165374,7.28,0.74,10.73
1349,2019-07-04,230000,233500,227500,232000,196409,7.28,0.74,10.73
1350,2019-07-05,231500,235000,231000,233500,151166,7.28,0.74,10.73
1351,2019-07-08,230500,233500,229500,231500,84638,7.28,0.74,10.73
1352,2019-07-09,232000,234500,230500,231000,135090,7.28,0.74,10.73
1353,2019-07-10,234500,234500,229000,231500,135087,7.28,0.74,10.73
1354,2019-07-11,229000,233000,228000,231500,224580,7.28,0.74,10.73
1355,2019-07-12,230500,237000,229000,235500,118485,7.28,0.74,10.73
1356,2019-07-15,234500,235500,232500,235500,103816,7.28,0.74,10.73
1357,2019-07-16,236000,236500,229500,231500,176995,7.28,0.74,10.73
1358,2019-07-17,232000,234500,230500,234500,142711,7.28,0.74,10.73
1359,2019-07-18,231500,233000,229500,231000,140916,7.28,0.74,10.73
1360,2019-07-19,233500,234000,229500,233500,134565,7.28,0.74,10.73
1361,2019-07-22,231500,233000,226000,227500,194960,7.28,0.74,10.73
1362,2019-07-23,230000,233000,226500,233000,150346,7.28,0.74,10.73
1363,2019-07-24,232000,235500,231500,232500,111346,7.28,0.74,10.73
1364,2019-07-25,240000,246500,237000,245500,495994,7.28,0.74,10.73
1365,2019-07-26,245500,250000,245000,245500,270999,7.28,0.74,10.73
1366,2019-07-29,245500,245500,237500,242500,169686,7.28,0.74,10.73
1367,2019-07-30,245500,247000,241000,244000,161770,7.28,0.74,10.73
1368,2019-07-31,243000,246000,241000,241000,217830,7.28,0.74,10.73
1369,2019-08-01,246000,246000,240000,243500,150923,7.28,0.74,10.73
1370,2019-08-02,240000,246500,237000,246000,247574,7.28,0.74,10.73
1371,2019-08-05,242000,246000,240500,242500,205206,7.28,0.74,10.73
1372,2019-08-06,240000,242500,228500,237000,347171,7.28,0.74,10.73
1373,2019-08-07,240500,240500,234000,238000,204498,7.28,0.74,10.73
1374,2019-08-08,238500,240500,235000,236500,309661,7.28,0.74,10.73
1375,2019-08-09,239500,245000,237000,243500,204921,7.28,0.74,10.73
1376,2019-08-12,241000,244500,238500,238500,146465,7.28,0.74,10.73
1377,2019-08-13,235500,237500,234000,235000,122224,7.28,0.74,10.73
1378,2019-08-14,237000,242500,236000,240000,193575,7.28,0.74,10.73
1379,2019-08-16,245000,245000,235000,239500,190339,7.28,0.74,10.73
1380,2019-08-19,243500,243500,239000,242000,138957,7.28,0.74,10.73
1381,2019-08-20,240000,245000,239000,244500,254168,7.28,0.74,10.73
1382,2019-08-21,245500,247500,241500,245000,246941,7.28,0.74,10.73
1383,2019-08-22,245000,245000,240500,240500,164628,7.28,0.74,10.73
1384,2019-08-23,239000,243500,238500,241500,158730,7.28,0.74,10.73
1385,2019-08-26,234500,241500,234500,239000,161530,7.28,0.74,10.73
1386,2019-08-27,241000,243000,238000,240500,353866,7.28,0.74,10.73
1387,2019-08-28,244500,249000,243500,247000,206614,7.28,0.74,10.73
1388,2019-08-29,249000,249000,243000,244000,138049,7.28,0.74,10.73
1389,2019-08-30,245000,248500,244000,248500,176218,7.28,0.74,10.73
1390,2019-09-02,248500,253000,246500,252500,105730,7.28,0.74,10.73
1391,2019-09-03,250500,251500,246500,249000,152013,7.28,0.74,10.73
1392,2019-09-04,252000,252000,247000,250500,170597,7.28,0.74,10.73
1393,2019-09-05,247000,249500,245500,246500,178743,7.28,0.74,10.73
1394,2019-09-06,246000,249000,245500,249000,132574,7.28,0.74,10.73
1395,2019-09-09,249000,251500,247500,251000,155187,7.28,0.74,10.73
1396,2019-09-10,249500,251000,247500,249000,168845,7.28,0.74,10.73
1397,2019-09-11,251000,251000,244000,247500,399458,7.28,0.74,10.73
1398,2019-09-16,248500,249500,242500,244500,273827,7.28,0.74,10.73
1399,2019-09-17,244500,248000,243000,248000,196257,7.28,0.74,10.73
1400,2019-09-18,246500,249500,246000,249500,177141,7.28,0.74,10.73
1401,2019-09-19,247500,247500,244000,245500,169654,7.28,0.74,10.73
1402,2019-09-20,246500,249000,245000,248500,275425,7.28,0.74,10.73
1403,2019-09-23,248500,253500,248500,251500,193970,7.28,0.74,10.73
1404,2019-09-24,258500,263500,253500,259500,414058,7.28,0.74,10.73
1405,2019-09-25,254500,257500,253000,255000,280649,7.28,0.74,10.73
1406,2019-09-26,255000,255000,247000,249500,251912,7.28,0.74,10.73
1407,2019-09-27,252000,252000,246000,249000,130769,7.28,0.74,10.73
1408,2019-09-30,249500,253000,248000,252000,191365,7.28,0.74,10.73
1409,2019-10-01,251500,252000,247000,247500,192354,7.28,0.74,10.73
1410,2019-10-02,245500,247500,243000,245500,211452,7.28,0.74,10.73
1411,2019-10-04,243000,245500,239000,242500,206930,7.28,0.74,10.73
1412,2019-10-07,241500,245500,241000,244000,120836,7.28,0.74,10.73
1413,2019-10-08,243000,245500,241500,243500,170518,7.28,0.74,10.73
1414,2019-10-10,243500,248000,237500,245500,329544,7.28,0.74,10.73
1415,2019-10-11,248000,249000,242000,244000,201697,7.28,0.74,10.73
1416,2019-10-14,247500,247500,239500,240500,189019,7.28,0.74,10.73
1417,2019-10-15,242000,246500,241500,245500,200929,7.28,0.74,10.73
1418,2019-10-16,245000,245500,242000,244000,153355,7.28,0.74,10.73
1419,2019-10-17,245000,245000,239000,240500,164578,7.28,0.74,10.73
1420,2019-10-18,243500,243500,238500,241000,239026,7.28,0.74,10.73
1421,2019-10-21,241500,241500,235500,238500,130342,7.28,0.74,10.73
1422,2019-10-22,236500,242500,236500,241000,176620,7.28,0.74,10.73
1423,2019-10-23,239500,241500,238500,240000,132086,7.28,0.74,10.73
1424,2019-10-24,238500,243500,238500,241000,183751,7.28,0.74,10.73
1425,2019-10-25,240000,240000,236500,237000,383310,7.28,0.74,10.73
1426,2019-10-28,238000,240000,236500,237000,597923,7.28,0.74,10.73
1427,2019-10-29,237500,239500,236500,237500,187239,7.28,0.74,10.73
1428,2019-10-30,239000,240000,237000,238000,180426,7.28,0.74,10.73
1429,2019-10-31,237500,240500,235000,238000,226345,7.28,0.74,10.73
1430,2019-11-01,237000,244000,236500,243000,180495,7.28,0.74,10.73
1431,2019-11-04,241000,244000,240000,242500,208980,7.28,0.74,10.73
1432,2019-11-05,242500,246500,242000,246500,202980,7.28,0.74,10.73
1433,2019-11-06,247000,248000,244500,244500,150854,7.28,0.74,10.73
1434,2019-11-07,246500,249000,244500,247000,169598,7.28,0.74,10.73
1435,2019-11-08,245000,246000,241500,242000,176210,7.28,0.74,10.73
1436,2019-11-11,241000,244500,241000,241500,109303,7.28,0.74,10.73
1437,2019-11-12,242000,246000,241000,244500,237741,7.28,0.74,10.73
1438,2019-11-13,243500,245500,241000,241500,128720,7.28,0.74,10.73
1439,2019-11-14,243500,246000,241500,246000,196138,7.28,0.74,10.73
1440,2019-11-15,248000,258500,246500,257500,295646,7.28,0.74,10.73
1441,2019-11-18,254000,258500,252000,255500,240022,7.28,0.74,10.73
1442,2019-11-19,256000,260000,256000,257000,290124,7.28,0.74,10.73
1443,2019-11-20,255500,259000,254500,256000,270526,7.28,0.74,10.73
1444,2019-11-21,256000,258500,251000,253000,385166,7.28,0.74,10.73
1445,2019-11-22,251000,256500,251000,255500,257086,7.28,0.74,10.73
1446,2019-11-25,253000,258500,253000,257000,304028,7.28,0.74,10.73
1447,2019-11-26,253000,257000,247000,247000,630562,7.28,0.74,10.73
1448,2019-11-27,247000,254000,247000,252500,308263,7.28,0.74,10.73
1449,2019-11-28,251000,253000,249000,251000,225680,7.28,0.74,10.73
1450,2019-11-29,252500,253500,244000,245000,257744,7.28,0.74,10.73
1451,2019-12-02,245000,248500,244500,246500,242207,7.28,0.74,10.73
1452,2019-12-03,247500,249500,244500,248000,262440,7.28,0.74,10.73
1453,2019-12-04,248000,250500,246000,249500,345433,7.28,0.74,10.73
1454,2019-12-05,248000,251000,244000,245000,298932,7.28,0.74,10.73
1455,2019-12-06,246500,247500,244500,246500,200593,7.28,0.74,10.73
1456,2019-12-09,246500,252500,246000,252000,244462,7.28,0.74,10.73
1457,2019-12-10,250000,257500,250000,257000,287466,7.28,0.74,10.73
1458,2019-12-11,254000,256500,253000,256000,278919,7.28,0.74,10.73
1459,2019-12-12,256000,260000,254000,259500,409684,7.28,0.74,10.73
1460,2019-12-13,261000,263000,258000,260500,243561,7.28,0.74,10.73
1461,2019-12-16,263000,263000,259500,260500,234196,7.28,0.74,10.73
1462,2019-12-17,267000,267000,261000,263500,540074,7.28,0.74,10.73
1463,2019-12-18,259500,268500,259000,267000,317144,7.28,0.74,10.73
1464,2019-12-19,265000,266000,257000,261000,250200,7.28,0.74,10.73
1465,2019-12-20,261500,262500,258500,262000,242192,7.28,0.74,10.73
1466,2019-12-23,263000,263000,258000,260000,204087,7.28,0.74,10.73
1467,2019-12-24,258500,261000,256500,257500,161771,7.28,0.74,10.73
1468,2019-12-26,259500,261500,257000,261000,126392,7.28,0.74,10.73
1469,2019-12-27,258000,262000,255000,257500,106529,7.28,0.74,10.73
1470,2019-12-30,260500,260500,256000,256000,106749,7.28,0.74,10.73