,Date,Open,High,Low,Close,Volume
0,2014-01-02,34800,34950,34050,34550,1218232
1,2014-01-03,34550,35000,34100,34250,1855008
2,2014-01-06,34250,35450,34250,35250,1643420
3,2014-01-07,35400,35850,34950,35600,1829014
4,2014-01-08,35700,35800,35250,35400,1077984
5,2014-01-09,35800,36500,35550,36100,2111793
6,2014-01-10,36150,36400,35800,36400,1737741
7,2014-01-13,36300,36400,35050,35300,1425051
8,2014-01-14,35350,35450,34650,35250,1415719
9,2014-01-15,35300,36050,34900,35100,1195718
10,2014-01-16,35100,35550,34950,35450,875581
11,2014-01-17,35550,35750,34750,34750,1061316
12,2014-01-20,34600,34800,34050,34800,1172631
13,2014-01-21,34550,34700,33800,33950,2321989
14,2014-01-22,33900,34950,33900,34800,1481663
15,2014-01-23,35050,35100,34300,34300,768218
16,2014-01-24,34250,34400,33750,33950,1056878
17,2014-01-27,33500,34450,33250,33400,2282712
18,2014-01-28,33600,34400,33600,34000,1194962
19,2014-01-29,34350,35400,34000,35300,1884564
20,2014-02-03,35100,35700,34800,35550,1795170
21,2014-02-04,35100,35500,34900,34900,1696404
22,2014-02-05,35300,35300,34800,35000,746855
23,2014-02-06,34750,35800,34700,35350,1325257
24,2014-02-07,35500,36850,35400,36850,2328890
25,2014-02-10,37000,37050,36250,36550,930753
26,2014-02-11,36650,37100,36300,36500,1160796
27,2014-02-12,36550,36700,36050,36200,1111871
28,2014-02-13,36500,37000,36000,36000,960254
29,2014-02-14,36050,37200,36050,36850,1126382
30,2014-02-17,37300,37300,36600,36900,904204
31,2014-02-18,36800,37450,36350,37450,1370855
32,2014-02-19,37350,37950,37050,37450,1393391
33,2014-02-20,37200,37700,37050,37200,871652
34,2014-02-21,37450,37600,36600,37200,1088130
35,2014-02-24,37250,37350,36250,36700,788139
36,2014-02-25,36800,37400,36700,37000,1111287
37,2014-02-26,36800,37400,36550,37400,1134467
38,2014-02-27,37200,37750,36950,37600,1048265
39,2014-02-28,37450,37550,36600,37000,1465622
40,2014-03-03,36600,37550,36600,37550,956811
41,2014-03-04,37300,37800,37150,37650,635793
42,2014-03-05,37800,37850,37300,37550,906061
43,2014-03-06,37500,38300,37150,37500,1141403
44,2014-03-07,37500,38050,37300,37350,606724
45,2014-03-10,37250,37300,36450,36500,900825
46,2014-03-11,36650,36900,36100,36400,822132
47,2014-03-12,36300,36700,36250,36350,660127
48,2014-03-13,36650,36700,36200,36250,1017329
49,2014-03-14,36500,37400,36100,36750,1449967
50,2014-03-17,36900,36900,36550,36800,733829
51,2014-03-18,37150,37800,36800,37550,1482058
52,2014-03-19,37750,38200,37600,37800,1283984
53,2014-03-20,38050,38400,37600,37700,1414469
54,2014-03-21,37900,38000,37450,37500,952283
55,2014-03-24,37700,38000,36950,37300,864133
56,2014-03-25,37150,37700,36750,37700,1140966
57,2014-03-26,37800,38050,37300,37650,931183
58,2014-03-27,37600,37900,37200,37250,1026371
59,2014-03-28,37500,37500,36650,36900,922085
60,2014-03-31,36900,37300,36250,36450,1293325
61,2014-04-01,36500,37150,36500,37150,1008421
62,2014-04-02,37250,37650,37200,37650,849450
63,2014-04-03,37850,38200,37650,37850,1536422
64,2014-04-04,37950,38000,37050,37100,1686342
65,2014-04-07,37100,37900,37000,37500,893553
66,2014-04-08,37450,37800,37150,37350,765719
67,2014-04-09,37500,38900,37450,38850,2216442
68,2014-04-10,38950,39250,38300,38700,1036055
69,2014-04-11,38650,39800,38500,39700,2271501
70,2014-04-14,39450,39700,39050,39250,791555
71,2014-04-15,39250,39800,38800,39500,1390118
72,2014-04-16,39300,39500,38800,39150,1186102
73,2014-04-17,39100,39350,38850,39150,1218818
74,2014-04-18,39400,39600,38900,39000,794188
75,2014-04-21,39150,39250,38900,39000,385946
76,2014-04-22,39350,40000,38950,39950,1041555
77,2014-04-23,39950,40000,39700,39900,545899
78,2014-04-24,39950,40500,39800,40500,1218433
79,2014-04-25,40200,40300,38900,38900,1420926
80,2014-04-28,38850,39850,38850,39050,977481
81,2014-04-29,39100,39600,39050,39550,529920
82,2014-04-30,39550,39800,39150,39500,716422
83,2014-05-02,40400,40450,39650,40350,1066222
84,2014-05-07,40700,40900,39950,40750,1630549
85,2014-05-08,41200,41600,40550,41500,2050568
86,2014-05-09,41850,41850,41250,41350,1689020
87,2014-05-12,41400,42100,40950,41000,1878216
88,2014-05-13,41300,41350,40500,40800,2287449
89,2014-05-14,41100,41900,40950,41900,945227
90,2014-05-15,41800,42000,41150,41500,999613
91,2014-05-16,41500,41800,41200,41800,796049
92,2014-05-19,42000,42000,41550,41850,1056181
93,2014-05-20,41500,41700,41300,41450,890863
94,2014-05-21,41300,41600,41000,41600,914599
95,2014-05-22,41500,41700,41000,41250,681959
96,2014-05-23,41400,41450,40400,40900,1385938
97,2014-05-26,41250,41250,39250,39300,2948195
98,2014-05-27,39750,40100,39500,39800,1183145
99,2014-05-28,40200,40550,39900,40400,1068368
100,2014-05-29,40400,40400,38700,39100,1937797
101,2014-05-30,39200,39350,38300,39100,1421393
102,2014-06-02,39450,40000,39150,39350,1059591
103,2014-06-03,39000,39800,38500,39550,1445228
104,2014-06-05,40000,40000,39600,39750,1249609
105,2014-06-09,39950,40150,38650,38900,1133519
106,2014-06-10,39350,39450,37550,38500,1974377
107,2014-06-11,38300,38500,37850,38250,946682
108,2014-06-12,38600,39250,38350,38850,1284295
109,2014-06-13,38850,38900,37700,37700,1508224
110,2014-06-16,37600,37650,36750,37150,1772695
111,2014-06-17,37300,37850,37250,37500,962548
112,2014-06-18,37250,38500,36650,38500,1473210
113,2014-06-19,38700,39000,38100,39000,1286934
114,2014-06-20,38750,38950,38250,38800,940987
115,2014-06-23,38500,39000,38200,38500,783170
116,2014-06-24,38300,40000,38300,39900,1690334
117,2014-06-25,39900,40000,39600,39700,966932
118,2014-06-26,38400,38800,36950,37050,5498262
119,2014-06-27,37100,37800,36900,37500,1410048
120,2014-06-30,37800,37850,37100,37300,1000622
121,2014-07-01,37200,37800,37100,37800,747354
122,2014-07-02,37800,37900,37450,37900,756347
123,2014-07-03,37750,37900,37350,37800,770195
124,2014-07-04,37800,37900,37100,37250,818627
125,2014-07-07,37350,37600,37300,37550,468291
126,2014-07-08,37550,37550,36750,37300,1117353
127,2014-07-09,37250,37750,36800,36800,884158
128,2014-07-10,37250,38550,37100,38550,1951177
129,2014-07-11,38100,38450,37800,38150,1057970
130,2014-07-14,38300,38500,38050,38300,496707
131,2014-07-15,38200,38400,38000,38050,1022495
132,2014-07-16,38250,39200,37900,38000,1315291
133,2014-07-17,38200,38250,37500,37900,945218
134,2014-07-18,37650,38050,37550,37850,647459
135,2014-07-21,37900,39050,37900,39000,1179879
136,2014-07-22,39050,39400,38800,39050,891865
137,2014-07-23,39350,39400,38750,39300,969125
138,2014-07-24,39500,39500,38750,38750,819957
139,2014-07-25,38950,39250,38350,38350,723067
140,2014-07-28,38750,41000,38600,40750,2844380
141,2014-07-29,40900,41750,40600,41250,2144479
142,2014-07-30,41600,42450,41500,42450,2184259
143,2014-07-31,42450,43650,42050,42450,1738681
144,2014-08-01,42450,43500,42100,43100,1296219
145,2014-08-04,43800,43850,41800,42700,1202765
146,2014-08-05,42900,43450,41800,43350,1283147
147,2014-08-06,43000,44400,42750,44250,2031488
148,2014-08-07,44150,44700,43500,44000,2248184
149,2014-08-08,44200,44800,43050,44350,2662900
150,2014-08-11,44300,44850,43250,43350,863386
151,2014-08-12,43200,44100,42400,43600,1391897
152,2014-08-13,43600,44200,43400,43650,1145434
153,2014-08-14,43500,44250,42700,43050,800750
154,2014-08-18,43100,43300,42700,42900,748425
155,2014-08-19,43000,44300,43000,43950,1183532
156,2014-08-20,44350,44350,42750,43000,1231743
157,2014-08-21,41900,42000,40750,41100,3465895
158,2014-08-22,41500,42050,41300,42000,1280493
159,2014-08-25,42000,42200,41500,42200,703745
160,2014-08-26,42150,42600,41600,42600,1026474
161,2014-08-27,42050,42350,41650,41950,1466179
162,2014-08-28,41750,42200,41750,42000,744191
163,2014-08-29,42050,42200,41350,42200,927036
164,2014-09-01,42300,42700,41850,42150,457536
165,2014-09-02,41950,42050,41650,41950,781075
166,2014-09-03,41850,43400,41850,43350,1751052
167,2014-09-04,43450,43450,42550,43150,1700205
168,2014-09-05,42800,43100,42300,42300,1206865
169,2014-09-11,43000,43600,42150,42600,2037362
170,2014-09-12,42800,44350,42750,43500,2456815
171,2014-09-15,44000,44250,42850,43800,1299604
172,2014-09-16,43150,43400,42150,42950,1817922
173,2014-09-17,43250,44100,43000,43850,1057828
174,2014-09-18,44700,47500,43500,46400,8467447
175,2014-09-19,47050,47300,45150,45300,4330113
176,2014-09-22,45300,45900,44900,45500,1482999
177,2014-09-23,44800,46050,44800,45000,2163903
178,2014-09-24,45000,47300,45000,47050,2157723
179,2014-09-25,47500,48100,46650,47650,2047105
180,2014-09-26,47300,47450,46600,47150,1302613
181,2014-09-29,47000,47350,46650,47150,1016263
182,2014-09-30,47050,48550,46850,48200,1797002
183,2014-10-01,48700,49250,47900,48750,1755808
184,2014-10-02,48500,49250,48100,48550,1486139
185,2014-10-06,49250,49700,46850,47000,2572942
186,2014-10-07,47400,48850,46550,48350,1114464
187,2014-10-08,48200,49350,47900,48600,1109705
188,2014-10-10,49050,49150,48600,48700,952935
189,2014-10-13,48650,50200,48600,49450,2047813
190,2014-10-14,49100,49200,47000,47150,2890209
191,2014-10-15,47150,47600,45800,46500,3252036
192,2014-10-16,46350,48500,46250,48100,2511636
193,2014-10-17,48300,48400,46850,47250,1675353
194,2014-10-20,47450,48400,47400,48100,762458
195,2014-10-21,48100,49100,47500,48450,914731
196,2014-10-22,48100,48650,47700,47900,1196575
197,2014-10-23,47600,48000,46350,46400,1874367
198,2014-10-24,45750,47200,45650,46550,22529571
199,2014-10-27,47350,47450,45850,46450,1606372
200,2014-10-28,46450,47050,46100,46450,1529100
201,2014-10-29,46100,46950,45850,46550,1845761
202,2014-10-30,46200,46850,45300,46000,1612919
203,2014-10-31,46500,46800,46000,46450,1414179
204,2014-11-03,47100,47150,45600,45900,1184881
205,2014-11-04,46300,47800,46100,47350,2029308
206,2014-11-05,48200,48950,47600,47700,2115478
207,2014-11-06,47800,48450,46850,47250,1289421
208,2014-11-07,47050,48250,46700,46950,1129816
209,2014-11-10,47350,48150,46250,46550,1668722
210,2014-11-11,46800,47750,46150,46900,1638167
211,2014-11-12,47650,47800,44600,44600,4036085
212,2014-11-13,45100,45850,44600,45150,2075700
213,2014-11-14,44700,45750,44700,45100,1487434
214,2014-11-17,44950,45650,43150,44100,1816211
215,2014-11-18,44450,45250,43750,44050,1562449
216,2014-11-19,44600,45400,44150,45400,1323346
217,2014-11-20,45450,45650,45000,45300,881733
218,2014-11-21,45300,45800,44650,45400,1005530
219,2014-11-24,45950,45950,43400,43800,3173073
220,2014-11-25,44200,44950,43950,44950,1465083
221,2014-11-26,45300,45650,44200,44250,1090533
222,2014-11-27,44500,44600,43650,44500,1134484
223,2014-11-28,45300,46200,45200,46000,2285440
224,2014-12-01,46250,47600,46050,46750,2439315
225,2014-12-02,46300,46700,45900,46100,1548918
226,2014-12-03,46900,46900,46200,46800,1113399
227,2014-12-04,46950,47100,46300,46900,866985
228,2014-12-05,46650,46900,45550,46100,1300277
229,2014-12-08,45800,46400,44850,45250,969639
230,2014-12-09,46000,46400,45850,46150,972819
231,2014-12-10,46750,46900,46250,46850,1379011
232,2014-12-11,46950,47350,46000,46000,1305601
233,2014-12-12,46000,46950,45700,46850,1270062
234,2014-12-15,46900,47700,40050,44500,5927494
235,2014-12-16,42100,43000,40150,40350,9403580
236,2014-12-17,41200,41450,40600,41000,3552063
237,2014-12-18,41400,41700,41000,41000,2113398
238,2014-12-19,41750,43750,41600,43350,3667685
239,2014-12-22,43650,44500,42200,44500,2308995
240,2014-12-23,44400,44500,43550,43900,1057736
241,2014-12-24,43700,44300,43450,43650,770906
242,2014-12-26,43700,43750,42850,42950,1320670
243,2014-12-29,42600,43250,42250,43050,1075214
244,2014-12-30,43000,43200,42500,42700,718853
245,2015-01-02,42350,42950,42200,42700,637596
246,2015-01-05,42500,42650,41600,42000,1123739
247,2015-01-06,41500,42400,41400,41850,1290400
248,2015-01-07,42100,43500,42050,43150,1336557
249,2015-01-08,42800,43250,41700,41800,1481866
250,2015-01-09,41750,42450,41700,41750,1004930
251,2015-01-12,41700,42250,41400,41750,835448
252,2015-01-13,41650,41700,40700,40850,1565927
253,2015-01-14,41050,41150,39400,40000,2093539
254,2015-01-15,39750,40350,39200,39850,1835262
255,2015-01-16,39750,40050,38750,39150,1631957
256,2015-01-19,39250,39950,39100,39300,916297
257,2015-01-20,39850,42100,39850,41700,2571126
258,2015-01-21,42000,42250,40850,41500,1556237
259,2015-01-22,41800,43250,41700,43250,2255375
260,2015-01-23,43400,44150,42950,43150,1573831
261,2015-01-26,43100,43100,42250,42700,722055
262,2015-01-27,42350,43550,41800,42150,2122124
263,2015-01-28,42200,43150,42050,42850,1076619
264,2015-01-29,43300,43350,42600,42600,912348
265,2015-01-30,42750,43750,42700,43200,1055899
266,2015-02-02,42900,43500,42450,43500,764851
267,2015-02-03,43500,43700,41950,42300,1871123
268,2015-02-04,42450,43000,41850,42750,1166439
269,2015-02-05,42750,43000,42100,42450,850392
270,2015-02-06,42150,43000,40800,41900,1634543
271,2015-02-09,41900,42700,41250,42050,1076028
272,2015-02-10,43150,43600,42550,42550,1332114
273,2015-02-11,42650,44350,42300,43500,3230700
274,2015-02-12,43500,45200,42950,44900,2286349
275,2015-02-13,45200,46050,44700,45900,1636650
276,2015-02-16,45700,45850,44750,45350,844579
277,2015-02-17,45650,45650,44400,44400,847265
278,2015-02-23,45350,45350,44600,45050,765852
279,2015-02-24,45550,45600,44500,44550,872067
280,2015-02-25,45900,46100,45200,45550,1037223
281,2015-02-26,46000,46100,44650,45900,1197203
282,2015-02-27,46100,46200,44700,44700,1291977
283,2015-03-02,45300,45350,43950,44350,1238440
284,2015-03-03,44750,44800,43950,44600,1156725
285,2015-03-04,45000,45450,44500,45250,1047516
286,2015-03-05,45250,45250,43850,44400,1262426
287,2015-03-06,44900,44950,44250,44700,1059924
288,2015-03-09,45350,45350,44000,44850,1102076
289,2015-03-10,44850,45150,43950,43950,794206
290,2015-03-11,43250,43950,42700,43700,1594400
291,2015-03-12,43200,43500,42200,42200,1981753
292,2015-03-13,42400,43900,42350,43850,2171920
293,2015-03-16,43400,43900,42550,43450,1414130
294,2015-03-17,43700,44600,43550,44500,1155692
295,2015-03-18,44650,45500,44000,44750,1056660
296,2015-03-19,44650,45800,44550,45600,1515759
297,2015-03-20,45100,45950,44900,45150,896684
298,2015-03-23,45250,45450,44750,45200,486210
299,2015-03-24,45400,45800,44800,45800,611052
300,2015-03-25,45550,45950,45100,45500,554199
301,2015-03-26,45000,46000,44950,45900,872739
302,2015-03-27,45200,45450,44600,45000,1074061
303,2015-03-30,44900,46000,44750,45600,938777
304,2015-03-31,45800,46200,44900,46000,798494
305,2015-04-01,46000,46500,45600,45950,794505
306,2015-04-02,45950,47000,45850,46300,867306
307,2015-04-03,46600,46900,45900,46650,350372
308,2015-04-06,46700,46700,45700,45750,472390
309,2015-04-07,46250,46400,45050,45350,781736
310,2015-04-08,44850,45000,43600,43700,1948686
311,2015-04-09,44000,44400,43000,43100,1308196
312,2015-04-10,43200,43950,43200,43650,1348731
313,2015-04-13,43000,43950,42800,43300,909897
314,2015-04-14,43250,44000,42950,43900,1299456
315,2015-04-15,43900,44900,43600,43800,1758769
316,2015-04-16,44150,46000,43800,46000,1827980
317,2015-04-17,46400,47600,46000,47550,2429743
318,2015-04-20,47400,48000,46000,46250,1403791
319,2015-04-21,46400,46550,45350,46050,965311
320,2015-04-22,45700,46250,45300,45500,1131683
321,2015-04-23,46000,46400,45500,45800,985579
322,2015-04-24,46700,47650,45650,46850,1555639
323,2015-04-27,47250,47300,46050,47000,841702
324,2015-04-28,47500,48500,46600,47950,1700373
325,2015-04-29,48000,48900,46950,47700,925056
326,2015-04-30,47350,47600,46550,46850,895578
327,2015-05-04,46850,48200,46750,47950,991374
328,2015-05-06,47850,47900,46500,46550,1002476
329,2015-05-07,46400,47300,45850,46250,679675
330,2015-05-08,46250,46650,45500,45800,846748
331,2015-05-11,46250,47300,45900,46800,1046627
332,2015-05-12,46800,47300,45350,47100,1429882
333,2015-05-13,47400,47400,46250,47200,1183888
334,2015-05-14,46850,47200,46500,46800,786048
335,2015-05-15,47050,47250,46100,46800,675930
336,2015-05-18,47000,47200,45900,46700,698912
337,2015-05-19,46250,46700,46000,46100,559866
338,2015-05-20,46500,48000,46200,47900,1091430
339,2015-05-21,47900,48650,47100,47450,921140
340,2015-05-22,47800,48500,47500,48500,834322
341,2015-05-26,48050,48450,47000,47000,890284
342,2015-05-27,46500,47250,45650,45750,1182850
343,2015-05-28,45850,46750,45700,45700,1041765
344,2015-05-29,45700,46350,45700,46200,1047784
345,2015-06-01,46300,46700,45200,45500,1272257
346,2015-06-02,45950,46150,45250,45850,1382784
347,2015-06-03,45850,46700,45000,45300,890978
348,2015-06-04,44800,45250,44100,44500,1133192
349,2015-06-05,44500,45250,44150,44800,786751
350,2015-06-08,44400,45100,44350,44800,583672
351,2015-06-09,45000,45100,44450,44700,724961
352,2015-06-10,44500,44700,43400,43700,1553767
353,2015-06-11,43750,44200,43000,43850,1251599
354,2015-06-12,44000,44350,43150,43500,945269
355,2015-06-15,43000,44650,42600,43800,1266926
356,2015-06-16,43800,44350,40800,43000,3933484
357,2015-06-17,42950,42950,41800,42700,1077422
358,2015-06-18,42750,42900,42000,42450,1216574
359,2015-06-19,42750,44600,42550,44100,1244026
360,2015-06-22,46000,46550,45550,46200,1999926
361,2015-06-23,46950,47650,45850,46050,1333199
362,2015-06-24,46500,46700,45450,45450,724346
363,2015-06-25,45100,45700,44550,45100,684339
364,2015-06-26,45100,45400,44700,45200,528062
365,2015-06-29,44700,45250,44000,44800,659408
366,2015-06-30,45000,46150,44950,45800,902335
367,2015-07-01,46200,46650,45850,46350,706855
368,2015-07-02,46300,46900,46250,46600,800572
369,2015-07-03,46850,47100,46250,46900,641125
370,2015-07-06,46700,47300,46450,47000,1026470
371,2015-07-07,46650,47000,45800,46550,931642
372,2015-07-08,46950,47600,45850,47250,1054521
373,2015-07-09,47200,48350,47200,48050,1981662
374,2015-07-10,48100,48250,47300,47400,822930
375,2015-07-13,47500,48750,47400,48000,831013
376,2015-07-14,47650,49000,47550,49000,1070820
377,2015-07-15,48750,49050,48200,49050,687053
378,2015-07-16,49300,49400,48400,48900,488493
379,2015-07-17,49000,49200,48500,49050,540005
380,2015-07-20,49100,50000,48850,49900,672296
381,2015-07-21,50400,50400,49550,50400,691866
382,2015-07-22,50200,50200,48550,48650,898191
383,2015-07-23,48400,49750,47800,49750,677605
384,2015-07-24,48800,49200,48000,48150,659600
385,2015-07-27,47600,48350,47000,47650,895221
386,2015-07-28,47700,48450,46800,48200,894713
387,2015-07-29,47700,48500,47200,48500,613734
388,2015-07-30,49250,49300,48250,48600,935264
389,2015-07-31,49300,50900,49000,50900,1890287
390,2015-08-03,50500,52500,50500,52200,1192632
391,2015-08-04,51500,52100,50600,51700,928220
392,2015-08-05,51400,51900,49800,51600,1690110
393,2015-08-06,51800,53100,50200,51100,2059980
394,2015-08-07,51100,52000,50600,51000,1006043
395,2015-08-10,51000,51900,50300,51300,731751
396,2015-08-11,51300,51500,49400,50300,1080337
397,2015-08-12,50000,50300,49250,49800,992349
398,2015-08-13,49800,50000,48650,49600,840887
399,2015-08-17,50700,50900,49400,50500,878215
400,2015-08-18,50500,51500,50200,50800,916618
401,2015-08-19,51000,51400,49950,50600,778190
402,2015-08-20,50100,51700,49800,51700,916378
403,2015-08-21,51300,51500,48950,49500,1767231
404,2015-08-24,48600,49200,46750,47700,1728776
405,2015-08-25,48000,48450,47100,47500,1543484
406,2015-08-26,47600,50200,47300,49150,1726462
407,2015-08-27,49000,49850,48400,49500,1280812
408,2015-08-28,50000,51100,49100,49200,1191595
409,2015-08-31,49050,49550,48000,48000,1460585
410,2015-09-01,47950,48550,47750,48500,841190
411,2015-09-02,48100,48500,47650,47650,1084643
412,2015-09-03,47800,48500,46750,47500,1171554
413,2015-09-04,47100,47600,46750,46750,901100
414,2015-09-07,46300,47300,46100,47300,836722
415,2015-09-08,47200,47300,45600,46300,1374763
416,2015-09-09,47150,47650,46400,47650,1042311
417,2015-09-10,47600,49250,47250,49250,1427275
418,2015-09-11,49200,49200,48050,48050,650518
419,2015-09-14,48450,49100,48100,48650,502513
420,2015-09-15,49100,49450,48500,48650,698707
421,2015-09-16,49000,49700,48450,48700,958799
422,2015-09-17,49350,49400,47500,47650,1115233
423,2015-09-18,48200,48700,47400,47500,1135770
424,2015-09-21,47700,47950,47000,47400,792552
425,2015-09-22,47900,49700,47750,49700,1607776
426,2015-09-23,49150,49600,48300,48300,626531
427,2015-09-24,48900,49100,48400,48800,529377
428,2015-09-25,48500,49450,48350,49050,733878
429,2015-09-30,48700,49000,48050,49000,1086834
430,2015-10-01,49050,49450,48600,49000,600778
431,2015-10-02,48700,49650,48250,48250,645457
432,2015-10-05,49000,49000,48450,48950,546982
433,2015-10-06,49100,49600,48800,49200,606849
434,2015-10-07,49600,49600,48150,48350,756370
435,2015-10-08,48850,48850,47450,48350,1111954
436,2015-10-12,48600,48800,47750,48250,713303
437,2015-10-13,48100,48300,47650,48300,682773
438,2015-10-14,48650,50700,48500,49950,1695422
439,2015-10-15,50500,50900,50100,50600,886280
440,2015-10-16,50600,51700,50300,51400,904400
441,2015-10-19,51400,51800,50600,51800,529348
442,2015-10-20,51400,53000,51000,52300,1313124
443,2015-10-21,52900,53000,52300,52500,799217
444,2015-10-22,51800,52600,51600,52500,538397
445,2015-10-23,52600,53900,51500,51800,897347
446,2015-10-26,51800,53000,51700,53000,488705
447,2015-10-27,52500,54000,52500,53300,651986
448,2015-10-28,52500,53300,51700,52500,715522
449,2015-10-29,51800,52200,50900,51600,679110
450,2015-10-30,51600,52100,51100,51400,641398
451,2015-11-02,51200,51900,50600,50700,634229
452,2015-11-03,50700,52000,50600,52000,647561
453,2015-11-04,52000,53000,51600,53000,579872
454,2015-11-05,52400,53400,51100,52500,1444143
455,2015-11-06,52200,53600,50100,52700,1162449
456,2015-11-09,52800,53500,52200,52700,765828
457,2015-11-10,52000,52200,49950,50500,1881672
458,2015-11-11,50500,51100,50400,50700,565659
459,2015-11-12,51000,51000,49600,49600,810739
460,2015-11-13,49250,49700,48850,49200,954036
461,2015-11-16,48800,50100,48600,49800,1024893
462,2015-11-17,50300,50700,49400,50000,694741
463,2015-11-18,50400,51400,50200,50800,810080
464,2015-11-19,51300,51400,50100,50600,862572
465,2015-11-20,50300,50600,49850,50400,780240
466,2015-11-23,50100,50200,49850,50100,499469
467,2015-11-24,50000,50400,49300,49600,1319886
468,2015-11-25,49600,49750,49000,49100,859292
469,2015-11-26,49450,49800,49050,49350,1183765
470,2015-11-27,49500,50300,49400,49750,843407
471,2015-11-30,49750,49850,48950,48950,1446188
472,2015-12-01,49250,50100,49250,49750,889510
473,2015-12-02,49750,49800,48750,48750,839462
474,2015-12-03,48700,49150,48300,48950,591690
475,2015-12-04,48600,48750,47850,47950,1076296
476,2015-12-07,48250,48500,47300,47500,698030
477,2015-12-08,47700,48400,47350,48400,1073499
478,2015-12-09,48800,49750,48750,49650,1251828
479,2015-12-10,49650,49700,48450,48650,1075584
480,2015-12-11,48550,49050,47850,48600,969353
481,2015-12-14,48850,49450,48100,49450,804443
482,2015-12-15,49250,49450,48600,48700,639572
483,2015-12-16,49300,49300,48600,48850,1005982
484,2015-12-17,49500,49850,49200,49850,1023689
485,2015-12-18,49550,49800,49250,49700,797819
486,2015-12-21,49800,49900,49350,49500,917221
487,2015-12-22,49700,50100,49500,49950,1335742
488,2015-12-23,50000,50400,49900,50300,1079479
489,2015-12-24,50400,50500,50100,50300,661239
490,2015-12-28,50300,50400,49400,49400,956789
491,2015-12-29,48700,49700,48500,49650,811491
492,2015-12-30,49650,50300,49450,50000,743735
493,2016-01-04,50100,50300,48900,50000,1168262
494,2016-01-05,49650,51300,49650,50700,881713
495,2016-01-06,51200,51400,50400,50800,770189
496,2016-01-07,51000,51100,49950,50300,533328
497,2016-01-08,49000,49950,48700,49900,1027981
498,2016-01-11,50200,51000,49950,50700,696821
499,2016-01-12,51200,51400,50200,50500,980236
500,2016-01-13,50800,52000,50800,52000,1523369
501,2016-01-14,51800,52300,51100,52000,1606061
502,2016-01-15,51800,52200,50600,51000,882603
503,2016-01-18,51000,51200,50200,50600,904786
504,2016-01-19,51200,52200,50700,51600,898141
505,2016-01-20,52000,52200,51200,51500,995636
506,2016-01-21,50900,51600,50500,50500,861126
507,2016-01-22,50200,51000,49550,49800,1292457
508,2016-01-25,50400,51600,49950,50600,967568
509,2016-01-26,51100,52600,51000,51600,1191218
510,2016-01-27,51900,52500,51000,51700,1194303
511,2016-01-28,51700,52700,51200,52700,946606
512,2016-01-29,52000,53300,52000,52600,929883
513,2016-02-01,53700,53700,52100,53200,848200
514,2016-02-02,53400,54000,53100,53300,692808
515,2016-02-03,53200,53900,52700,53000,1013131
516,2016-02-04,53600,54500,52300,53800,1476438
517,2016-02-05,53400,53600,51800,52300,1386926
518,2016-02-11,52200,52900,51700,52200,1042109
519,2016-02-12,52500,53600,52200,52900,2192213
520,2016-02-15,53000,53000,51700,52600,1716442
521,2016-02-16,52400,53600,52000,53300,901801
522,2016-02-17,54400,55100,53000,54400,1376604
523,2016-02-18,54600,54800,53400,54500,1087982
524,2016-02-19,55500,55900,54700,55800,1245608
525,2016-02-22,55200,55600,54100,55500,903681
526,2016-02-23,55300,56100,54500,55400,758190
527,2016-02-24,56100,57100,55600,56600,962511
528,2016-02-25,57500,59600,56900,59500,2050397
529,2016-02-26,59900,61200,59600,60600,2154370
530,2016-02-29,60100,60200,58000,58700,2258954
531,2016-03-02,59800,60600,59100,60000,1217662
532,2016-03-03,60000,60000,57800,58500,1546574
533,2016-03-04,58800,58900,57900,58400,980720
534,2016-03-07,58000,58200,56100,56800,2088653
535,2016-03-08,56000,56300,54500,55900,3070719
536,2016-03-09,55900,57500,55900,57400,1228623
537,2016-03-10,57300,58000,56700,58000,1337486
538,2016-03-11,58200,59200,57300,58200,1124691
539,2016-03-14,58200,58900,56700,58800,1100110
540,2016-03-15,58800,59500,58300,58600,928928
541,2016-03-16,58700,59900,58700,59800,837152
542,2016-03-17,59500,59800,59100,59300,911812
543,2016-03-18,58900,59800,58100,59600,1250986
544,2016-03-21,60000,60400,59500,60100,912719
545,2016-03-22,59700,59800,58500,59200,1028394
546,2016-03-23,59200,59800,58700,58900,689905
547,2016-03-24,59000,60000,58800,59300,629654
548,2016-03-25,59200,59700,58800,59300,423230
549,2016-03-28,59500,59500,58500,58600,390914
550,2016-03-29,58900,60000,58700,59800,944211
551,2016-03-30,59800,60400,59600,59900,755258
552,2016-03-31,59900,60200,58700,60200,1253616
553,2016-04-01,59500,59600,58700,59100,1032767
554,2016-04-04,59500,59500,58200,58900,551135
555,2016-04-05,58400,58800,58000,58000,751695
556,2016-04-06,57900,58500,57400,58300,691676
557,2016-04-07,58300,59300,58100,59000,787294
558,2016-04-08,58800,59000,58300,58700,848786
559,2016-04-11,58500,58700,57700,58700,597254
560,2016-04-12,58800,59100,58500,59000,594755
561,2016-04-14,59600,59800,59100,59500,1362463
562,2016-04-15,60000,60000,59000,59100,820388
563,2016-04-18,59100,60200,58700,59000,522890
564,2016-04-19,59500,59700,59100,59500,530044
565,2016-04-20,60000,60500,59600,59900,735253
566,2016-04-21,59700,60300,59200,59400,947873
567,2016-04-22,59200,59700,59100,59200,787338
568,2016-04-25,59800,60100,59200,59500,917010
569,2016-04-26,59900,62000,59300,61400,1418298
570,2016-04-27,61800,63600,61400,62300,1516887
571,2016-04-28,62800,62800,61400,61400,1138247
572,2016-04-29,61700,62400,61200,61800,766555
573,2016-05-02,61300,61800,60800,61200,449150
574,2016-05-03,61200,61800,60500,61800,808664
575,2016-05-04,60900,61900,60900,61500,684860
576,2016-05-09,61800,63700,61100,62800,2012290
577,2016-05-10,62100,62800,61500,61800,983336
578,2016-05-11,61500,62400,60600,61200,1303558
579,2016-05-12,61400,61700,60600,61000,1150117
580,2016-05-13,61600,62700,61200,61400,611914
581,2016-05-16,60900,61200,60100,60300,917070
582,2016-05-17,60700,61000,60200,60400,770427
583,2016-05-18,60700,60800,60000,60200,816089
584,2016-05-19,60300,61000,59900,61000,821975
585,2016-05-20,60500,60600,59300,60100,1266901
586,2016-05-23,60100,60300,59200,59900,497671
587,2016-05-24,59600,60900,59400,59600,678247
588,2016-05-25,60400,61900,60200,61800,1323384
589,2016-05-26,62000,62500,61300,62200,657776
590,2016-05-27,62600,62600,61400,62600,827174
591,2016-05-30,62600,63100,62000,63000,881055
592,2016-05-31,62600,63000,62500,62900,1255804
593,2016-06-01,62300,62600,59600,60400,1778983
594,2016-06-02,60300,60900,59300,59800,1375405
595,2016-06-03,59700,60400,59700,60100,886766
596,2016-06-07,59700,60600,59200,60000,1306810
597,2016-06-08,59700,60500,59600,60500,1027212
598,2016-06-09,60900,61000,60400,60900,1356273
599,2016-06-10,61400,62300,61000,62100,826615
600,2016-06-13,61300,62000,60100,60200,1097898
601,2016-06-14,60300,60800,59600,59700,818018
602,2016-06-15,59300,59500,57400,57800,1811715
603,2016-06-16,57900,58600,57800,58200,769063
604,2016-06-17,58700,58800,58300,58600,640923
605,2016-06-20,59500,60200,59100,59900,782955
606,2016-06-21,59700,59800,58500,58600,789629
607,2016-06-22,58300,59200,57500,59200,1207520
608,2016-06-23,58700,59100,58200,58500,524715
609,2016-06-24,58300,59400,56400,57400,1240199
610,2016-06-27,57400,58900,57100,58200,885762
611,2016-06-28,58200,59900,57700,59300,905663
612,2016-06-29,59200,60200,59100,60100,605930
613,2016-06-30,60100,60400,59500,60400,726399
614,2016-07-01,60300,60300,59200,59400,597365
615,2016-07-04,59300,59300,58500,59000,887623
616,2016-07-05,59300,59400,58500,59100,506256
617,2016-07-06,59800,60300,58500,59100,903024
618,2016-07-07,59100,59300,58500,59000,437023
619,2016-07-08,59300,59900,58500,59600,810347
620,2016-07-11,60300,60400,59900,60300,475605
621,2016-07-12,60300,60400,59400,59600,653905
622,2016-07-13,59600,59800,58800,59600,986724
623,2016-07-14,59200,59800,59100,59600,904998
624,2016-07-15,59600,60400,59100,60300,981804
625,2016-07-18,60400,60700,59800,60400,582572
626,2016-07-19,61100,61100,60200,60500,687589
627,2016-07-20,60500,60900,60100,60400,451406
628,2016-07-21,60800,61500,60200,61200,748728
629,2016-07-22,61000,61700,60800,61000,420386
630,2016-07-25,61700,61900,61100,61500,706401
631,2016-07-26,62000,62600,61700,62300,836725
632,2016-07-27,61900,62600,61500,61800,615464
633,2016-07-28,61800,62100,61000,61600,746384
634,2016-07-29,61700,62000,60900,61300,713444
635,2016-08-01,61200,62300,61000,61200,667597
636,2016-08-02,61100,63400,61100,62800,1150710
637,2016-08-03,62600,63600,62100,62900,1080692
638,2016-08-04,63100,63100,60900,61300,1337098
639,2016-08-05,61400,61500,60500,61100,1128031
640,2016-08-08,61300,61500,60500,61200,908141
641,2016-08-09,61000,61600,60500,61200,785007
642,2016-08-10,61500,63000,61200,62600,1116342
643,2016-08-11,61900,62100,60600,60600,1224212
644,2016-08-12,60600,60700,58400,59200,3273838
645,2016-08-16,59800,60400,58700,58900,1823306
646,2016-08-17,59300,59400,57800,58400,1144353
647,2016-08-18,59000,59800,58000,58200,1180277
648,2016-08-19,58900,59000,57100,57400,1415463
649,2016-08-22,57800,57900,57000,57400,707052
650,2016-08-23,57500,57800,57000,57600,896382
651,2016-08-24,57700,58300,57200,57200,738728
652,2016-08-25,57500,58800,57400,58700,1210770
653,2016-08-26,59000,59300,58600,59100,654367
654,2016-08-29,58500,58500,57600,58100,625231
655,2016-08-30,57900,58600,57300,57600,866208
656,2016-08-31,57800,58300,57500,58000,961630
657,2016-09-01,58300,58500,57200,57500,868641
658,2016-09-02,57200,57300,56700,57100,828288
659,2016-09-05,57500,57600,56900,57200,703570
660,2016-09-06,57100,57600,57000,57400,637061
661,2016-09-07,57200,58600,57200,58500,913696
662,2016-09-08,58700,59100,58500,58700,950374
663,2016-09-09,58800,59800,58500,59700,1239174
664,2016-09-12,59500,59800,58200,58900,1032806
665,2016-09-13,58600,58800,57400,57900,1192693
666,2016-09-19,57500,58200,57500,57800,702196
667,2016-09-20,57500,58600,57400,58600,830077
668,2016-09-21,58800,59500,57900,59500,954676
669,2016-09-22,60100,60300,59100,59100,999643
670,2016-09-23,60200,60200,59300,60000,771088
671,2016-09-26,60400,60500,58100,58500,956000
672,2016-09-27,58700,59100,58200,58600,814455
673,2016-09-28,58500,58900,57300,57400,1208741
674,2016-09-29,57500,57600,55200,55600,2374939
675,2016-09-30,55500,55600,54000,54000,1861086
676,2016-10-04,53600,54500,53000,54500,1303845
677,2016-10-05,53600,54500,53000,53800,1203906
678,2016-10-06,53200,54500,52100,52500,2375169
679,2016-10-07,52100,52700,51600,51600,1815227
680,2016-10-10,51600,52500,50300,50500,2557575
681,2016-10-11,50300,51200,50000,51000,2186336
682,2016-10-12,51100,52000,50500,50500,2074670
683,2016-10-13,51300,51700,50300,50600,2336698
684,2016-10-14,51000,51900,50800,51600,1951750
685,2016-10-17,51800,53200,51600,52900,1667986
686,2016-10-18,53200,53300,52200,52700,991965
687,2016-10-19,52700,52700,51500,52000,1003549
688,2016-10-20,51900,52300,51300,51800,1099265
689,2016-10-21,53000,53100,51700,52700,2603459
690,2016-10-24,52200,52300,50700,51100,1593914
691,2016-10-25,50700,50900,49550,50100,2138591
692,2016-10-26,50600,51100,50000,50800,973917
693,2016-10-27,50900,51200,50200,51000,797019
694,2016-10-28,50400,50400,49550,49550,1515652
695,2016-10-31,49500,49700,48250,49250,1448636
696,2016-11-01,49950,50200,48900,49400,1215710
697,2016-11-02,48950,49100,48450,48950,1178426
698,2016-11-03,48850,49200,48650,48700,866880
699,2016-11-04,48650,48650,47300,47350,1882522
700,2016-11-07,47350,47650,46000,46000,2135671
701,2016-11-08,46350,47100,46100,46250,1653354
702,2016-11-09,46600,46700,45400,46000,2486855
703,2016-11-10,46500,47100,46150,46200,1871641
704,2016-11-11,45000,45950,45000,45800,1953008
705,2016-11-14,45700,46300,45600,45750,1195785
706,2016-11-15,45250,47900,45250,47850,2433736
707,2016-11-16,48200,48400,47250,47300,2411577
708,2016-11-17,47150,47450,46650,46800,1584628
709,2016-11-18,46650,47050,46200,46450,1461482
710,2016-11-21,46850,48000,46750,47350,1951004
711,2016-11-22,47450,47700,46550,46650,1317163
712,2016-11-23,47000,47400,46900,47200,1141058
713,2016-11-24,47100,47650,46800,47200,964536
714,2016-11-25,47700,47850,47050,47250,819062
715,2016-11-28,47450,47700,47000,47600,1082474
716,2016-11-29,47400,47550,47100,47100,1116996
717,2016-11-30,47000,47400,46500,46500,1485173
718,2016-12-01,46100,46150,44300,44500,2557351
719,2016-12-02,43950,44050,43000,43450,2340234
720,2016-12-05,43350,43800,43050,43200,1218364
721,2016-12-06,43600,44550,43500,44350,1304664
722,2016-12-07,44400,44500,43400,43800,963418
723,2016-12-08,44400,44450,43600,44300,1664372
724,2016-12-09,44500,46200,44500,45900,2928689
725,2016-12-12,45550,45600,45150,45250,1651347
726,2016-12-13,45150,45650,44550,45650,1589114
727,2016-12-14,45800,46900,45650,46400,1746200
728,2016-12-15,46450,46450,45650,46300,1023424
729,2016-12-16,46100,46400,45650,46100,1140184
730,2016-12-19,45800,46150,45500,45700,940223
731,2016-12-20,45650,46050,45300,45450,941640
732,2016-12-21,45600,45800,45400,45400,1018954
733,2016-12-22,45550,45850,45200,45350,856031
734,2016-12-23,45250,46000,45250,45950,972805
735,2016-12-26,46100,46500,45900,46350,1116725
736,2016-12-27,46550,47100,46400,47000,1991531
737,2016-12-28,45400,45450,44900,45050,1870429
738,2016-12-29,44950,45050,44050,44050,1376653
739,2017-01-02,44200,44600,43850,43900,745355
740,2017-01-03,43900,44150,43800,44100,799544
741,2017-01-04,44450,44600,43700,43900,1562907
742,2017-01-05,44100,44300,43800,44250,809945
743,2017-01-06,44250,44300,43900,44150,1365466
744,2017-01-09,43950,44050,43050,43150,2211245
745,2017-01-10,42900,42950,41900,42250,2767706
746,2017-01-11,42250,43200,42250,43200,1853874
747,2017-01-12,43050,44200,43050,43850,1604990
748,2017-01-13,43800,44650,43550,44600,1513487
749,2017-01-16,44650,44800,43800,44400,1067529
750,2017-01-17,44100,44450,43900,44150,602148
751,2017-01-18,43950,44050,43400,43600,1260376
752,2017-01-19,43600,43850,43050,43350,1016282
753,2017-01-20,43250,43800,43050,43250,808212
754,2017-01-23,43250,43400,42650,42900,1257676
755,2017-01-24,42900,43900,42750,43750,1152617
756,2017-01-25,43900,44000,43150,43600,1106661
757,2017-01-26,43600,43600,43150,43250,1045547
758,2017-01-31,42950,43000,42450,42450,1118324
759,2017-02-01,42550,43000,42450,42450,1223714
760,2017-02-02,42500,42600,42000,42050,1501650
761,2017-02-03,42050,42500,41950,41950,1213364
762,2017-02-06,41900,42600,40050,41350,2368848
763,2017-02-07,40550,41900,40550,41300,1561450
764,2017-02-08,41350,41350,40350,40600,1834378
765,2017-02-09,40700,40950,40350,40350,1340311
766,2017-02-10,40650,41600,40400,41300,1357216
767,2017-02-13,41550,41800,41050,41800,925406
768,2017-02-14,41550,41600,41000,41150,1544097
769,2017-02-15,41150,41250,40800,40900,1140620
770,2017-02-16,40900,41000,40350,40450,1429471
771,2017-02-17,40500,40900,40450,40600,1334587
772,2017-02-20,40900,43050,40850,43050,3577876
773,2017-02-21,43350,43400,42600,43000,1931448
774,2017-02-22,43000,43900,43000,43200,1621272
775,2017-02-23,43200,43500,42750,43350,1195574
776,2017-02-24,43350,43800,43050,43550,1601550
777,2017-02-27,43850,44600,43550,44100,1869271
778,2017-02-28,44050,44100,43200,43600,1625744
779,2017-03-02,43500,43850,42800,43150,1853680
780,2017-03-03,42900,43050,42500,42950,1166862
781,2017-03-06,42750,43200,42500,42500,1144649
782,2017-03-07,42400,42500,41800,42050,1141205
783,2017-03-08,42000,42050,41100,41550,1825575
784,2017-03-09,41600,42300,41500,41500,1297051
785,2017-03-10,41700,41750,41050,41600,1146879
786,2017-03-13,42100,43350,41700,42800,2146114
787,2017-03-14,43050,43250,42550,42850,1671363
788,2017-03-15,43050,43500,42950,43200,1716598
789,2017-03-16,43550,43800,43250,43700,1989711
790,2017-03-17,43800,45000,43750,44350,4890656
791,2017-03-20,44900,45950,44650,45600,3603549
792,2017-03-21,45800,46100,44800,45900,2993781
793,2017-03-22,45750,47450,45600,47200,3816522
794,2017-03-23,47600,49000,47500,48750,3832276
795,2017-03-24,48850,48900,47250,47450,3036174
796,2017-03-27,47300,48300,46250,47450,1873175
797,2017-03-28,47650,48300,46600,46700,1790280
798,2017-03-29,46650,47100,45900,46500,1694021
799,2017-03-30,46350,47150,46300,46600,1396017
800,2017-03-31,46650,47100,46100,46450,1399735
801,2017-04-03,46800,47050,46150,46700,926522
802,2017-04-04,46600,46650,45600,45700,1473856
803,2017-04-05,46000,46300,45400,46100,997813
804,2017-04-06,46250,46500,45500,45650,960535
805,2017-04-07,45750,45850,44700,45050,1599830
806,2017-04-10,44700,44750,44350,44550,1383844
807,2017-04-11,44600,44900,44000,44900,1619753
808,2017-04-12,44850,44900,44100,44550,1654192
809,2017-04-13,44550,45450,44300,45400,1845419
810,2017-04-14,45250,45250,44500,44650,629408
811,2017-04-17,44750,44900,44350,44900,723167
812,2017-04-18,45200,45750,45150,45300,1147697
813,2017-04-19,45200,45300,44400,44400,1339248
814,2017-04-20,44450,44550,44000,44250,1115705
815,2017-04-21,44350,44350,44000,44150,1040769
816,2017-04-24,44400,44750,44200,44300,690285
817,2017-04-25,44600,44850,44400,44450,901126
818,2017-04-26,44600,44850,44400,44700,1004697
819,2017-04-27,44850,45900,44750,45650,2116343
820,2017-04-28,45350,45600,44700,45350,1238523
821,2017-05-02,45350,45700,44700,44750,1205667
822,2017-05-04,44500,44700,44300,44450,986527
823,2017-05-08,44650,45850,44600,45800,2214626
824,2017-05-10,45000,45150,42850,43150,5973723
825,2017-05-11,43150,43700,42600,43050,3018545
826,2017-05-12,43300,43750,43250,43250,1367206
827,2017-05-15,43200,43450,43100,43200,1015104
828,2017-05-16,43050,43100,41700,41950,3435578
829,2017-05-17,41500,42750,41100,42750,3557283
830,2017-05-18,42350,42550,42000,42000,1520035
831,2017-05-19,41800,42400,41500,42250,1608316
832,2017-05-22,42100,42300,41800,42000,1673836
833,2017-05-23,41800,42500,41450,42150,1717592
834,2017-05-24,42100,42750,42100,42600,1278584
835,2017-05-25,42650,42900,42350,42600,1599245
836,2017-05-26,42450,42650,42300,42450,1555169
837,2017-05-29,42450,42600,42050,42100,1170701
838,2017-05-30,42200,42250,41850,42250,1050948
839,2017-05-31,42100,42800,42000,42700,2191414
840,2017-06-01,43200,44200,43100,44000,3892744
841,2017-06-02,44300,44450,43300,43450,2558748
842,2017-06-05,42700,43400,42700,43000,1224660
843,2017-06-07,42800,43650,42800,43000,1661001
844,2017-06-08,43700,43700,42850,43600,1837743
845,2017-06-09,43600,43700,43200,43650,1668967
846,2017-06-12,43500,44100,43450,44000,1761176
847,2017-06-13,44000,44000,43550,43650,971880
848,2017-06-14,43400,43450,42700,42850,2392986
849,2017-06-15,42750,43400,42750,43200,1113641
850,2017-06-16,43300,43400,42950,43400,1019665
851,2017-06-19,43150,43300,41950,42050,2089982
852,2017-06-20,41800,41950,41200,41200,2283038
853,2017-06-21,41450,41950,41450,41750,1353553
854,2017-06-22,42000,42200,41800,42100,837904
855,2017-06-23,42200,42400,41850,42350,1024976
856,2017-06-26,42350,42450,42100,42150,435998
857,2017-06-27,41500,41700,41300,41550,1458922
858,2017-06-28,40850,40900,40350,40800,1871286
859,2017-06-29,40900,41000,40700,40850,905372
860,2017-06-30,40600,41150,40600,40800,874872
861,2017-07-03,40700,40950,40500,40700,940081
862,2017-07-04,40800,41700,40800,41300,1396797
863,2017-07-05,41200,42200,41150,42000,1627970
864,2017-07-06,42000,42350,42000,42100,1103127
865,2017-07-07,42100,42500,42000,42500,1290722
866,2017-07-10,42650,42800,41600,41800,1148127
867,2017-07-11,42200,42600,42000,42500,1216486
868,2017-07-12,42500,42700,41900,42050,765084
869,2017-07-13,42350,42500,41700,41800,899060
870,2017-07-14,42100,42300,41350,41950,872859
871,2017-07-17,42150,42450,41750,42400,786109
872,2017-07-18,42500,42750,42350,42650,820866
873,2017-07-19,42800,42950,42450,42850,742006
874,2017-07-20,43400,44250,43150,44250,2801503
875,2017-07-21,45100,45500,44850,45500,3519253
876,2017-07-24,45600,45600,44500,45450,1858274
877,2017-07-25,45500,45500,44600,45350,1751578
878,2017-07-26,45350,45500,44950,45150,1116469
879,2017-07-27,45300,45700,45050,45200,1034423
880,2017-07-28,45000,45300,44250,44950,1564648
881,2017-07-31,44550,45050,44100,44550,1538985
882,2017-08-01,44400,45100,44400,44900,966639
883,2017-08-02,44700,44750,44150,44200,1060088
884,2017-08-03,44050,44200,43500,44200,1117000
885,2017-08-04,44050,44500,44000,44450,742616
886,2017-08-07,44550,44650,43900,44050,833653
887,2017-08-08,43250,44750,42900,44550,1897136
888,2017-08-09,44600,44650,43950,44150,782834
889,2017-08-10,43800,44450,43600,44450,1115808
890,2017-08-11,43700,44100,43550,43850,825664
891,2017-08-14,43850,43900,43300,43500,651274
892,2017-08-16,43650,44450,43600,43950,759243
893,2017-08-17,43700,44450,43600,44300,1074702
894,2017-08-18,44250,45000,44100,44850,1464955
895,2017-08-21,44900,44950,44050,44200,486898
896,2017-08-22,44400,44500,43700,43800,698039
897,2017-08-23,43850,44150,43700,44000,607414
898,2017-08-24,44150,44200,43500,43950,815955
899,2017-08-25,44000,44250,43750,44250,475125
900,2017-08-28,44200,44450,43850,44350,483858
901,2017-08-29,44050,44300,43600,43850,692828
902,2017-08-30,43750,44100,43600,43950,670670
903,2017-08-31,43550,43650,42900,42900,1454846
904,2017-09-01,43150,43400,42750,43100,580447
905,2017-09-04,42400,43200,42350,42550,682389
906,2017-09-05,42650,42850,42300,42350,676284
907,2017-09-06,42050,42250,41700,41800,754495
908,2017-09-07,41700,42150,41700,41750,794544
909,2017-09-08,41800,41850,41150,41200,1047486
910,2017-09-11,41250,41400,40850,40950,959536
911,2017-09-12,40900,41300,40800,41050,786127
912,2017-09-13,41100,41200,40400,40850,1047636
913,2017-09-14,40650,41050,40500,41050,1037179
914,2017-09-15,40650,41200,40600,41200,1038058
915,2017-09-18,41300,41850,41100,41150,992033
916,2017-09-19,40850,40950,40100,40150,2322046
917,2017-09-20,40100,40150,39100,39350,2067995
918,2017-09-21,39400,39800,39200,39250,1010946
919,2017-09-22,39400,39650,39100,39150,1019310
920,2017-09-25,39100,39150,38000,38400,1626009
921,2017-09-26,38000,38650,37950,38500,1249960
922,2017-09-27,38500,38650,38050,38200,844429
923,2017-09-28,38000,38400,37900,38350,881927
924,2017-09-29,38350,39000,38100,39000,800410
925,2017-10-10,39400,39450,37950,38100,2278109
926,2017-10-11,38100,38100,37000,37350,2548956
927,2017-10-12,37350,38100,37200,37800,2055237
928,2017-10-13,38200,39200,38200,39100,2132247
929,2017-10-16,39250,39700,38500,39700,1473633
930,2017-10-17,39800,40200,38650,39800,1598361
931,2017-10-18,39400,39950,39250,39600,936430
932,2017-10-19,39650,41000,39600,40850,2415983
933,2017-10-20,41050,43150,39850,41100,6466790
934,2017-10-23,41800,41900,40100,40400,2027001
935,2017-10-24,40450,40750,39950,40250,1064030
936,2017-10-25,40050,40050,39000,40000,2001896
937,2017-10-26,39650,40050,39100,39150,1389309
938,2017-10-27,39150,39750,38750,38850,1395174
939,2017-10-30,39000,39300,38700,38900,994030
940,2017-10-31,39000,39350,38700,39200,1159244
941,2017-11-01,38700,39000,38300,38550,1560555
942,2017-11-02,38550,38700,38250,38350,911246
943,2017-11-03,38500,39250,38400,39150,1143908
944,2017-11-06,39150,39200,38500,38700,915205
945,2017-11-07,38400,38600,38100,38250,1156593
946,2017-11-08,38300,38750,38200,38500,1323803
947,2017-11-09,38450,38700,38250,38250,1089869
948,2017-11-10,38550,38850,38300,38600,969023
949,2017-11-13,38400,38600,38150,38250,931757
950,2017-11-14,38100,38200,37650,37950,1179009
951,2017-11-15,37950,38250,37550,37900,915827
952,2017-11-16,37900,38000,37700,37800,782466
953,2017-11-17,37700,38150,37350,37850,785557
954,2017-11-20,37800,37850,37300,37450,1077447
955,2017-11-21,37450,37700,37250,37550,720790
956,2017-11-22,37550,37900,37350,37500,801898
957,2017-11-23,37150,37600,37150,37500,513113
958,2017-11-24,37550,38150,37550,38050,768128
959,2017-11-27,38150,38450,38100,38250,736802
960,2017-11-28,38250,38500,38100,38300,710633
961,2017-11-29,38100,38200,37800,37900,741974
962,2017-11-30,37950,38000,37500,37500,1427341
963,2017-12-01,37550,38000,37300,37950,807015
964,2017-12-04,37600,37950,37600,37850,641684
965,2017-12-05,37800,38800,37800,38800,1859540
966,2017-12-06,38800,38850,38300,38450,997178
967,2017-12-07,39250,39500,38750,38850,1739602
968,2017-12-08,38850,38900,37650,38000,1503814
969,2017-12-11,37900,38000,37650,37900,772326
970,2017-12-12,38200,38200,37800,38100,716339
971,2017-12-13,37950,38450,37800,38450,874779
972,2017-12-14,38550,39400,38450,38700,2670541
973,2017-12-15,39000,39200,38650,39000,2363282
974,2017-12-18,38800,39300,38800,39200,819194
975,2017-12-19,39200,39350,38800,38950,776160
976,2017-12-20,38800,39450,38650,39250,1076333
977,2017-12-21,39250,39350,38450,38700,1276728
978,2017-12-22,38600,38850,38550,38750,898070
979,2017-12-26,38850,39250,38800,39100,1477510
980,2017-12-27,38200,38500,38050,38400,891828
981,2017-12-28,38300,38350,38000,38150,782254
982,2018-01-02,37800,38050,37450,37750,1122223
983,2018-01-03,37600,37950,37300,37550,1101038
984,2018-01-04,37550,37550,37000,37200,1448500
985,2018-01-05,37200,37350,37000,37200,937524
986,2018-01-08,37300,37450,37100,37300,1052068
987,2018-01-09,37100,37300,37000,37300,1308829
988,2018-01-10,37200,37500,37100,37400,894970
989,2018-01-11,37200,37250,36650,36700,1866497
990,2018-01-12,36850,37150,36450,36450,1492378
991,2018-01-15,36450,36950,36150,36200,1151673
992,2018-01-16,36250,36600,36200,36300,904854
993,2018-01-17,36350,36550,36200,36300,1001471
994,2018-01-18,36250,36300,35300,35650,2530548
995,2018-01-19,35500,35500,35000,35250,1781308
996,2018-01-22,35050,35550,34600,34650,1759320
997,2018-01-23,34500,35250,34500,35050,1554899
998,2018-01-24,35100,35450,35050,35400,1042023
999,2018-01-25,35400,35750,35250,35550,1301963
1000,2018-01-26,35600,36150,35550,36050,1244986
1001,2018-01-29,36150,36500,36100,36200,1132625
1002,2018-01-30,36200,36300,35800,35900,1311558
1003,2018-01-31,35900,35900,35200,35750,1734984
1004,2018-02-01,35750,36150,35700,36000,1196594
1005,2018-02-02,35900,35950,35500,35650,1340996
1006,2018-02-05,35400,36400,35300,36100,2124043
1007,2018-02-06,35550,35900,35400,35550,1388258
1008,2018-02-07,35650,35800,35300,35550,1210460
1009,2018-02-08,35500,35600,34800,34800,1565567
1010,2018-02-09,34950,35000,34350,34400,1306484
1011,2018-02-12,34300,34600,34050,34050,841502
1012,2018-02-13,34050,34150,33300,33500,1532717
1013,2018-02-14,32550,33200,32400,33100,2056241
1014,2018-02-19,33100,33250,32850,33100,1033062
1015,2018-02-20,33100,34050,33100,33800,1147615
1016,2018-02-21,33900,33950,33350,33750,1437989
1017,2018-02-22,33550,33600,33100,33250,1067830
1018,2018-02-23,33400,33800,33300,33700,876146
1019,2018-02-26,33650,33900,33600,33800,1542759
1020,2018-02-27,33900,33900,33350,33350,903283
1021,2018-02-28,33100,33200,32800,33100,1164911
1022,2018-03-02,33100,33400,32600,32900,1421726
1023,2018-03-05,32700,32850,32500,32500,832745
1024,2018-03-06,32550,32550,31850,31950,1416320
1025,2018-03-07,31950,32150,31550,31650,1638255
1026,2018-03-08,31550,31850,31500,31650,1575916
1027,2018-03-09,31850,32700,31800,32500,1946210
1028,2018-03-12,32600,33150,32600,33100,1150431
1029,2018-03-13,32700,32950,32550,32850,832686
1030,2018-03-14,32550,32850,32400,32700,610089
1031,2018-03-15,32700,32700,32200,32350,948927
1032,2018-03-16,32250,32400,31850,32050,1760603
1033,2018-03-19,32050,32050,31750,31800,1003677
1034,2018-03-20,31700,31950,31550,31650,1028597
1035,2018-03-21,31600,31950,31550,31650,1046251
1036,2018-03-22,31700,32250,31700,32000,1086369
1037,2018-03-23,31700,31800,31200,31350,1302713
1038,2018-03-26,31200,31350,30600,30850,1183474
1039,2018-03-27,30950,31350,30900,31150,811219
1040,2018-03-28,30900,31950,30900,31800,1000874
1041,2018-03-29,31650,33050,31300,32900,2162542
1042,2018-03-30,33000,33400,32750,32850,1384829
1043,2018-04-02,32850,33500,32800,33250,1147437
1044,2018-04-03,33200,35350,33000,34950,4540936
1045,2018-04-04,35100,36000,34850,34850,3693600
1046,2018-04-05,34750,35100,33950,34500,1844435
1047,2018-04-06,34550,34600,33850,34050,1328081
1048,2018-04-09,34050,34950,34050,34500,1201496
1049,2018-04-10,34100,35050,34100,34700,1225383
1050,2018-04-11,34200,35050,34100,34450,1118386
1051,2018-04-12,34350,34600,33950,34200,945133
1052,2018-04-13,34100,34700,33850,34500,949702
1053,2018-04-16,34300,34300,33400,33750,1216578
1054,2018-04-17,33750,34950,33700,34550,1774887
1055,2018-04-18,34450,34950,34300,34700,1050284
1056,2018-04-19,34750,35250,34400,34700,1737127
1057,2018-04-20,34800,36050,34800,35800,2650607
1058,2018-04-23,36100,37600,36050,36700,5410104
1059,2018-04-24,36800,37300,36300,36950,1660470
1060,2018-04-25,36700,36750,36050,36250,1168907
1061,2018-04-26,36150,36200,35100,35450,1832575
1062,2018-04-27,35500,36750,35450,36450,1950741
1063,2018-04-30,37500,37750,36650,37450,2832553
1064,2018-05-02,37700,38300,37000,37750,2771294
1065,2018-05-03,37700,38200,37200,37400,1662254
1066,2018-05-04,37100,37700,36650,37350,1182028
1067,2018-05-08,36950,37350,36500,36750,1181573
1068,2018-05-09,36300,36300,35550,35700,1691953
1069,2018-05-10,35700,36200,35000,35900,1623420
1070,2018-05-11,35800,36000,35300,35750,890376
1071,2018-05-14,35950,37550,35950,37300,2129346
1072,2018-05-15,36600,37600,36350,36950,1718825
1073,2018-05-16,36550,36900,36100,36300,1023658
1074,2018-05-17,36400,36950,36250,36250,862953
1075,2018-05-18,36100,36200,35650,36200,683652
1076,2018-05-21,35800,35950,35450,35700,907803
1077,2018-05-23,35350,36350,35300,36000,1238308
1078,2018-05-24,35950,36150,34900,35100,987949
1079,2018-05-25,34650,34700,33800,34200,1581954
1080,2018-05-28,35000,35450,34850,35000,1125952
1081,2018-05-29,35050,35200,34300,34450,694657
1082,2018-05-30,34050,34250,33500,33750,1310190
1083,2018-05-31,33950,34000,33150,33150,2212841
1084,2018-06-01,33150,33700,32900,32900,1463119
1085,2018-06-04,32950,33250,32600,32900,1261428
1086,2018-06-05,32800,33250,32700,32900,1143390
1087,2018-06-07,32950,34300,32950,33950,2117004
1088,2018-06-08,34000,34600,33950,34050,1213539
1089,2018-06-11,34100,35550,33800,35100,1774938
1090,2018-06-12,35250,36000,35050,35050,1499806
1091,2018-06-14,34750,35400,34500,34550,1526346
1092,2018-06-15,34500,35700,34500,35000,1732899
1093,2018-06-18,34750,35300,34600,34750,1217619
1094,2018-06-19,34600,35250,33500,33500,1654427
1095,2018-06-20,33400,34050,33050,33150,1205019
1096,2018-06-21,33100,33500,32650,32900,864088
1097,2018-06-22,32900,35400,32850,34900,2668943
1098,2018-06-25,34950,35650,34050,34600,1303115
1099,2018-06-26,34600,35200,34250,34500,1245904
1100,2018-06-27,33800,34050,32950,33050,2261762
1101,2018-06-28,33000,33100,32000,32200,1667835
1102,2018-06-29,32250,32300,31300,32000,2006542
1103,2018-07-02,32000,32550,31300,32450,1871883
1104,2018-07-03,32400,32550,31600,31700,1122962
1105,2018-07-04,31500,32450,31300,32100,949731
1106,2018-07-05,31900,32050,31400,31650,796844
1107,2018-07-06,31450,31850,31400,31500,1181124
1108,2018-07-09,31500,31550,30700,31100,1613817
1109,2018-07-10,31050,31300,30900,31000,1357525
1110,2018-07-11,30850,31200,30550,31000,1372919
1111,2018-07-12,31050,31950,30750,31500,1818643
1112,2018-07-13,31600,32100,31050,31200,1501358
1113,2018-07-16,31350,31450,31000,31200,883269
1114,2018-07-17,31350,32200,31350,31800,1673342
1115,2018-07-18,31750,31900,30950,31150,1393365
1116,2018-07-19,31200,31350,30800,30850,952857
1117,2018-07-20,30900,31150,30600,31150,793479
1118,2018-07-23,31550,32300,31550,32250,2387960
1119,2018-07-24,32300,33400,32300,33150,2609423
1120,2018-07-25,33150,33700,32850,33100,1695486
1121,2018-07-26,33100,33150,32300,32900,1053716
1122,2018-07-27,33000,33000,32000,32500,1274923
1123,2018-07-30,32500,33100,32500,32900,650394
1124,2018-07-31,33150,33300,32700,33300,995820
1125,2018-08-01,32750,32750,32100,32350,1620093
1126,2018-08-02,32200,32350,31550,31800,974710
1127,2018-08-03,31600,32200,31450,31850,615463
1128,2018-08-06,31500,31600,30850,31050,1859891
1129,2018-08-07,30950,31100,30250,30450,2366249
1130,2018-08-08,30500,30750,30300,30350,1628983
1131,2018-08-09,30500,31200,30350,31200,1830921
1132,2018-08-10,31050,31800,30800,31550,1642356
1133,2018-08-13,31400,31400,30900,31150,957261
1134,2018-08-14,30750,30750,30200,30350,1987025
1135,2018-08-16,30350,30950,30350,30750,1079074
1136,2018-08-17,31000,31050,30500,30650,674675
1137,2018-08-20,30700,31400,30700,31250,1023813
1138,2018-08-21,30900,31000,30550,30750,1130827
1139,2018-08-22,30750,30950,30600,30750,797471
1140,2018-08-23,30750,30800,30600,30600,636169
1141,2018-08-24,30550,30900,30550,30750,851980
1142,2018-08-27,30850,31100,30750,30750,833599
1143,2018-08-28,30800,30950,30650,30900,727805
1144,2018-08-29,30950,31050,30750,30800,610410
1145,2018-08-30,30800,30800,30350,30550,1516474
1146,2018-08-31,30600,30750,30400,30500,787703
1147,2018-09-03,30450,30550,30250,30300,776177
1148,2018-09-04,30350,30450,29850,29950,1567311
1149,2018-09-05,30000,30300,29950,30050,874649
1150,2018-09-06,30150,30400,30100,30200,683608
1151,2018-09-07,30450,30450,30100,30250,1151533
1152,2018-09-10,30050,30250,30000,30250,766792
1153,2018-09-11,30050,30500,29900,30350,1036719
1154,2018-09-12,30400,30650,30200,30300,880851
1155,2018-09-13,30450,30450,29900,29950,1293581
1156,2018-09-14,30050,30150,29900,29900,1315620
1157,2018-09-17,30000,30000,29750,29800,760588
1158,2018-09-18,29650,29750,29350,29500,1111820
1159,2018-09-19,29500,29600,28750,28950,1754673
1160,2018-09-20,28850,29100,28650,28700,1183285
1161,2018-09-21,28900,29000,28650,28750,1815081
1162,2018-09-27,28700,29000,28650,28950,1285579
1163,2018-09-28,29050,29400,29050,29350,1066469
1164,2018-10-01,29250,29550,29200,29350,629032
1165,2018-10-02,29200,29300,28550,28550,1214704
1166,2018-10-04,28700,28700,27250,27450,2180177
1167,2018-10-05,27300,27900,26800,27150,1451672
1168,2018-10-08,27000,27300,26300,26350,1809700
1169,2018-10-10,26100,26150,25200,25300,2340078
1170,2018-10-11,24500,24900,23850,23850,3191957
1171,2018-10-12,23950,24850,23950,24750,1964797
1172,2018-10-15,24600,25550,24600,25050,1541194
1173,2018-10-16,25200,25450,24650,24950,1152882
1174,2018-10-17,25200,25500,24900,25500,683293
1175,2018-10-18,25550,26550,25150,26150,1689419
1176,2018-10-19,26150,27350,26050,26900,2808221
1177,2018-10-22,27000,27750,26900,27550,1146448
1178,2018-10-23,27500,27500,26100,26300,1510227
1179,2018-10-24,26600,27850,26450,27400,2845565
1180,2018-10-25,27150,28400,27000,28050,3291880
1181,2018-10-26,28050,28400,27050,27300,1634834
1182,2018-10-29,27950,28300,26500,27100,1528348
1183,2018-10-30,26500,27450,26200,26250,1433733
1184,2018-10-31,26250,27100,26050,27100,1498278
1185,2018-11-01,27150,27200,26450,26900,1110198
1186,2018-11-02,26750,27050,26450,26600,1509654
1187,2018-11-05,26550,27100,26350,27100,1134527
1188,2018-11-06,27000,27100,26500,26750,921067
1189,2018-11-07,26700,27450,26550,27200,1320886
1190,2018-11-08,27300,27650,26900,27450,1425059
1191,2018-11-09,27450,28250,27350,28150,1360310
1192,2018-11-12,28200,28450,27250,27550,1042459
1193,2018-11-13,27550,27600,27150,27350,620488
1194,2018-11-14,28050,28950,27850,28600,2815013
1195,2018-11-15,28700,29000,27850,27850,1320221
1196,2018-11-16,27950,28150,27600,27950,1012902
1197,2018-11-19,28000,28150,27250,27350,1071732
1198,2018-11-20,27450,27950,27350,27950,1142308
1199,2018-11-21,28200,28250,27700,28200,982004
1200,2018-11-22,28550,28550,27750,28200,669339
1201,2018-11-23,28200,28250,27300,27600,768736
1202,2018-11-26,28050,29450,28000,29300,2250623
1203,2018-11-27,29200,30250,28900,29850,2389761
1204,2018-11-28,30050,30900,29750,30800,2033036
1205,2018-11-29,30800,30850,30150,30400,1442266
1206,2018-11-30,30200,30450,29450,29700,2411335
1207,2018-12-03,29850,30200,29650,29750,1546422
1208,2018-12-04,30000,30800,30000,30600,1875682
1209,2018-12-05,30300,30850,30100,30700,1459238
1210,2018-12-06,30900,30950,30350,30750,1350118
1211,2018-12-07,30800,31450,30550,31250,1909673
1212,2018-12-10,31300,32350,31150,32100,2798516
1213,2018-12-11,32150,32900,32050,32600,2238149
1214,2018-12-12,32800,32800,31750,32000,2123305
1215,2018-12-13,32150,32850,32050,32100,2883905
1216,2018-12-14,32000,32800,31750,32600,1442699
1217,2018-12-17,32800,33200,32300,32950,1453900
1218,2018-12-18,33300,33700,33100,33300,1550289
1219,2018-12-19,33400,34250,33400,34150,1756885
1220,2018-12-20,34200,34500,33500,34350,1574367
1221,2018-12-21,34350,34350,33150,33450,1725701
1222,2018-12-24,33450,33600,32800,33100,942116
1223,2018-12-26,32950,33500,32600,32750,1048298
1224,2018-12-27,32150,32950,31100,32500,1430410
1225,2018-12-28,32350,33800,32350,33100,1229000
1226,2019-01-02,33150,34300,33150,34050,1503315
1227,2019-01-03,34250,35150,34200,34800,2177434
1228,2019-01-04,35000,35400,34000,34300,2389249
1229,2019-01-07,34300,34300,33300,34100,2183490
1230,2019-01-08,34400,35600,34300,35450,2298290
1231,2019-01-09,35450,35450,33500,33550,2794012
1232,2019-01-10,33100,34450,33100,34450,2085286
1233,2019-01-11,34250,34700,34000,34700,1256608
1234,2019-01-14,34650,34900,34250,34700,1082232
1235,2019-01-15,34450,35000,34400,34800,1247907
1236,2019-01-16,34500,34800,34150,34400,1200279
1237,2019-01-17,34300,34700,34200,34500,954223
1238,2019-01-18,34450,34550,33350,33850,1715880
1239,2019-01-21,33450,33750,32300,32550,2721858
1240,2019-01-22,32600,32750,32300,32650,971696
1241,2019-01-23,33050,33100,32600,32850,1465921
1242,2019-01-24,32600,32900,32400,32800,1227283
1243,2019-01-25,32500,33250,32450,33050,1180067
1244,2019-01-28,32800,32950,32500,32800,1027710
1245,2019-01-29,32900,33200,32750,32950,1359790
1246,2019-01-30,33100,33250,32300,33200,1336232
1247,2019-01-31,33500,34800,33400,34500,2347829
1248,2019-02-01,34400,34450,33700,33900,1089514
1249,2019-02-07,34400,34400,33250,33500,1052867
1250,2019-02-08,33650,34000,33100,33650,1231312
1251,2019-02-11,33950,34650,33550,34350,1462266
1252,2019-02-12,34350,34400,33700,34050,1002254
1253,2019-02-13,33750,34250,33550,34000,1066263
1254,2019-02-14,33600,33950,32900,33800,1670031
1255,2019-02-15,33850,34200,33250,33500,940571
1256,2019-02-18,33500,33700,32850,33050,1146918
1257,2019-02-20,33100,33650,33100,33400,1049441
1258,2019-02-21,33200,33450,33000,33300,873960
1259,2019-02-22,33250,34600,33100,34350,2306216
1260,2019-02-25,34300,34350,33800,34000,933156
1261,2019-02-26,34350,35000,34250,34800,1445412
1262,2019-02-27,34750,35150,34550,34950,1037064
1263,2019-02-28,34800,35600,34500,34850,1875737
1264,2019-03-04,34700,36000,34700,35800,2038623
1265,2019-03-05,35800,35900,35300,35650,684770
1266,2019-03-06,35700,36000,35100,35250,763584
1267,2019-03-07,35400,35600,34500,34650,885537
1268,2019-03-08,34700,35050,34550,34650,762959
1269,2019-03-11,34650,35200,34350,35000,730542
1270,2019-03-12,35350,35500,35200,35500,818838
1271,2019-03-13,35000,35150,34600,35100,833264
1272,2019-03-14,35100,35500,34900,35450,1187935
1273,2019-03-15,35200,35600,35100,35400,1416813
1274,2019-03-18,35050,35150,34300,34450,950547
1275,2019-03-19,34150,34500,33300,33450,1576898
1276,2019-03-20,33300,33450,32050,32400,2235962
1277,2019-03-21,32200,32400,31750,31900,1797470
1278,2019-03-22,31900,32250,31700,31950,1140285
1279,2019-03-25,32050,32200,31500,31650,1063764
1280,2019-03-26,31550,32000,31550,31550,644953
1281,2019-03-27,31550,31650,31100,31350,718781
1282,2019-03-28,31050,31300,30500,30650,1217861
1283,2019-03-29,30000,30300,29750,29900,2496901
1284,2019-04-01,29750,30400,29550,30350,1939686
1285,2019-04-02,30300,30600,29900,30250,1243815
1286,2019-04-03,30100,30350,30000,30300,2477103
1287,2019-04-04,30300,30350,29850,30150,1176497
1288,2019-04-05,29900,30150,29100,29200,3539071
1289,2019-04-08,28750,29400,28300,29400,2876412
1290,2019-04-09,29150,29450,28750,28750,1322040
1291,2019-04-10,28800,29650,28250,29650,2336272
1292,2019-04-11,29650,29650,29100,29200,1509883
1293,2019-04-12,29350,29450,28950,29100,1135027
1294,2019-04-15,29150,29250,29000,29150,914217
1295,2019-04-16,29100,29400,29000,29300,950315
1296,2019-04-17,29450,29450,28750,28900,1342285
1297,2019-04-18,28900,29200,28700,28850,1318421
1298,2019-04-19,28900,29050,28650,28850,932884
1299,2019-04-22,28950,29100,28800,28900,743003
1300,2019-04-23,28900,28900,28550,28700,968193
1301,2019-04-24,28700,28700,28000,28150,1651613
1302,2019-04-25,28150,28300,27700,27850,1004839
1303,2019-04-26,27900,28850,27850,27900,2137682
1304,2019-04-29,28200,28750,27900,28700,1407157
1305,2019-04-30,28700,28750,28150,28300,1054828
1306,2019-05-02,28200,28400,27900,28050,1187976
1307,2019-05-03,28350,28350,27700,27800,1571926
1308,2019-05-07,27600,28000,27500,27950,911691
1309,2019-05-08,27700,27850,27500,27750,891297
1310,2019-05-09,27550,27600,27050,27050,1904601
1311,2019-05-10,27050,27550,27000,27300,1116012
1312,2019-05-13,27000,27350,26800,27150,1147223
1313,2019-05-14,26950,27000,26600,26850,1370330
1314,2019-05-15,26300,26600,25900,26300,2652931
1315,2019-05-16,26150,26200,25700,25750,1769538
1316,2019-05-17,25900,25950,25400,25450,1473822
1317,2019-05-20,25450,25650,25050,25400,1176541
1318,2019-05-21,25200,25350,25000,25050,1281425
1319,2019-05-22,25100,25650,25050,25100,1128442
1320,2019-05-23,25100,25500,24800,25200,1094005
1321,2019-05-24,25450,25950,25400,25500,1745582
1322,2019-05-27,25600,25600,24950,25000,1057929
1323,2019-05-28,25050,25250,24850,25100,1453606
1324,2019-05-29,25050,25200,24500,24700,1433905
1325,2019-05-30,24700,25050,24600,24950,815765
1326,2019-04-19,28900,29050,28650,28850,932884
1327,2019-06-03,26350,27000,26150,26650,2755334
1328,2019-06-04,26600,26600,26000,26000,1594929
1329,2019-06-05,26050,26250,25550,25700,1323879
1330,2019-06-07,25750,25900,25350,25700,876275
1331,2019-06-10,25700,25850,25150,25350,1522660
1332,2019-06-11,25250,26350,25200,26200,1851609
1333,2019-06-12,26250,26350,25850,26300,1171517
1334,2019-06-13,26450,26650,26000,26100,1679278
1335,2019-06-14,26000,26050,25500,25500,1589204
1336,2019-06-17,25550,25600,25100,25350,1150511
1337,2019-06-18,25400,25500,25250,25400,616871
1338,2019-06-19,25750,26100,25550,25600,1274257
1339,2019-06-20,25900,26100,25700,25850,884367
1340,2019-06-21,25850,26200,25700,26200,1516992
1341,2019-06-24,26350,26400,25900,26050,811326
1342,2019-06-25,26000,26150,25600,25700,1053433
1343,2019-06-26,25550,25950,25400,25800,706453
1344,2019-06-27,25700,25900,25600,25650,876350
1345,2019-06-28,25600,25850,25550,25550,631138
1346,2019-07-01,25600,25700,25300,25350,1149895
1347,2019-07-02,25400,25400,25050,25250,1090035
1348,2019-07-03,25300,26000,25200,25900,1411870
1349,2019-07-04,25900,25900,25500,25700,838909
1350,2019-07-05,25800,26150,25650,26000,829114
1351,2019-07-08,26000,26300,25750,25950,1463653
1352,2019-07-09,25800,25850,25400,25500,942211
1353,2019-07-10,25400,25600,25250,25250,800763
1354,2019-07-11,25300,25500,25250,25300,1286196
1355,2019-07-12,25350,25650,25300,25450,729909
1356,2019-07-15,25450,25600,25350,25450,487197
1357,2019-07-16,25450,25650,25450,25550,515001
1358,2019-07-17,25500,25650,25400,25450,730981
1359,2019-07-18,25350,25600,25350,25500,828695
1360,2019-07-19,25600,25900,25500,25850,1014697
1361,2019-07-22,25950,26050,25750,26000,737231
1362,2019-07-23,26100,27500,26000,27250,3452971
1363,2019-07-24,27400,27450,26700,26700,1811992
1364,2019-07-25,26750,27450,26600,27300,1703724
1365,2019-07-26,27100,27950,27100,27600,2045030
1366,2019-07-29,27600,27950,27300,27950,1841552
1367,2019-07-30,27800,27950,27400,27600,1093730
1368,2019-07-31,27250,28100,27250,27900,1295440
1369,2019-08-01,27700,27900,26650,26650,1743468
1370,2019-08-02,26900,27400,26800,27100,1599009
1371,2019-08-05,27150,27450,26400,26800,1275929
1372,2019-08-06,26250,26500,25850,26300,1701282
1373,2019-08-07,26300,26550,26150,26400,1207956
1374,2019-08-08,26500,26700,25400,25450,2586610
1375,2019-08-09,25450,25600,25150,25200,1088702
1376,2019-08-12,25200,25450,25050,25300,750604
1377,2019-08-13,25000,25150,24850,24950,898039
1378,2019-08-14,25100,25250,25000,25100,804462
1379,2019-08-16,24900,25000,24600,24700,1297416
1380,2019-08-19,25050,25750,24900,25700,1043295
1381,2019-08-20,25600,25950,25550,25700,762298
1382,2019-08-21,25650,25850,25500,25750,607948
1383,2019-08-22,25750,26150,25700,25950,1399162
1384,2019-08-23,25900,25950,25550,25600,575476
1385,2019-08-26,25250,25400,25100,25200,547325
1386,2019-08-27,25250,25350,25100,25150,914873
1387,2019-08-28,25200,25450,24900,25350,881467
1388,2019-08-29,25250,25450,25100,25400,815063
1389,2019-08-30,25500,25700,25350,25550,823933
1390,2019-09-02,26750,26750,25400,25450,1217395
1391,2019-09-03,25400,25450,25150,25200,874623
1392,2019-09-04,25050,25250,24800,25250,1591418
1393,2019-09-05,25150,25250,24900,24950,1381310
1394,2019-09-06,25000,25150,24850,24950,802157
1395,2019-09-09,24950,25150,24900,24950,804814
1396,2019-09-10,25000,25250,25000,25250,817405
1397,2019-09-11,25250,25550,25250,25550,1923839
1398,2019-09-16,25450,25700,25300,25450,1239781
1399,2019-09-17,25650,26100,25500,25600,1759006
1400,2019-09-18,25500,25600,25300,25300,954434
1401,2019-09-19,25300,25450,25200,25400,1000818
1402,2019-09-20,25350,25550,25250,25550,1081558
1403,2019-09-23,25550,26450,25450,26350,2441969
1404,2019-09-24,26450,26800,26350,26750,1529855
1405,2019-09-25,26750,27200,26300,26600,1945767
1406,2019-09-26,26700,26800,26050,26200,1094722
1407,2019-09-27,26450,26450,25650,25750,955626
1408,2019-09-30,25750,26100,25650,25900,814978
1409,2019-10-01,26100,26250,25850,26050,687015
1410,2019-10-02,26050,26050,25350,25350,1492271
1411,2019-10-04,25350,25500,25100,25150,981000
1412,2019-10-07,25250,25300,25100,25200,779485
1413,2019-10-08,25200,25550,25100,25450,824025
1414,2019-10-10,25500,26000,25450,25600,1891177
1415,2019-10-11,25800,25950,25250,25300,1029615
1416,2019-10-14,25450,25650,25300,25550,735037
1417,2019-10-15,25600,26050,25500,25800,828473
1418,2019-10-16,26050,26100,25800,26050,964088
1419,2019-10-17,26100,26500,26050,26300,1153108
1420,2019-10-18,26350,26500,25800,25900,728196
1421,2019-10-21,25900,25950,25600,25700,708161
1422,2019-10-22,25750,26000,25600,25750,924930
1423,2019-10-23,25650,25750,25450,25500,1087848
1424,2019-10-24,25450,25500,25250,25400,1302236
1425,2019-10-25,25400,25550,25250,25550,632269
1426,2019-10-28,25600,25650,25150,25250,1232661
1427,2019-10-29,25300,25400,25050,25100,1154375
1428,2019-10-30,25350,25950,25200,25850,1997442
1429,2019-10-31,25900,25950,25400,25450,1476697
1430,2019-11-01,25450,25600,25300,25350,673226
1431,2019-11-04,25400,25450,25250,25300,1439718
1432,2019-11-05,25400,25450,25200,25250,1513299
1433,2019-11-06,25350,26850,25300,26800,7144202
1434,2019-11-07,26850,27250,26400,26950,3014943
1435,2019-11-08,26950,27200,26600,27000,2051657
1436,2019-11-11,27000,27600,26800,27300,1966746
1437,2019-11-12,27450,27500,27050,27400,1063225
1438,2019-11-13,27350,27450,26900,27250,1279663
1439,2019-11-14,27400,28250,26950,28150,3338145
1440,2019-11-15,28000,28450,27850,28050,1432549
1441,2019-11-18,28050,28250,27650,27850,1282357
1442,2019-11-19,27800,28200,27300,28100,1503442
1443,2019-11-20,28000,28700,27800,28150,1696107
1444,2019-11-21,27900,28500,27750,27900,1428451
1445,2019-11-22,27800,28250,27700,28000,811273
1446,2019-11-25,28000,28300,27750,27850,945977
1447,2019-11-26,27750,28200,27300,27800,2156678
1448,2019-11-27,27950,27950,27400,27400,971455
1449,2019-11-28,27200,27600,27200,27500,826030
1450,2019-11-29,27700,28600,27650,27900,2575813
1451,2019-12-02,27800,28300,27600,28250,1430039
1452,2019-12-03,28100,28650,27850,28500,1239524
1453,2019-12-04,28300,29500,28250,29250,3344669
1454,2019-12-05,29150,29450,28600,28700,2141043
1455,2019-12-06,28700,28950,28450,28850,1064550
1456,2019-12-09,29000,29300,28550,28600,1301963
1457,2019-12-10,28500,28750,28050,28150,1437124
1458,2019-12-11,28150,28850,28100,28500,1476080
1459,2019-12-12,28550,28600,27500,27650,3668109
1460,2019-12-13,27800,27950,27150,27650,2488827
1461,2019-12-16,27700,27800,27250,27450,1356473
1462,2019-12-17,27350,27750,27250,27550,1303415
1463,2019-12-18,27600,28450,27500,28100,2036395
1464,2019-12-19,28250,28700,28150,28400,1758669
1465,2019-12-20,28500,28550,28000,28000,1459271
1466,2019-12-23,28050,28150,27700,27900,716040
1467,2019-12-24,27850,28000,27650,27900,774460
1468,2019-12-26,27850,27850,27450,27650,1262290
1469,2019-12-27,27550,28000,27400,27750,1164446
1470,2019-12-30,27850,28000,27600,27800,1188611
