2014-01-02,277500,281000,276000,279500,101630
2014-01-03,278000,280000,274500,278500,78910
2014-01-06,277000,278000,272500,277000,42426
2014-01-07,274000,277000,273000,275500,49898
2014-01-08,274500,276500,272000,274500,42155
2014-01-09,275500,280000,272500,273000,75049
2014-01-10,273000,274500,268000,270000,52240
2014-01-13,270500,271000,265000,267000,70143
2014-01-14,266500,270000,266000,268000,43990
2014-01-15,268500,270000,263500,265500,49881
2014-01-16,265500,271000,264500,267000,57204
2014-01-17,267000,269500,265000,266500,55377
2014-01-20,266500,271000,264500,269000,53286
2014-01-21,269000,269500,265000,265500,48243
2014-01-22,265000,268000,261000,267000,50141
2014-01-23,267000,267000,261500,263500,36418
2014-01-24,263000,267000,262000,264500,26507
2014-01-27,260500,261000,254500,260000,63705
2014-01-28,261500,261500,257000,260000,24908
2014-01-29,261500,265500,258000,265500,53579
2014-02-03,262000,264500,258000,263500,39751
2014-02-04,259000,260000,254500,256500,76923
2014-02-05,258000,258000,252500,253500,56879
2014-02-06,254000,255500,250000,255000,54321
2014-02-07,254000,268500,254000,266000,98473
2014-02-10,267500,269500,263000,265000,53379
2014-02-11,263500,274000,262500,273000,84620
2014-02-12,273000,275500,270500,272500,47999
2014-02-13,273500,275000,269000,270000,30765
2014-02-14,269500,273500,268000,268000,24255
2014-02-17,271000,271500,266500,269500,30605
2014-02-18,269500,271500,266000,271000,24272
2014-02-19,270000,271500,267000,269000,24010
2014-02-20,269000,269000,263000,266000,30412
2014-02-21,266000,270500,264500,268500,41706
2014-02-24,267500,270000,266000,266500,22856
2014-02-25,267500,268500,265500,267000,26689
2014-02-26,266000,269500,266000,267000,30924
2014-02-27,267500,275500,267000,275000,97666
2014-02-28,275500,278500,272500,274500,56965
2014-03-03,274000,277500,271000,274000,48255
2014-03-04,272000,273000,267500,269500,44828
2014-03-05,272000,273500,267500,270500,54680
2014-03-06,270500,280500,269000,280500,107623
2014-03-07,281000,283000,278000,280500,62692
2014-03-10,280000,280000,273000,274000,58950
2014-03-11,274000,281000,272000,280000,62919
2014-03-12,279500,280500,270000,271500,81013
2014-03-13,271500,276500,271500,276000,50398
2014-03-14,273000,276500,271500,274000,43387
2014-03-17,274000,275000,268500,270000,49362
2014-03-18,272000,274000,270000,273000,37811
2014-03-19,274000,274000,267500,268500,57065
2014-03-20,268500,268500,261000,261500,71196
2014-03-21,262000,265000,259000,265000,64695
2014-03-24,265000,266000,263500,264500,23561
2014-03-25,263500,268000,262000,267500,63001
2014-03-26,268000,268000,262500,265000,53427
2014-03-27,264000,268500,262000,267500,41322
2014-03-28,271000,286000,269000,285000,354306
2014-03-31,286500,289500,284500,287000,196976
2014-04-01,296500,301000,292500,296000,227884
2014-04-02,292000,299000,291500,294500,84226
2014-04-03,295000,296500,287000,287500,101529
2014-04-04,289000,291500,285000,290000,72702
2014-04-07,290000,291000,286000,289500,29008
2014-04-08,287000,287500,279000,281500,96916
2014-04-09,283500,292000,282500,290500,93962
2014-04-10,294500,306000,294000,297000,212938
2014-04-11,297000,301500,292000,297500,72040
2014-04-14,296500,302000,296500,298000,56570
2014-04-15,296500,301000,295500,299500,69034
2014-04-16,299500,299500,294000,296500,53352
2014-04-17,296500,299500,294000,298000,55068
2014-04-18,299000,299000,292000,293500,49151
2014-04-21,292500,295500,289500,292500,35715
2014-04-22,292000,295000,290000,293000,39134
2014-04-23,292000,300000,292000,297000,56687
2014-04-24,297000,304500,296500,301000,103960
2014-04-25,300000,303000,297000,297500,60689
2014-04-28,295500,297500,290500,293500,74782
2014-04-29,293500,300500,292500,298500,48572
2014-04-30,299000,310000,297000,310000,168810
2014-05-02,310000,313000,305500,311500,69499
2014-05-07,310000,312000,304000,308500,81252
2014-05-08,309000,320000,303500,319000,152385
2014-05-09,319500,325500,317500,321000,104903
2014-05-12,322000,329000,319500,324000,121364
2014-05-13,324500,327500,317500,321500,58847
2014-05-14,325000,330000,322000,327000,75421
2014-05-15,328000,329000,323500,327000,46318
2014-05-16,325500,327500,317500,325000,65162
2014-05-19,325000,326500,322000,322500,35187
2014-05-20,323000,324500,317000,324500,44918
2014-05-21,325000,326000,321500,326000,37951
2014-05-22,327500,328500,323000,324500,43837
2014-05-23,325000,327500,322500,326000,39485
2014-05-26,326000,332500,325000,329500,60482
2014-05-27,331500,335000,326000,334000,67372
2014-05-28,333000,337500,332500,337500,51809
2014-05-29,337000,338500,333000,335000,28834
2014-05-30,334000,335500,329000,330000,61217
2014-06-02,331500,334000,326500,332500,40894
2014-06-03,330500,344500,329500,344000,87434
2014-06-05,340500,352000,340000,346500,60184
2014-06-09,345000,348000,339500,342500,45149
2014-06-10,341500,347500,337000,342000,47497
2014-06-11,340000,346500,337500,341000,56202
2014-06-12,341000,342000,336500,342000,41595
2014-06-13,340000,347000,337000,346500,63103
2014-06-16,344000,349500,343500,346000,45644
2014-06-17,348500,348500,336500,338500,63488
2014-06-18,336500,338000,324000,329000,133558
2014-06-19,329000,340500,329000,339500,66884
2014-06-20,340000,343000,336000,337500,43417
2014-06-23,334500,339000,334500,338000,25924
2014-06-24,338000,344500,334000,343000,36628
2014-06-25,345000,345000,340500,343000,29617
2014-06-26,347000,349000,341000,344500,35660
2014-06-27,346500,346500,338500,344500,30390
2014-06-30,346500,346500,339500,344500,29276
2014-07-01,344000,352000,342000,350000,53577
2014-07-02,350000,355000,348500,353500,47780
2014-07-03,353500,356000,348500,351500,39662
2014-07-04,352000,357500,349500,357500,43242
2014-07-07,358000,358000,349000,351000,44209
2014-07-08,352000,355000,346000,354000,39455
2014-07-09,354000,357000,351000,353500,38557
2014-07-10,352500,356000,348000,350500,32171
2014-07-11,348000,353500,345000,347000,40353
2014-07-14,349500,364000,349500,358000,83386
2014-07-15,360000,360500,347500,348500,77759
2014-07-16,349000,349500,339500,344000,59936
2014-07-17,342000,343500,337500,340000,78853
2014-07-18,339500,344500,337500,342500,38650
2014-07-21,341000,341000,330000,332500,114022
2014-07-22,333000,334000,325000,330000,97003
2014-07-23,331000,334500,330000,334000,50261
2014-07-24,334000,336000,325500,328500,63736
2014-07-25,328500,345500,327500,343500,119717
2014-07-28,345000,345500,336000,341000,47196
2014-07-29,341500,341500,328500,330000,73742
2014-07-30,329500,335000,329500,331500,54678
2014-07-31,332500,334500,323500,333000,62679
2014-08-01,333000,347000,329500,339500,92667
2014-08-04,342000,344000,332500,338000,52972
2014-08-05,337000,343000,336000,341500,44082
2014-08-06,343000,352000,342500,347500,82857
2014-08-07,349000,350500,345000,345500,40322
2014-08-08,348500,353500,345500,346000,53918
2014-08-11,348500,350000,342500,345000,29083
2014-08-12,344500,349000,344000,345500,22472
2014-08-13,348500,364000,346000,364000,123124
2014-08-14,363500,368500,358000,364500,47943
2014-08-18,368000,370000,358500,360500,36160
2014-08-19,367500,367500,360500,365000,40506
2014-08-20,365000,376000,364500,371500,51033
2014-08-21,372500,378000,368500,373000,44385
2014-08-22,370500,378500,366500,372000,36287
2014-08-25,374500,376000,369000,373500,21074
2014-08-26,374000,388000,370500,383500,71078
2014-08-27,383500,390000,376500,384000,57037
2014-08-28,386000,396000,377500,381000,55103
2014-08-29,380000,381000,370000,378000,45460
2014-09-01,374500,379000,370500,375000,36004
2014-09-02,373000,378500,370000,375500,22437
2014-09-03,374000,388000,374000,384500,46591
2014-09-04,388500,399500,388000,398500,75612
2014-09-05,396500,400000,394000,394500,45640
2014-09-11,394500,399500,391000,392000,34714
2014-09-12,394000,398000,382000,384500,33358
2014-09-15,380000,390000,375500,387500,33683
2014-09-16,387500,393000,381000,386000,34567
2014-09-17,386000,398000,384000,398000,39514
2014-09-18,394000,399000,387500,398000,31786
2014-09-19,399000,402000,389000,390000,40793
2014-09-22,394000,395500,388000,395500,27254
2014-09-23,395500,404500,393000,396500,63343
2014-09-24,399000,404500,396500,398500,42992
2014-09-25,402000,402500,397500,399500,33795
2014-09-26,399500,400500,390500,394500,19865
2014-09-29,391000,394000,384000,389000,46699
2014-09-30,391500,395000,380500,387500,42518
2014-10-01,385500,387500,375000,378000,60800
2014-10-02,378000,386500,367500,384500,68597
2014-10-06,388500,390500,377000,381000,46336
2014-10-07,381000,383000,369000,380500,44576
2014-10-08,381000,391000,379500,383000,68627
2014-10-10,390000,392500,379000,385500,51065
2014-10-13,380000,388000,370000,375500,48005
2014-10-14,378500,378500,371000,373000,33852
2014-10-15,378000,389500,376000,384000,68724
2014-10-16,383000,407500,381500,394500,83085
2014-10-17,399000,401000,392000,394000,43008
2014-10-20,391000,399500,391000,398500,23361
2014-10-21,400000,407000,391500,406500,50151
2014-10-22,410000,419000,408000,416500,64373
2014-10-23,413500,418500,412500,413500,20187
2014-10-24,413000,415500,400500,407500,27630
2014-10-27,409000,414000,396500,399000,31040
2014-10-28,397000,406000,396500,402500,32579
2014-10-29,404000,409000,400000,402000,24629
2014-10-30,400500,404000,388500,403500,45876
2014-10-31,398000,400000,380500,391000,74531
2014-11-03,387000,396500,381000,382500,66357
2014-11-04,385000,388500,375000,376000,76368
2014-11-05,376500,392500,376000,388500,47288
2014-11-06,387000,388500,359000,373500,138085
2014-11-07,368000,370500,345500,353000,197692
2014-11-10,353000,357000,341000,346500,95680
2014-11-11,347500,356000,344000,346500,78258
2014-11-12,349500,355000,343500,348000,88627
2014-11-13,348500,361500,348000,360500,73875
2014-11-14,360500,360500,341000,345000,71788
2014-11-17,341000,344500,331500,341500,58661
2014-11-18,341500,354000,341000,348000,72732
2014-11-19,352500,355500,344000,347000,46780
2014-11-20,348000,349500,335000,339000,48606
2014-11-21,343000,346000,339000,346000,40795
2014-11-24,347000,350000,335500,339500,53009
2014-11-25,339000,344000,334500,343000,34742
2014-11-26,340500,351000,340500,346500,31277
2014-11-27,346000,348500,342500,347000,22735
2014-11-28,344500,353500,344500,353000,44132
2014-12-01,351000,355000,338000,343000,42005
2014-12-02,340000,344500,338500,344000,34288
2014-12-03,340000,345000,335500,344000,51603
2014-12-04,341500,344000,337000,339500,59485
2014-12-05,339500,341000,336500,339000,36221
2014-12-08,337000,339000,318500,322000,142527
2014-12-09,322000,333000,319500,325000,69360
2014-12-10,327500,330000,319500,325500,40644
2014-12-11,322000,327000,320000,320500,41915
2014-12-12,322500,324000,306500,313000,76719
2014-12-15,310000,324000,307000,322000,39955
2014-12-16,322000,322500,314500,320500,40107
2014-12-17,320500,327000,317500,321000,44412
2014-12-18,322500,327500,319000,324500,33226
2014-12-19,327000,329500,319000,321000,37977
2014-12-22,320000,321000,312000,315000,40202
2014-12-23,316000,316000,313000,314500,21353
2014-12-24,314000,316000,310000,312500,31252
2014-12-26,310500,319500,310500,317000,37327
2014-12-29,315500,315500,312000,313000,22228
2014-12-30,312000,314000,302000,306500,45650
2015-01-02,305000,309000,300500,303000,38894
2015-01-05,302500,318500,301000,315500,59258
2015-01-06,313500,327000,311000,321000,75625
2015-01-07,322500,323000,312500,320000,44558
2015-01-08,316000,325500,314000,323000,57174
2015-01-09,324000,337500,320500,331500,77422
2015-01-12,332000,343500,331500,335500,64694
2015-01-13,335000,342000,333000,336000,40966
2015-01-14,337000,343500,332500,336500,62417
2015-01-15,335000,351500,335000,347000,83215
2015-01-16,343500,351000,341000,343000,41227
2015-01-19,346500,346500,339000,342000,27004
2015-01-20,342500,358000,340500,351000,60063
2015-01-21,357500,359500,351500,354000,53737
2015-01-22,356000,357500,350000,357500,43968
2015-01-23,354000,360000,350000,358000,45443
2015-01-26,354500,363000,351000,357000,30618
2015-01-27,362000,363000,353000,363000,40541
2015-01-28,360500,363000,355000,357000,46869
2015-01-29,356000,361000,351000,353500,41938
2015-01-30,351500,357500,346500,352000,53598
2015-02-02,349000,354500,349000,354000,26605
2015-02-03,351500,363000,351500,359500,57600
2015-02-04,359500,375500,354500,369500,113343
2015-02-05,367000,374000,361000,371500,59096
2015-02-06,371500,386000,370500,373500,68443
2015-02-09,376000,385000,373000,381000,70598
2015-02-10,384500,384500,370500,375000,48805
2015-02-11,378000,383500,370500,372500,36216
2015-02-12,369500,374000,363000,364000,36052
2015-02-13,365000,369000,362500,367000,32891
2015-02-16,364000,366500,355000,357500,47188
2015-02-17,359000,365500,358000,360000,25664
2015-02-23,357500,363500,355000,358000,30425
2015-02-24,354500,357000,353000,355000,34969
2015-02-25,357000,368500,356500,363000,32602
2015-02-26,360500,362500,347000,349500,62116
2015-02-27,350000,358500,348000,357500,40602
2015-03-02,357500,358500,351000,351000,36135
2015-03-03,350000,351000,345000,348000,36842
2015-03-04,351500,352000,347000,349500,37820
2015-03-05,347500,348500,340500,346500,82067
2015-03-06,347000,351000,343500,345000,28299
2015-03-09,342000,346500,335500,339500,41213
2015-03-10,341500,343000,333000,334000,43250
2015-03-11,330500,333000,321500,321500,71600
2015-03-12,324000,337000,321500,331000,66971
2015-03-13,335500,338500,331500,332500,25130
2015-03-16,328000,348000,328000,343500,68873
2015-03-17,346500,347000,339000,345000,45928
2015-03-18,346500,362500,342500,358500,100562
2015-03-19,364000,370000,360500,369000,61805
2015-03-20,364000,373000,362500,366500,44057
2015-03-23,365500,367000,356000,360500,30575
2015-03-24,358000,378000,357500,372500,59049
2015-03-25,376000,393000,373500,389000,89813
2015-03-26,388500,392000,373500,389500,81301
2015-03-27,389500,390500,382500,385000,29780
2015-03-30,383000,392000,383000,386500,29631
2015-03-31,386500,389500,375000,378000,54663
2015-04-01,375500,383500,372000,372000,42223
2015-04-02,373500,388500,373500,387000,56599
2015-04-03,390000,398000,388000,391000,31151
2015-04-06,395000,399000,390500,391500,27418
2015-04-07,391500,395000,389500,394500,27672
2015-04-08,390000,393000,382000,388500,40681
2015-04-09,385500,391000,383000,383500,21527
2015-04-10,384000,392500,383500,392500,35379
2015-04-13,392000,393000,381500,383000,49765
2015-04-14,383000,387000,379500,384000,41566
2015-04-15,384500,407500,384000,396500,119227
2015-04-16,401000,415500,398500,402000,75015
2015-04-17,403000,420000,402000,408500,72621
2015-04-20,407500,423000,405000,414500,86393
2015-04-21,413000,418500,412000,416500,40706
2015-04-22,413000,414500,403500,410000,58364
2015-04-23,406500,420000,400500,419500,51885
2015-04-24,417000,430000,401000,407000,61989
2015-04-27,411500,416000,407500,415000,35900
2015-04-28,416000,418000,408000,409000,26485
2015-04-29,412500,415000,403000,408500,27655
2015-04-30,406000,425000,406000,418500,69254
2015-05-04,418500,427500,414000,421000,35022
2015-05-06,418000,426000,413000,421500,31190
2015-05-07,418000,434000,405000,419000,77887
2015-05-08,422000,445500,418500,443500,110004
2015-05-11,445000,469500,444500,455500,64280
2015-05-12,452000,457000,445000,451500,37810
2015-05-13,449500,456500,446000,450500,30609
2015-05-14,453000,454000,440500,447000,41340
2015-05-15,449000,451000,440000,443500,33971
2015-05-18,443500,450500,440000,447000,37232
2015-05-19,448000,455000,443500,445000,44781
2015-05-20,445000,453000,444000,447500,43723
2015-05-21,448000,460500,446000,458500,47131
2015-05-22,461500,464000,436000,444500,80727
2015-05-26,445000,445500,420000,425500,92660
2015-05-27,421000,424500,407500,424500,81908
2015-05-28,420000,426500,418500,418500,32993
2015-05-29,415000,423000,410000,410000,56305
2015-06-01,412500,421500,404000,420500,49794
2015-06-02,421000,423500,400500,404000,77343
2015-06-03,404000,409500,399500,406000,52018
2015-06-04,398500,402000,390500,395500,71777
2015-06-05,392000,404000,392000,402000,43194
2015-06-08,403000,405000,395000,403000,36426
2015-06-09,399000,415500,399000,408500,48003
2015-06-10,414000,414000,395500,398000,61087
2015-06-11,402000,402500,392000,395500,36391
2015-06-12,397500,406500,394500,401500,52707
2015-06-15,401500,405000,396500,404000,51160
2015-06-16,404000,405000,394000,402000,56857
2015-06-17,402000,412000,397000,412000,66576
2015-06-18,412000,422000,408000,421000,58144
2015-06-19,423500,430500,421000,425000,73717
2015-06-22,428000,430500,416500,420500,53660
2015-06-23,420500,428000,419000,426000,32132
2015-06-24,425500,430000,413500,417000,52166
2015-06-25,415500,444000,414500,441000,75101
2015-06-26,441000,445500,432000,443500,46226
2015-06-29,435000,439500,431000,433000,43508
2015-06-30,433000,441500,426000,441000,44495
2015-07-01,441000,441000,403000,406500,214977
2015-07-02,411500,417500,406500,416000,96992
2015-07-03,415500,416000,405000,405500,45286
2015-07-06,402000,410000,395500,395500,46492
2015-07-07,398000,406500,392500,396500,45974
2015-07-08,397500,404000,394000,402500,53376
2015-07-09,402500,405000,391000,399500,44430
2015-07-10,403500,410500,403000,410500,29306
2015-07-13,406000,415000,406000,413000,27335
2015-07-14,415000,436000,413500,434000,67069
2015-07-15,436500,445000,435000,441000,68538
2015-07-16,443000,444000,436000,439000,33681
2015-07-17,439000,444500,430000,430000,34701
2015-07-20,429000,441000,429000,440000,26363
2015-07-21,438500,443000,427000,436500,38894
2015-07-22,432000,436000,426500,432000,32444
2015-07-23,436000,436500,423500,430000,51449
2015-07-24,433500,433500,422000,431500,32725
2015-07-27,425000,427500,414000,420500,55488
2015-07-28,414000,423500,407000,417500,42161
2015-07-29,412500,417500,411000,416500,33356
2015-07-30,418000,421000,406000,409000,55479
2015-07-31,409500,413500,401000,411000,45165
2015-08-03,410000,419500,409500,414000,30278
2015-08-04,418500,419500,396500,400000,103216
2015-08-05,402000,415000,400500,410000,72217
2015-08-06,413500,433000,413500,420000,82622
2015-08-07,422000,435500,416500,432500,68050
2015-08-10,435000,452500,433000,446500,72640
2015-08-11,450000,456500,425500,429500,83329
2015-08-12,420000,426000,387000,403000,146821
2015-08-13,403500,415500,400000,410000,55921
2015-08-17,412000,414000,406000,411500,38120
2015-08-18,410000,413500,395000,399500,57531
2015-08-19,398000,398000,372000,391500,67143
2015-08-20,384000,395000,381500,390500,52556
2015-08-21,378000,394500,375000,391000,50984
2015-08-24,391000,391000,372000,375000,57652
2015-08-25,379500,380000,363000,372000,54524
2015-08-26,370000,393500,370000,390000,52989
2015-08-27,387000,405500,382500,393000,70999
2015-08-28,401500,402500,390500,398500,46168
2015-08-31,396000,402000,391500,393000,38537
2015-09-01,389500,394500,385000,386500,26386
2015-09-02,378500,392000,378500,387000,23458
2015-09-03,388500,392500,380000,382000,25063
2015-09-04,375000,385000,360500,372000,59645
2015-09-07,373000,373000,363500,363500,28181
2015-09-08,365000,369000,355000,362000,36124
2015-09-09,365500,384500,365500,376000,64356
2015-09-10,373000,382000,370500,382000,30392
2015-09-11,377000,378000,373500,376000,19696
2015-09-14,376500,380000,367500,373500,23791
2015-09-15,373000,373000,366500,371500,20136
2015-09-16,373500,378500,371500,375500,27519
2015-09-17,380000,381000,372000,377000,32319
2015-09-18,378000,399000,378000,393500,98376
2015-09-21,391000,391500,380000,384500,30023
2015-09-22,385000,389000,383000,386000,24606
2015-09-23,381500,382500,371000,372000,47521
2015-09-24,375500,381000,370000,375500,27586
2015-09-25,376000,376000,366500,371500,24260
2015-09-30,362000,380500,361500,380500,37007
2015-10-01,374500,386000,372500,384000,25631
2015-10-02,384000,386500,371000,374000,32576
2015-10-05,376500,393000,375000,391500,50582
2015-10-06,395000,406500,394000,404000,69467
2015-10-07,401000,403000,384500,386500,48779
2015-10-08,389500,390000,379000,385000,45400
2015-10-12,383500,392500,378500,391500,47522
2015-10-13,393000,395500,386500,394000,37463
2015-10-14,394000,394000,379000,381000,58241
2015-10-15,379500,382000,375500,376000,49159
2015-10-16,379000,385500,377000,384000,44029
2015-10-19,384000,385000,379000,383500,26850
2015-10-20,381000,381500,370500,374500,70281
2015-10-21,374500,376000,367500,370500,56374
2015-10-22,368500,369000,356000,359000,109085
2015-10-23,363000,365000,357500,361500,67520
2015-10-26,364500,367500,358500,367000,44688
2015-10-27,365000,368000,360500,367500,29762
2015-10-28,367500,372000,362500,371000,37737
2015-10-29,367500,368500,357000,360500,48094
2015-10-30,360000,360500,345500,350000,86792
2015-11-02,349000,358000,348500,354500,29260
2015-11-03,355500,359500,355500,358500,33113
2015-11-04,358000,363000,353500,360000,28165
2015-11-05,361000,361000,352000,355000,38015
2015-11-06,355000,368000,351500,362000,60363
2015-11-09,360000,361500,340000,345000,73918
2015-11-10,345000,345500,333500,336500,61340
2015-11-11,333500,341000,333000,339500,39030
2015-11-12,337000,338000,330000,334500,39281
2015-11-13,330500,339500,328500,338000,30323
2015-11-16,332000,336000,331000,334000,28062
2015-11-17,335000,346000,334000,343500,33044
2015-11-18,343500,343500,335000,338000,24993
2015-11-19,340000,351500,338500,348000,38408
2015-11-20,348000,349000,342000,348000,23652
2015-11-23,349000,349000,343000,348000,20315
2015-11-24,346000,358500,345500,352500,35751
2015-11-25,353000,365000,353000,358500,47655
2015-11-26,357000,367000,357000,363500,38167
2015-11-27,367000,367500,359500,361000,33755
2015-11-30,359500,364000,357500,360500,46492
2015-12-01,364500,370000,362000,368500,28514
2015-12-02,365500,369000,360000,361000,35285
2015-12-03,357500,361000,352500,359500,27548
2015-12-04,357500,358000,351500,354000,26117
2015-12-07,355500,358500,351000,353500,18482
2015-12-08,351000,354000,347000,349500,38096
2015-12-09,349500,358000,347000,348500,28682
2015-12-10,347500,352500,346000,348500,24316
2015-12-11,348500,353000,347000,351500,28527
2015-12-14,347000,348000,341000,344000,30926
2015-12-15,347000,347000,338000,341000,27386
2015-12-16,342500,351000,342000,348500,35573
2015-12-17,352500,363500,351500,360000,50880
2015-12-18,360000,362500,352500,359000,30782
2015-12-21,362500,371000,360500,366000,29701
2015-12-22,369000,370000,362500,364500,15122
2015-12-23,363000,371500,362500,366000,24791
2015-12-24,366500,369000,361500,363000,24297
2015-12-28,368500,377000,366500,374500,64366
2015-12-29,371000,383500,371000,383000,53933
2015-12-30,383000,383000,375000,377500,32965
2016-01-04,375000,377500,369000,371000,31318
2016-01-05,366000,376000,362000,371000,63870
2016-01-06,371000,385000,369000,384000,64290
2016-01-07,383000,394500,383000,388000,71632
2016-01-08,385500,393500,376000,390500,50029
2016-01-11,386500,396500,386500,391500,46899
2016-01-12,392000,401000,388500,396500,70410
2016-01-13,402000,426000,400500,422500,140103
2016-01-14,417500,428000,412000,421000,91786
2016-01-15,424500,424500,406500,409500,61341
2016-01-18,404500,420500,402000,417000,48141
2016-01-19,420000,427500,415500,416500,51557
2016-01-20,418000,429500,405500,415500,68099
2016-01-21,420500,422000,411500,417000,32845
2016-01-22,420500,421000,409500,413500,36777
2016-01-25,421000,422000,408000,410000,55390
2016-01-26,411000,418500,404000,412500,39421
2016-01-27,418500,418500,398000,400500,78787
2016-01-28,400500,410000,398500,403500,42828
2016-01-29,403500,412000,400000,411500,61955
2016-02-01,409500,422000,406500,412500,40923
2016-02-02,410000,413000,402000,409000,46808
2016-02-03,404000,408000,400000,405000,42836
2016-02-04,405000,405000,394500,399500,72320
2016-02-05,385000,387000,369000,374500,226425
2016-02-11,365500,374000,361000,368000,79769
2016-02-12,364000,366500,350000,356000,86421
2016-02-15,356000,360500,354500,355500,45563
2016-02-16,355500,368000,355500,364000,51575
2016-02-17,360500,366000,350500,355000,67557
2016-02-18,361500,361500,350000,354000,83462
2016-02-19,354000,369000,352500,365500,59666
2016-02-22,363000,368000,362000,365000,34423
2016-02-23,367000,368500,360500,364500,39360
2016-02-24,366500,369000,363000,365500,28411
2016-02-25,367000,368500,356500,359500,52493
2016-02-26,361500,362000,357500,360500,29215
2016-02-29,360500,367500,358000,362000,46901
2016-03-02,366500,367500,356500,362500,74424
2016-03-03,363000,363000,355500,362000,41863
2016-03-04,361500,362500,356000,357000,55906
2016-03-07,358000,368500,357500,361500,72815
2016-03-08,361500,367500,359500,366000,51233
2016-03-09,366000,382000,365000,381000,87007
2016-03-10,380000,382500,374000,382500,53005
2016-03-11,382500,383000,374500,377500,38213
2016-03-14,377500,382000,374500,376000,35568
2016-03-15,377500,381000,374000,379500,21811
2016-03-16,381500,383000,373000,377000,30434
2016-03-17,378500,383500,376000,377000,46508
2016-03-18,377500,390000,377000,388000,74870
2016-03-21,387000,390000,373000,374500,79692
2016-03-22,375500,377500,364500,367000,67901
2016-03-23,368500,370500,366000,368500,36099
2016-03-24,366000,367000,357500,360500,79370
2016-03-25,358500,361500,356000,359000,37239
2016-03-28,359000,362000,355500,357000,43463
2016-03-29,355000,356500,342000,352500,116370
2016-03-30,350500,353500,348000,353000,61119
2016-03-31,353000,353000,342500,347500,81477
2016-04-01,350000,350000,343500,345500,46797
2016-04-04,343500,345000,340000,341500,60300
2016-04-05,342000,349500,341500,345500,39731
2016-04-06,347500,361500,343000,361500,91499
2016-04-07,359000,361500,352500,360500,49719
2016-04-08,354500,357500,351500,357500,41557
2016-04-11,358000,361000,356000,357500,26657
2016-04-12,358000,359500,353000,358000,20300
2016-04-14,358500,361000,351500,357000,59125
2016-04-15,354500,364500,354500,361500,38793
2016-04-18,357500,368500,356500,368000,43209
2016-04-19,365500,368000,359000,365000,54353
2016-04-20,364500,367000,362000,365500,25255
2016-04-21,365500,369500,363500,369500,31301
2016-04-22,369000,372500,365500,371000,27194
2016-04-25,367500,372000,363500,370000,26546
2016-04-26,368500,373000,367000,373000,23347
2016-04-27,372000,374500,369000,374000,26419
2016-04-28,375000,384500,371500,378000,64063
2016-04-29,378000,380000,372000,380000,27494
2016-05-02,380000,380000,372000,375000,30413
2016-05-03,372500,378500,372500,376000,26194
2016-05-04,372000,379000,370500,379000,38507
2016-05-09,375000,380000,373000,380000,47593
2016-05-10,380000,395500,378000,387000,91444
2016-05-11,390000,400000,387000,397500,84063
2016-05-12,396000,397000,390000,393500,51793
2016-05-13,395000,400000,391500,399500,44869
2016-05-16,396000,399000,392500,398000,31036
2016-05-17,398000,399500,393500,399500,33468
2016-05-18,396000,398000,386500,389500,43110
2016-05-19,386500,392000,384000,389500,35633
2016-05-20,387000,396500,384500,391500,28620
2016-05-23,391500,394000,385500,387500,24107
2016-05-24,382000,383500,372000,382000,112510
2016-05-25,384000,393500,381500,391000,53913
2016-05-26,387000,394000,383500,387500,22729
2016-05-27,390000,390000,383000,385500,18509
2016-05-30,384000,387500,379500,386500,22031
2016-05-31,383500,386000,381000,382500,51998
2016-06-01,382000,387500,381000,384000,24388
2016-06-02,383000,384500,378500,380000,30266
2016-06-03,380000,382500,377500,380000,20906
2016-06-07,382500,383000,376500,379000,37338
2016-06-08,378500,385000,376500,383500,34222
2016-06-09,380500,382500,377500,378000,50016
2016-06-10,378000,381500,376500,380500,23628
2016-06-13,380000,380500,370500,373000,28797
2016-06-14,372500,374500,363500,367000,48692
2016-06-15,362500,366000,362500,364500,27792
2016-06-16,364500,367000,359000,361500,30195
2016-06-17,363000,368000,361500,365000,25758
2016-06-20,370000,380500,364000,379000,61066
2016-06-21,381000,393000,375500,381500,78241
2016-06-22,380500,394000,380000,391000,60622
2016-06-23,390500,394500,385500,390000,39885
2016-06-24,386000,398000,373500,385000,91367
2016-06-27,381000,391000,375000,391000,37785
2016-06-28,384500,393000,384500,391000,29445
2016-06-29,392000,398000,389000,392000,32762
2016-06-30,393000,394500,385000,388500,30734
2016-07-01,387500,392000,385500,386500,23880
2016-07-04,384500,391500,381000,389500,30358
2016-07-05,389500,393000,386500,389500,14990
2016-07-06,391000,394500,383500,391000,37130
2016-07-07,391500,392000,384500,386000,27933
2016-07-08,385000,388500,382500,386500,24431
2016-07-11,391000,391500,384000,390500,23592
2016-07-12,391000,405000,388000,402000,74088
2016-07-13,400000,404500,398000,403000,43059
2016-07-14,403500,406500,397500,406500,36022
2016-07-15,404000,405000,395000,399000,47108
2016-07-18,397000,401500,391500,396000,28305
2016-07-19,397000,397000,391500,396000,27404
2016-07-20,396000,400000,391000,399000,28623
2016-07-21,398000,406000,396000,402500,44473
2016-07-22,402500,402500,395500,400000,22107
2016-07-25,399000,404000,394000,397500,31029
2016-07-26,396000,397500,391000,394500,32005
2016-07-27,396500,398500,392500,395000,20713
2016-07-28,393000,396000,386500,392500,34514
2016-07-29,386500,394000,386500,393500,32999
2016-08-01,394000,395500,381000,387000,56835
2016-08-02,384500,386500,383000,384500,29832
2016-08-03,381500,384500,378000,378500,21304
2016-08-04,378500,382000,371500,376500,52723
2016-08-05,373500,380500,372000,380500,30880
2016-08-08,387500,397000,385500,393500,100167
2016-08-09,395000,398500,392500,395500,29368
2016-08-10,396500,408000,392000,405500,67371
2016-08-11,405500,416000,400000,406500,58002
2016-08-12,403000,410000,397000,398500,37756
2016-08-16,398500,406500,398500,403000,23345
2016-08-17,401000,403000,393000,399500,35522
2016-08-18,396500,398500,393000,394500,24665
2016-08-19,392500,394500,382500,385500,52727
2016-08-22,384500,386000,381000,383500,23596
2016-08-23,382500,387000,380500,383000,28214
2016-08-24,381500,385500,380000,384000,28619
2016-08-25,384000,387000,377000,380000,38481
2016-08-26,381000,386500,378000,385000,25489
2016-08-29,384000,390000,380500,387500,35214
2016-08-30,389500,391500,381000,383500,25657
2016-08-31,384000,389500,381000,389500,36699
2016-09-01,386000,393500,384000,391500,38641
2016-09-02,392500,392500,384000,385000,32225
2016-09-05,386500,388000,381000,385500,55524
2016-09-06,386500,386500,382500,385000,49263
2016-09-07,384000,384500,367000,370000,191289
2016-09-08,370000,373000,365000,371500,46195
2016-09-09,371500,371500,365000,370000,32438
2016-09-12,366500,368000,364000,367000,28049
2016-09-13,366500,368500,360500,366500,40241
2016-09-19,362500,371000,362500,366000,32778
2016-09-20,364000,369500,364000,365000,22048
2016-09-21,364500,371500,363000,369500,29466
2016-09-22,371000,376000,371000,374500,28606
2016-09-23,378000,378000,373000,377500,26064
2016-09-26,377500,377500,369000,371000,37080
2016-09-27,370000,373500,366500,371500,34653
2016-09-28,373000,376500,368500,370500,32649
2016-09-29,369500,375500,366000,367500,44297
2016-09-30,368000,369000,362000,363000,45297
2016-10-04,366500,368000,364000,367500,31509
2016-10-05,363500,367500,360000,362500,42721
2016-10-06,360500,362500,355000,356000,56171
2016-10-07,356000,356500,349000,354000,57829
2016-10-10,357000,360000,354000,356000,32017
2016-10-11,358500,358500,348500,352500,62087
2016-10-12,352500,356000,351000,356000,36257
2016-10-13,355500,356000,348000,350000,45608
2016-10-14,350000,350500,343000,347000,38131
2016-10-17,351500,352500,347000,349500,32153
2016-10-18,351500,362500,349000,361500,58391
2016-10-19,360500,361000,355000,356500,24894
2016-10-20,361000,366000,360000,363000,44390
2016-10-21,361500,364000,357000,362000,28199
2016-10-24,363500,369000,362000,363500,38752
2016-10-25,364000,364000,355000,357500,39221
2016-10-26,357500,358000,350500,358000,37654
2016-10-27,357500,358500,352500,356500,26060
2016-10-28,353500,358500,353000,357500,21710
2016-10-31,353000,356500,346000,349500,34646
2016-11-01,348000,351000,339000,344000,50657
2016-11-02,343000,343000,335000,338500,43955
2016-11-03,343000,365000,342500,362000,92023
2016-11-04,364500,365000,357500,364500,37444
2016-11-07,367000,367000,360000,364000,23741
2016-11-08,367500,374000,364000,371500,51772
2016-11-09,373000,375000,356000,365500,78104
2016-11-10,367000,374500,367000,373500,61525
2016-11-11,369000,373500,365000,368000,35002
2016-11-14,368000,372000,367000,368000,30731
2016-11-15,371500,373500,365500,370000,44392
2016-11-16,379000,382500,374500,374500,61537
2016-11-17,375000,380000,370500,378000,35421
2016-11-18,380000,384000,375000,380000,58940
2016-11-21,380000,380000,369500,371500,28615
2016-11-22,373500,376500,371500,372500,22170
2016-11-23,370000,374500,366500,368500,25167
2016-11-24,370000,371500,365000,365000,17789
2016-11-25,368000,370000,365000,367500,13796
2016-11-28,365000,366500,360500,365500,16222
2016-11-29,368000,387500,366500,381500,83067
2016-11-30,383000,387500,380000,384000,69468
2016-12-01,379500,389500,374500,388000,46693
2016-12-02,384500,388000,376500,377500,37787
2016-12-05,376500,381500,374500,381000,21912
2016-12-06,385000,386000,380000,381500,20726
2016-12-07,381500,384000,377000,383000,22773
2016-12-08,383500,390500,381000,390500,38043
2016-12-09,386000,388000,378500,383000,33077
2016-12-12,385500,385500,380000,384000,22646
2016-12-13,384000,385500,379000,384000,26259
2016-12-14,381500,384000,377000,380500,27889
2016-12-15,377000,382000,376000,382000,24629
2016-12-16,380000,383000,378500,383000,25806
2016-12-19,383000,383000,376000,376500,18464
2016-12-20,376500,379000,373500,375000,20957
2016-12-21,375000,375000,367000,367500,40972
2016-12-22,367000,368000,364000,367000,27647
2016-12-23,367000,369000,363000,365000,27191
2016-12-26,365500,367000,357500,358500,44000
2016-12-27,358000,359500,354000,358000,30892
2016-12-28,352500,361000,352500,356000,32460
2016-12-29,357000,358000,351500,357500,27337
2017-01-02,359000,363000,355000,359000,23782
2017-01-03,359000,359000,351000,351500,48616
2017-01-04,351500,353500,350500,350500,42540
2017-01-05,353000,362000,351500,360000,62213
2017-01-06,360000,363500,358500,361000,24623
2017-01-09,359500,360000,354500,357000,21570
2017-01-10,354000,356000,350500,352500,30336
2017-01-11,352000,355000,350000,351500,46269
2017-01-12,355000,359000,353500,357500,36379
2017-01-13,356000,364500,355500,360500,36442
2017-01-16,360000,360500,355000,356500,27325
2017-01-17,356000,357000,351000,351000,40554
2017-01-18,352000,359500,352000,358000,33098
2017-01-19,356000,359000,353000,354000,26308
2017-01-20,355000,360500,354000,355000,20703
2017-01-23,358000,359500,354500,356000,26351
2017-01-24,356000,357000,353500,356000,14130
2017-01-25,357500,357500,346000,348000,63874
2017-01-26,348000,350000,344500,348500,19978
2017-01-31,348500,356500,347500,354500,30019
2017-02-01,356500,358000,350000,355500,35052
2017-02-02,354500,361000,353000,358500,48290
2017-02-03,360500,363500,351500,356000,44455
2017-02-06,359500,371000,358000,371000,92238
2017-02-07,369000,370000,362500,364000,51914
2017-02-08,363000,364000,351500,357000,57045
2017-02-09,353000,356000,352000,352500,41721
2017-02-10,359000,370500,358000,370500,78725
2017-02-13,369500,372500,366500,372000,34232
2017-02-14,371000,372000,362000,363000,53865
2017-02-15,363000,364500,357000,357500,63395
2017-02-16,360000,360500,355500,356000,29373
2017-02-17,356000,359500,354500,357000,21890
2017-02-20,355500,370500,354000,370000,73822
2017-02-21,370500,374500,364000,366000,63300
2017-02-22,365500,365500,357000,357500,69826
2017-02-23,359500,363500,358000,362000,38559
2017-02-24,362000,364500,360500,364500,28700
2017-02-27,364500,365500,359000,363500,31398
2017-02-28,363500,364500,360000,364500,25471
2017-03-02,366000,366000,358000,360000,63899
2017-03-03,359500,360500,355000,355000,29858
2017-03-06,353000,353500,347000,351000,48354
2017-03-07,354000,355000,350500,353000,27421
2017-03-08,351000,354000,349500,350500,28751
2017-03-09,350500,353000,349000,349000,23201
2017-03-10,349500,353000,349000,349000,24072
2017-03-13,350000,355000,349500,353500,26073
2017-03-14,352500,357000,352000,353000,29360
2017-03-15,352000,353500,346000,347500,39067
2017-03-16,351500,352500,340500,345000,61090
2017-03-17,345000,351000,343500,351000,26672
2017-03-20,350500,351000,346000,346500,21137
2017-03-21,349000,351000,346500,347000,26566
2017-03-22,347000,350500,345000,347000,23901
2017-03-23,348000,353000,344500,349000,48171
2017-03-24,349500,355500,349000,352500,43363
2017-03-27,355000,358000,352500,356000,58560
2017-03-28,355500,358500,354000,357500,38867
2017-03-29,358000,358000,352500,353500,21829
2017-03-30,354500,358500,352500,358000,35705
2017-03-31,356000,358000,351500,353000,41618
2017-04-03,352500,356500,352000,353500,34038
2017-04-04,353000,357500,351500,356500,25979
2017-04-05,354000,358000,352500,355000,31776
2017-04-06,355500,355500,347000,348000,40320
2017-04-07,348000,349500,344500,346000,40675
2017-04-10,346000,347000,342000,342000,26619
2017-04-11,341500,343500,337000,339000,34884
2017-04-12,339000,340000,334500,335000,37782
2017-04-13,337000,342000,335000,340500,44070
2017-04-14,338500,344500,338500,342000,20216
2017-04-17,341000,344000,338500,340000,37530
2017-04-18,342000,342500,338500,342000,32853
2017-04-19,344500,344500,340000,342000,28547
2017-04-20,341500,351000,340000,350500,64362
2017-04-21,349500,350500,346000,348500,33041
2017-04-24,349500,349500,344500,346000,22101
2017-04-25,345000,347000,343000,344000,32839
2017-04-26,345000,348000,344000,345500,22248
2017-04-27,347500,349500,342500,344500,30545
2017-04-28,341500,343500,339500,341000,31406
2017-05-02,341000,343000,338000,342000,25082
2017-05-04,340000,344000,340000,343500,30420
2017-05-08,346500,354500,346000,354500,76283
2017-05-10,354000,360000,353000,354000,61475
2017-05-11,358500,358500,351500,358500,40038
2017-05-12,356500,359500,352000,358000,75598
2017-05-15,358000,358000,352000,354000,41926
2017-05-16,354500,356500,351000,354500,32924
2017-05-17,353500,355500,351000,353500,32196
2017-05-18,351500,357000,350500,355000,48281
2017-05-19,355000,363500,355000,362500,62164
2017-05-22,365500,367000,364000,366500,49125
2017-05-23,368500,375000,365000,370500,83774
2017-05-24,371000,375500,369000,374000,58563
2017-05-25,375000,376000,370500,375500,36406
2017-05-26,373000,380500,373000,380000,50929
2017-05-29,380000,384500,378000,381500,41448
2017-05-30,381500,384000,377000,378000,40848
2017-05-31,380000,384000,379500,381500,55675
2017-06-01,380500,382500,377000,381000,29768
2017-06-02,381000,385500,378500,384000,44508
2017-06-05,385000,387500,380500,387000,38394
2017-06-07,384500,389000,381500,383500,30297
2017-06-08,382000,386000,378500,386000,52918
2017-06-09,385000,385000,378500,380000,57168
2017-06-12,377500,378000,372000,373500,38348
2017-06-13,381500,385500,374000,378000,62182
2017-06-14,378000,385000,378000,384500,47338
2017-06-15,381000,383500,377500,380000,34238
2017-06-16,381500,381500,374000,379500,46934
2017-06-19,376500,381500,372500,374000,41472
2017-06-20,372000,375000,368000,371000,50804
2017-06-21,367000,373000,360500,373000,46429
2017-06-22,370000,373500,366000,373500,33528
2017-06-23,376000,377000,369000,370500,35982
2017-06-26,372500,372500,365000,367500,28493
2017-06-27,364500,367000,362000,365500,30636
2017-06-28,364500,364500,359000,363000,39800
2017-06-29,364500,364500,359500,361500,37265
2017-06-30,360500,362500,359000,361500,30097
2017-07-03,362000,365000,360000,361500,27429
2017-07-04,361500,363500,358000,358500,28430
2017-07-05,357500,359500,353500,354500,38771
2017-07-06,354000,360000,354000,360000,29849
2017-07-07,360000,360000,354500,357000,31438
2017-07-10,357000,357000,351500,352500,29975
2017-07-11,352500,353500,349000,350500,35861
2017-07-12,353000,356000,353000,355500,33662
2017-07-13,357000,357000,352000,355000,41740
2017-07-14,357000,357000,351000,356000,24030
2017-07-17,357000,358500,354000,355500,22566
2017-07-18,356000,356500,351500,352500,27646
2017-07-19,354000,355500,351500,355000,32032
2017-07-20,354000,355500,352000,353500,18860
2017-07-21,354500,357000,353000,355000,24607
2017-07-24,357000,364000,355000,362500,43927
2017-07-25,363000,367000,362000,366500,41631
2017-07-26,368000,369000,364500,366000,22675
2017-07-27,366000,369500,362500,368500,20656
2017-07-28,366000,372500,366000,367500,38741
2017-07-31,367500,371500,366000,370000,30795
2017-08-01,368500,376000,368500,371500,31048
2017-08-02,372000,372500,366500,367000,21833
2017-08-03,367000,367000,356000,356000,48769
2017-08-04,355000,359500,353500,354000,46646
2017-08-07,352000,367500,351000,357500,86738
2017-08-08,357500,362500,357500,360500,44999
2017-08-09,358500,362000,356000,359000,25178
2017-08-10,359000,364500,355000,356500,42525
2017-08-11,356000,366500,355000,360000,51007
2017-08-14,363000,365000,358000,360000,22565
2017-08-16,359000,361500,356000,360000,34765
2017-08-17,359500,359500,354500,358500,31933
2017-08-18,356000,358000,354000,355000,22846
2017-08-21,354500,356500,352000,353000,18649
2017-08-22,353000,355000,349500,350500,25492
2017-08-23,349500,350500,347500,349500,29850
2017-08-24,349500,354000,349500,352500,18112
2017-08-25,352000,353500,347500,353000,32677
2017-08-28,353000,360000,352000,359000,32042
2017-08-29,360000,360000,354500,358000,22107
2017-08-30,358500,359500,355000,359500,21641
2017-08-31,357000,362500,356000,362500,30789
2017-09-01,360500,362000,353500,354500,32857
2017-09-04,347000,351500,346000,349000,32688
2017-09-05,351000,351000,347000,348500,19030
2017-09-06,352000,352000,346000,346000,17125
2017-09-07,349500,352000,346000,350000,14136
2017-09-08,350000,351000,347000,349500,12174
2017-09-11,352500,353500,350500,352500,16172
2017-09-12,352500,353000,349500,352500,19868
2017-09-13,352500,353000,346500,346500,27612
2017-09-14,347500,348500,345000,345500,37588
2017-09-15,346000,352000,345000,350500,32775
2017-09-18,350000,353000,348000,350500,31247
2017-09-19,349000,351500,348500,350500,11781
2017-09-20,350000,351500,347500,350500,25595
2017-09-21,348500,352000,348000,350000,22316
2017-09-22,352000,358500,350500,355000,50390
2017-09-25,357000,357000,347000,347500,22785
2017-09-26,349500,353500,346500,350000,26089
2017-09-27,349000,353500,347000,353000,23866
2017-09-28,350500,356000,347500,350500,30147
2017-09-29,353500,356000,350500,354500,28949
2017-10-10,356000,363000,355500,358500,44360
2017-10-11,355500,360500,353500,354000,23801
2017-10-12,353000,366500,353000,365000,47302
2017-10-13,365500,369000,363500,367000,28344
2017-10-16,370000,371000,365500,370500,33582
2017-10-17,371000,373000,367000,372000,32603
2017-10-18,370000,376000,369000,374000,26782
2017-10-19,375000,379500,371000,377000,24718
2017-10-20,376500,378000,373000,376500,23114
2017-10-23,373000,376500,369500,370000,25075
2017-10-24,368500,375500,368000,371500,19761
2017-10-25,370000,370000,365000,369000,18283
2017-10-26,367500,374000,365500,372000,23267
2017-10-27,371500,371500,365500,366500,20196
2017-10-30,367500,368000,360000,361000,26308
2017-10-31,362000,366000,360000,366000,19573
2017-11-01,362000,364500,358000,358500,50230
2017-11-02,359000,361000,356000,356500,24340
2017-11-03,359000,373500,359000,373500,57673
2017-11-06,371000,374500,369000,373500,27278
2017-11-07,373000,374500,366000,370500,32072
2017-11-08,367000,374000,365500,372500,54495
2017-11-09,386000,401000,383000,400000,271286
2017-11-10,399000,403000,393500,399500,72668
2017-11-13,398500,403500,387500,391500,84250
2017-11-14,392000,393500,385000,389000,52170
2017-11-15,390000,392500,383000,390000,39873
2017-11-16,392000,396500,387500,396000,56245
2017-11-17,396000,406000,393500,398500,74783
2017-11-20,404500,416500,403000,415000,110912
2017-11-21,412000,417500,411500,416000,43764
2017-11-22,417000,417000,407000,408000,43943
2017-11-23,404000,410000,404000,407000,31561
2017-11-24,410000,417500,408000,409500,29810
2017-11-27,410000,416000,406500,409500,39809
2017-11-28,409500,413500,405500,412500,29140
2017-11-29,410500,414500,403500,404000,30330
2017-11-30,408500,409500,400000,401000,45925
2017-12-01,401000,403500,390000,393000,35984
2017-12-04,396500,401500,392000,395000,43371
2017-12-05,395000,399500,394000,398000,26823
2017-12-06,396000,397500,388000,390500,30231
2017-12-07,390500,393500,387500,389000,26564
2017-12-08,387500,394500,386500,390000,31020
2017-12-11,392500,394000,388000,391500,25502
2017-12-12,389500,393000,385500,390500,25890
2017-12-13,388500,401000,388500,401000,29490
2017-12-14,402000,405500,378500,378500,62211
2017-12-15,392000,401000,392000,401000,45427
2017-12-18,401000,408000,396500,398500,33230
2017-12-19,380000,380000,358500,370500,231869
2017-12-20,368000,373500,365500,366000,74386
2017-12-21,365000,367500,359500,365000,39868
2017-12-22,365000,368500,361500,367000,29576
2017-12-26,369500,370500,363000,368000,40204
2017-12-27,364500,368500,363500,368000,24815
2017-12-28,368000,368500,364000,366000,29754
2018-01-02,367500,372500,364500,371500,37993
2018-01-03,369000,373500,367000,371000,33347
2018-01-04,373000,380000,373000,376500,52979
2018-01-05,377000,378000,367500,370000,40236
2018-01-08,373000,374000,369500,372000,18600
2018-01-09,371000,382000,371000,381500,41836
2018-01-10,383000,390000,382000,385000,46508
2018-01-11,390000,394000,385000,392000,49899
2018-01-12,392000,393500,385000,386500,28708
2018-01-15,386000,389000,378000,378500,31175
2018-01-16,377000,383000,370500,374000,67576
2018-01-17,369500,372000,363000,364500,140803
2018-01-18,364500,365500,359000,361500,102395
2018-01-19,361500,362000,357500,358000,75366
2018-01-22,359500,364500,359500,363500,49979
2018-01-23,364500,368500,362000,364500,69433
2018-01-24,364000,365500,360500,362000,48920
2018-01-25,362000,364000,360000,362000,34847
2018-01-26,362000,368000,362000,366500,52505
2018-01-29,367500,368000,364500,365500,52562
2018-01-30,367000,368000,360000,360500,54677
2018-01-31,361000,361500,352500,358500,47167
2018-02-01,358500,362500,358500,360500,36293
2018-02-02,360000,363500,353000,353000,78936
2018-02-05,352500,352500,347500,349000,52809
2018-02-06,343000,346500,339000,343500,63340
2018-02-07,344000,348500,344000,345000,39664
2018-02-08,345000,346000,338500,339000,66801
2018-02-09,333500,336500,321000,322500,134942
2018-02-12,324000,326500,318500,321000,50907
2018-02-13,322500,327000,322500,323500,52022
2018-02-14,323000,324500,318000,319500,75303
2018-02-19,323000,327000,322000,324500,47854
2018-02-20,323500,325500,322500,325000,31571
2018-02-21,327500,337000,324000,334500,77508
2018-02-22,331000,336500,328000,335500,45615
2018-02-23,336500,354000,332000,353000,116816
2018-02-26,352500,355000,348000,351000,65047
2018-02-27,347500,353000,343000,350500,79328
2018-02-28,345500,348500,336000,338000,85462
2018-03-02,332000,335000,327000,328500,71885
2018-03-05,329500,330000,323000,323500,53882
2018-03-06,325000,327500,320000,322500,53231
2018-03-07,323000,328500,320000,322500,53321
2018-03-08,325000,327500,321000,327000,56154
2018-03-09,328000,337500,326000,333000,68920
2018-03-12,333500,335500,331500,333000,46267
2018-03-13,330500,333000,324000,326000,59700
2018-03-14,325500,328500,322500,327500,41851
2018-03-15,329000,341000,327500,340500,75840
2018-03-16,341500,341500,335500,340000,46212
2018-03-19,340000,340000,331500,333000,31926
2018-03-20,329500,337000,329500,333500,20121
2018-03-21,331500,334000,327000,329000,42238
2018-03-22,329000,334500,328500,332500,23019
2018-03-23,325000,327000,321500,322500,40986
2018-03-26,322500,324500,319500,323000,32691
2018-03-27,324000,329000,323500,326000,22357
2018-03-28,323500,324500,319000,320000,34177
2018-03-29,319000,322000,319000,320000,47001
2018-03-30,322500,323000,320000,321500,47357
2018-04-02,322500,332000,322000,329500,84037
2018-04-03,328500,338500,326000,337000,151899
2018-04-04,339500,339500,329500,330500,43400
2018-04-05,333500,336500,323500,324500,56639
2018-04-06,325500,325500,321000,323000,32747
2018-04-09,323000,324000,320500,322500,37322
2018-04-10,322000,322500,319500,320500,57998
2018-04-11,323000,328500,322000,328000,61296
2018-04-12,328000,331000,323500,324500,35085
2018-04-13,324500,327000,321500,326000,50865
2018-04-16,327000,328000,322000,324500,37648
2018-04-17,324500,324500,320500,321500,55091
2018-04-18,323000,324000,320500,322500,62656
2018-04-19,322500,323000,318000,320500,85952
2018-04-20,321000,321500,316000,321500,49933
2018-04-23,322500,333500,322000,332000,103719
2018-04-24,333000,342000,330000,340500,122083
2018-04-25,339500,343500,336000,340000,72085
2018-04-26,340500,340500,332000,332000,53493
2018-04-27,332500,337000,332500,334500,29775
2018-04-30,337500,343000,335000,343000,59988
2018-05-02,343000,346500,340000,345000,53713
2018-05-03,341000,345000,340500,341000,26479
2018-05-04,337500,345500,334000,342500,45939
2018-05-08,344000,346000,340500,342500,35023
2018-05-09,342000,345000,334000,342000,52400
2018-05-10,340500,363500,338500,359500,188281
2018-05-11,355000,359000,348000,356500,83624
2018-05-14,356500,360000,353000,359500,61934
2018-05-15,357500,359000,351000,351500,42789
2018-05-16,352500,357500,352000,354500,37912
2018-05-17,354000,356000,350000,350500,29450
2018-05-18,350500,353500,344500,347500,44120
2018-05-21,348000,350000,344500,346500,30297
2018-05-23,344500,348000,342000,345000,22133
2018-05-24,347000,348000,340000,342500,36695
2018-05-25,343000,344000,336500,337000,36410
2018-05-28,338500,345500,337000,343000,38634
2018-05-29,343500,351000,340500,346500,44936
2018-05-30,344000,349000,339500,340500,43429
2018-05-31,345500,353000,342000,350500,71161
2018-06-01,350500,358000,350000,355500,64736
2018-06-04,356000,360000,352500,357500,57517
2018-06-05,357500,366000,352500,364000,71081
2018-06-07,364000,382000,364000,379000,164708
2018-06-08,378500,380000,372500,372500,41098
2018-06-11,374000,383000,371500,380500,76552
2018-06-12,380000,382500,377500,381500,46533
2018-06-14,377500,381500,372000,372000,89740
2018-06-15,373000,376000,365000,368000,63863
2018-06-18,370000,371500,356000,359000,59873
2018-06-19,358000,361500,351500,353000,38199
2018-06-20,350500,356000,348500,349500,42794
2018-06-21,349500,359000,349000,350000,32010
2018-06-22,346000,350500,343500,350500,45468
2018-06-25,349000,355500,346000,355000,39810
2018-06-26,355000,356000,346500,352000,36642
2018-06-27,348000,351000,346500,347500,28165
2018-06-28,349500,357500,349000,350500,31518
2018-06-29,353000,354000,347000,352500,25873
2018-07-02,349500,354000,347000,347500,24001
2018-07-03,354000,354000,334500,339000,50961
2018-07-04,340500,342000,333500,335500,25370
2018-07-05,335500,337500,326000,330500,33751
2018-07-06,329000,341500,329000,339500,40595
2018-07-09,338500,342000,331500,335500,22675
2018-07-10,337000,342500,335500,336500,25120
2018-07-11,332000,339000,330000,338500,26655
2018-07-12,340000,341500,336000,336000,30265
2018-07-13,338500,345500,338000,342000,22276
2018-07-16,340000,342000,330500,331500,53933
2018-07-17,331500,337000,331500,333000,23263
2018-07-18,333500,334000,329500,330000,21706
2018-07-19,333000,334500,321500,323000,36685
2018-07-20,323000,331500,323000,329500,35588
2018-07-23,328000,334500,326500,332000,25065
2018-07-24,333500,337000,332500,335000,26832
2018-07-25,337000,337000,333000,335000,22805
2018-07-26,337500,338500,332500,334000,25858
2018-07-27,336500,336500,331500,334500,17499
2018-07-30,333000,337000,332000,334500,17031
2018-07-31,334500,339500,334500,338000,27265
2018-08-01,339500,343500,337500,342500,33469
2018-08-02,341500,344000,339000,339500,26354
2018-08-03,340000,348000,336000,344000,37388
2018-08-06,342500,348000,342500,347000,18771
2018-08-07,344000,346500,340500,343500,24760
2018-08-08,342500,344000,338000,339500,21663
2018-08-09,344500,345000,338000,341500,40712
2018-08-10,343500,354500,343500,354000,67825
2018-08-13,353000,353500,344000,349000,32763
2018-08-14,348000,348000,342000,344500,30608
2018-08-16,341000,342000,333500,339500,30912
2018-08-17,339500,342500,335500,340500,17403
2018-08-20,343500,344500,334500,337000,28499
2018-08-21,335000,339000,333500,337000,23772
2018-08-22,337000,339000,335000,337500,21903
2018-08-23,339000,340000,335500,337500,20326
2018-08-24,339000,341000,337000,338500,22804
2018-08-27,340000,341500,337000,341000,24318
2018-08-28,342000,349500,340000,349000,34676
2018-08-29,348500,348500,342500,343000,23094
2018-08-30,344000,345500,338000,339500,25832
2018-08-31,339500,342500,335500,342500,29981
2018-09-03,341000,345000,338000,345000,19546
2018-09-04,345000,345000,337000,337000,35976
2018-09-05,335500,339500,333500,334000,25376
2018-09-06,334000,336500,332500,332500,16078
2018-09-07,336000,337500,330000,332500,23742
2018-09-10,330500,335000,330500,333500,20109
2018-09-11,333500,333500,326500,328000,34536
2018-09-12,330000,330500,322000,326500,54390
2018-09-13,328500,334000,326000,332000,51720
2018-09-14,332000,334500,327000,327500,38632
2018-09-17,327500,329000,324000,327500,26778
2018-09-18,325500,328000,324000,325500,31388
2018-09-19,325000,328000,324500,325500,27112
2018-09-20,324500,330000,324500,328000,25201
2018-09-21,332000,332000,328500,331000,39426
2018-09-27,333000,335000,328500,330500,39353
2018-09-28,332000,334000,329500,333500,35012
2018-10-01,331500,333500,330000,331500,21988
2018-10-02,330500,335000,328500,329000,35016
2018-10-04,330500,332000,325500,327000,36508
2018-10-05,328500,328500,324000,327000,28022
2018-10-08,328500,331000,327000,330000,30401
2018-10-10,330500,331500,323500,325000,57580
2018-10-11,315500,321500,308000,312000,64661
2018-10-12,315000,322500,308000,317500,40087
2018-10-15,317500,325000,313500,322000,26163
2018-10-16,323500,333000,323000,331500,40204
2018-10-17,334500,334500,330000,333000,24978
2018-10-18,331000,335500,330500,333000,14690
2018-10-19,329000,338000,328500,335500,34261
2018-10-22,332500,342500,332500,341500,34054
2018-10-23,338000,341500,334000,335500,25557
2018-10-24,340000,343000,334500,343000,45707
2018-10-25,340000,340500,331000,338500,31961
2018-10-26,335000,339500,328000,333000,32672
2018-10-29,330000,341000,330000,335500,51524
2018-10-30,335000,338500,323000,327500,34096
2018-10-31,325000,329500,320000,324000,49161
2018-11-01,322000,325500,318000,318000,43440
2018-11-02,318000,328000,318000,326500,28573
2018-11-05,324500,326000,320500,326000,16120
2018-11-06,328500,330000,325500,330000,21813
2018-11-07,329000,341000,329000,335000,50127
2018-11-08,338000,341000,333000,333000,31964
2018-11-09,334000,344000,334000,343000,57026
2018-11-12,341000,347500,339000,347000,40139
2018-11-13,344500,347500,339500,347000,32283
2018-11-14,344500,346000,340000,341500,22503
2018-11-15,339000,362500,338000,361500,82231
2018-11-16,362000,364500,349500,351000,61807
2018-11-19,352000,354500,348000,352500,28434
2018-11-20,350000,355000,345500,347500,31297
2018-11-21,345000,353500,341000,352000,32750
2018-11-22,350000,352000,344500,347000,27463
2018-11-23,346500,349500,340500,347000,31417
2018-11-26,347000,350500,343500,344500,36682
2018-11-27,344500,347500,339000,341000,33125
2018-11-28,341000,342500,336500,341500,24091
2018-11-29,344500,346000,338500,342000,29405
2018-11-30,342000,342000,334000,336000,52423
2018-12-03,339000,340500,334000,336000,27966
2018-12-04,337000,341000,336000,340000,23286
2018-12-05,338000,348000,336500,345000,44483
2018-12-06,348000,348000,340000,343000,28424
2018-12-07,343500,344500,337500,340500,31348
2018-12-10,336000,352500,336000,349000,63002
2018-12-11,347000,351000,346000,348000,33982
2018-12-12,350000,351000,346500,350500,28963
2018-12-13,350500,351000,347500,351000,49270
2018-12-14,351000,351000,344000,347000,19788
2018-12-17,349000,355000,343000,345000,29854
2018-12-18,345000,350000,339000,342500,29422
2018-12-19,342500,346000,338500,341500,31093
2018-12-20,341000,341000,329000,335500,38793
2018-12-21,338500,339000,330000,332500,57708
2018-12-24,334000,334500,330500,333000,23168
2018-12-26,329500,332000,325000,326000,25311
2018-12-27,328000,330000,324500,325500,25354
2018-12-28,324500,335000,324500,330500,33651
2019-01-02,330500,334500,326500,331000,36351
2019-01-03,331500,331500,326000,328000,22538
2019-01-04,329500,345000,326500,342000,51429
2019-01-07,342000,343500,338000,340500,21483
2019-01-08,342000,342000,333500,335500,20033
2019-01-09,337000,339500,333500,337500,23993
2019-01-10,337000,342500,337000,337000,21544
2019-01-11,337500,340000,333000,334500,36435
2019-01-14,335000,347000,334000,343000,53863
2019-01-15,343000,344000,338000,338500,26389
2019-01-16,338000,340500,336000,338000,27367
2019-01-17,338000,341500,337000,340500,24607
2019-01-18,340500,341500,336000,341500,24459
2019-01-21,342500,342500,339500,341500,19186
2019-01-22,339500,341500,336500,340000,23884
2019-01-23,340000,341500,338500,339500,25336
2019-01-24,338000,342000,336000,338500,25064
2019-01-25,336000,340000,335000,335500,35318
2019-01-28,335500,336500,332000,333000,41393
2019-01-29,333500,335500,331500,333500,18657
2019-01-30,335500,335500,330000,333500,36757
2019-01-31,335000,344000,330500,342500,72702
2019-02-01,342000,343000,335000,335000,42812
2019-02-07,337000,341000,335000,340000,29909
2019-02-08,340000,340500,336500,340000,24380
2019-02-11,340000,340500,336500,338000,19458
2019-02-12,339500,340000,331500,332000,44392
2019-02-13,333000,335000,331000,333500,30438
2019-02-14,332500,339500,331000,339500,41054
2019-02-15,339500,341000,333000,336500,31378
2019-02-18,340000,340000,334000,335500,36448
2019-02-20,334000,335500,333000,335000,49013
2019-02-21,334500,334500,332000,332500,28239
2019-02-22,333500,334500,330000,331500,36421
2019-02-25,331500,333000,329000,330500,42795
2019-02-26,332500,332500,327500,328000,43403
2019-02-27,329000,330000,320500,323500,120238
2019-02-28,324000,325000,321000,322000,74343
2019-03-04,323000,325000,320500,321500,51229
2019-03-05,321500,322000,319000,321000,47184
2019-03-06,322000,326000,321000,325000,48242
2019-03-07,326500,326500,319500,321000,48150
2019-03-08,322500,324500,320000,322500,42713
2019-03-11,324500,328500,322500,328500,46010
2019-03-12,329000,329000,324500,326500,35549
2019-03-13,325000,327500,323000,327000,20624
2019-03-14,328000,328500,325000,327000,32776
2019-03-15,326000,329500,325500,329000,63650
2019-03-18,329000,331000,329000,331000,29512
2019-03-19,331000,333000,329500,333000,30670
2019-03-20,332000,333000,328000,330000,18275
2019-03-21,330000,331000,326500,328000,22790
2019-03-22,326000,327500,324500,326000,26490
2019-03-25,322000,324000,320000,321000,24882
2019-03-26,324000,327500,321500,324500,27200
2019-03-27,326000,328000,324500,327500,30000
2019-03-28,325000,327000,321000,322000,23688
2019-03-29,322500,325000,320000,323000,29480
2019-04-01,326500,328500,324000,324500,27146
2019-04-02,324500,327500,323500,326000,22763
2019-04-03,323500,327500,323500,326000,28687
2019-04-04,326000,326500,323500,325000,23028
2019-04-05,325000,325000,322500,322500,19792
2019-04-08,324500,330000,324500,328500,33894
2019-04-09,328000,330000,326500,329000,23311
2019-04-10,326500,330500,326500,329500,23699
2019-04-11,329500,331000,323000,324500,51075
2019-04-12,324000,327500,324000,326500,25974
2019-04-15,325500,327000,324000,325500,29726
2019-04-16,327000,328500,323500,324500,29213
2019-04-17,324500,324500,320000,320500,60390
2019-04-18,323000,323000,315500,318000,65358
2019-04-19,318000,318500,314000,315500,49442
2019-04-22,316000,317500,313500,316000,33428
2019-04-23,318000,319000,315000,317500,27293
2019-04-24,318500,318500,314000,317000,35384
2019-04-25,317000,317500,313000,314000,27940
2019-04-26,315000,316500,312000,315500,26967
2019-04-29,315000,317500,314000,317500,20910
2019-04-30,318000,318000,313500,315000,18087
2019-05-02,313000,315500,312500,314000,20497
2019-05-03,313500,313500,309500,309500,37968
2019-05-07,309000,312000,308000,312000,25772
2019-05-08,309000,313000,309000,310500,22794
2019-05-09,310000,313000,306000,306000,38992
2019-05-10,308500,308500,299000,300000,48574
2019-05-13,299000,300500,297500,298500,28126
2019-05-14,295500,295500,286500,288500,109064
2019-05-15,291000,291000,284000,285500,75120
2019-05-16,286500,288500,285000,286500,45620
2019-05-17,286500,288000,279500,280000,51179
2019-05-20,280000,285500,279500,283000,28261
2019-05-21,283500,285500,282000,283500,21153
2019-05-22,284000,286500,278000,278000,34044
2019-05-23,278500,285000,276000,285000,31896
2019-05-24,284500,285500,278000,279500,26185
2019-05-27,279500,280500,273500,276500,29389
2019-05-28,279000,286500,277500,284500,67332
2019-05-29,285500,286500,279000,282500,19861
2019-05-30,282000,282000,277000,279000,32453
2019-04-19,318000,318500,314000,315500,49442
2019-06-03,280500,282000,278000,280000,23101
2019-06-04,282000,285500,279500,282000,20942
2019-06-05,282500,284000,280000,282000,17866
2019-06-07,281500,282500,278500,280000,21458
2019-06-10,281500,285500,280000,285000,22772
2019-06-11,284000,285500,282500,284000,22826
2019-06-12,286000,286000,283500,285000,22023
2019-06-13,286000,288000,281000,288000,39712
2019-06-14,286000,294000,283000,294000,50829
2019-06-17,294000,294000,288500,289000,29117
2019-06-18,289500,295500,289500,295500,32169
2019-06-19,295000,299500,292500,297500,36179
2019-06-20,296000,298500,296000,298000,26386
2019-06-21,296500,301500,296000,301500,37798
2019-06-24,302000,302000,297500,300500,73162
2019-06-25,301000,302500,298000,301500,30310
2019-06-26,299500,300000,297000,297000,22918
2019-06-27,296000,300000,295500,298000,25794
2019-06-28,298500,298500,293500,297000,32758
2019-07-01,298500,299500,294500,298000,18540
2019-07-02,295500,296000,292000,292500,24991
2019-07-03,295000,296000,293000,294500,18668
2019-07-04,296000,296000,289000,294000,17681
2019-07-05,294500,296500,291000,294000,13809
2019-07-08,294500,294500,288000,289000,19281
2019-07-09,287500,291500,284000,284000,23273
2019-07-10,284500,287000,283000,283000,11696
2019-07-11,283500,288000,283000,285000,24287
2019-07-12,284500,292500,283000,291000,20975
2019-07-15,288500,290000,286000,286000,20422
2019-07-16,286500,289500,281000,283500,25092
2019-07-17,283000,283500,279500,282000,18368
2019-07-18,281000,286000,280000,284000,18264
2019-07-19,284500,288000,283000,284500,18480
2019-07-22,283500,285500,282500,282500,11022
2019-07-23,282500,288500,282000,287500,17025
2019-07-24,286500,287500,283500,285000,15823
2019-07-25,283500,290500,282500,290000,37271
2019-07-26,288500,290000,282500,283000,26530
2019-07-29,280000,287000,278500,279500,18924
2019-07-30,282500,283500,279000,282000,15672
2019-07-31,284000,285500,280500,285000,21059
2019-08-01,283000,288000,280000,286500,19870
2019-08-02,282500,286000,280500,281500,18925
2019-08-05,280000,280500,267500,271500,43387
2019-08-06,264000,273000,260000,269500,35975
2019-08-07,267500,272000,265500,266000,23274
2019-08-08,271000,277000,264000,272000,38716
2019-08-09,268000,268500,247000,248000,226654
2019-08-12,248500,249500,241000,242500,75526
2019-08-13,241000,241000,232500,235500,89398
2019-08-14,237000,241500,234500,234500,56356
2019-08-16,232000,233500,227000,229500,68668
2019-08-19,229500,232500,229000,230500,43206
2019-08-20,231000,234000,229000,234000,34301
2019-08-21,234000,234000,230000,230000,48694
2019-08-22,230500,232500,229500,231500,54690
2019-08-23,229500,230500,228500,229500,33445
2019-08-26,226000,226000,223000,225000,37768
2019-08-27,225500,226000,221500,223000,61012
2019-08-28,223500,223500,219000,221500,43093
2019-08-29,222000,224500,222000,222500,28891
2019-08-30,224500,229500,224500,228500,40163
2019-09-02,226000,228000,225000,226000,34148
2019-09-03,224500,227000,223000,224500,55037
2019-09-04,224500,227500,223500,226500,43014
2019-09-05,226500,230000,225500,229500,60916
2019-09-06,229500,231000,226500,227500,32286
2019-09-09,227000,229500,226500,227000,27670
2019-09-10,226500,231500,226000,230000,42900
2019-09-11,231000,236500,230000,234000,90165
2019-09-16,235500,243000,235000,242000,66045
2019-09-17,242000,242500,239000,239500,32294
2019-09-18,240000,246500,239000,246000,53505
2019-09-19,245000,245500,236500,237500,60535
2019-09-20,238000,238500,233500,234000,70675
2019-09-23,234500,237000,234000,234500,28693
2019-09-24,233500,237500,233500,236500,33048
2019-09-25,238000,241000,236000,236000,32976
2019-09-26,236000,240000,234500,236500,23936
2019-09-27,238000,238000,232000,234000,17984
2019-09-30,234000,235000,231500,234500,16739
2019-10-01,232500,234000,228500,231500,51391
2019-10-02,230000,230500,219500,221000,90728
2019-10-04,220000,221500,213000,214500,84798
2019-10-07,214000,219000,213000,214000,62659
2019-10-08,213000,218500,213000,216500,35798
2019-10-10,216000,216500,211500,212000,80867
2019-10-11,214000,217000,214000,217000,39385
2019-10-14,218500,222000,218000,219000,30818
2019-10-15,219000,224500,218500,222000,44357
2019-10-16,222000,226000,221500,223000,43551
2019-10-17,224500,227500,222500,223500,34165
2019-10-18,225500,226000,222000,223000,46498
2019-10-21,226000,230000,223500,229000,39310
2019-10-22,229500,231500,228500,230500,35484
2019-10-23,226000,229000,225000,228000,35254
2019-10-24,225000,229000,224500,228500,22164
2019-10-25,226500,229000,224500,228500,24088
2019-10-28,230000,232000,229000,230500,28648
2019-10-29,231000,231500,226000,226500,25135
2019-10-30,230000,230500,226500,226500,27871
2019-10-31,226500,230500,226500,228500,24426
2019-11-01,227000,231000,227000,230500,24268
2019-11-04,230500,240000,230500,239000,85481
2019-11-05,239000,246500,237000,245500,78413
2019-11-06,245000,245500,241500,243500,51049
2019-11-07,244000,250000,243000,248500,66309
2019-11-08,247000,248000,242000,244500,40097
2019-11-11,244000,244000,237500,238000,36091
2019-11-12,245000,258500,245000,256000,151898
2019-11-13,255000,256000,251500,254000,52766
2019-11-14,254500,256000,245500,246000,66554
2019-11-15,247500,251500,246000,249500,37875
2019-11-18,253000,254500,248500,250500,45239
2019-11-19,250000,250500,246000,249500,23380
2019-11-20,247500,249500,245000,248000,29168
2019-11-21,248500,252000,245500,246500,33270
2019-11-22,243500,249500,243500,248000,17071
2019-11-25,246500,250000,246500,250000,15569
2019-11-26,250000,250500,243500,243500,58966
2019-11-27,245500,250500,245000,250000,26679
2019-11-28,247500,250000,245500,249000,16238
2019-11-29,251000,251500,246500,248000,24431
2019-12-02,250000,250000,246000,246500,15768
2019-12-03,247500,247500,241500,245500,18475
2019-12-04,244000,244500,238000,238500,32177
2019-12-05,238500,241000,237500,239000,24323
2019-12-06,238500,243000,238000,241000,15469
2019-12-09,243000,243000,239000,239500,24462
2019-12-10,239000,255000,239000,253500,94999
2019-12-11,253500,254000,248500,252000,24453
2019-12-12,253500,254000,251500,252000,47410
2019-12-13,252500,257000,252500,254000,29909
2019-12-16,254500,254500,247500,248000,49511
2019-12-17,246500,251000,246000,249000,22899
2019-12-18,248000,250500,240500,242000,58139
2019-12-19,244000,244000,237500,241000,69492
2019-12-20,242500,244000,240500,241500,90727
2019-12-23,244000,244500,240000,243500,33748
2019-12-24,245500,245500,241500,242000,17060
2019-12-26,244000,245000,241500,243000,32651
2019-12-27,246000,251500,241000,250000,50065
2019-12-30,252500,254500,250000,252500,31019
